,Unnamed: 0.1,Unnamed: 0,position,title,source,link,thumbnail,thumbnail_small,date,text
0,0.0,0.0,1,"‘Doomsday Scenario’—Bitcoin Suddenly Drops Under $100,000 As Crypto Price Crash Fears Hit Ethereum And XRP","{'name': 'Forbes', 'icon': 'https://encrypted-tbn2.gstatic.com/faviconV2?url=https://www.forbes.com&client=NEWS_360&size=96&type=FAVICON&fallback_opts=TYPE,SIZE,URL', 'authors': ['Billy Bambrough']}",https://www.forbes.com/sites/digital-assets/2025/06/22/doomsday-scenario-bitcoin-suddenly-drops-under-100000-as-crypto-price-crash-fears-hit-ethereum-and-xrp/,https://imageio.forbes.com/specials-images/imageserve/6858119c9a944baab26b9a41/bitcoin--bitcoin-price--crypto--ethereum--XRP--XRP-price--ethereum-price--Iran-/960x0.jpg?height=473&width=711&fit=bounds,https://news.google.com/api/attachments/CC8iK0NnNXpYMFV4YmpkU1dETlZYM1ZrVFJERUF4aW1CU2dLTWdZQllvd3VMUWs,"06/22/2025, 02:22 PM, +0000 UTC","ByBilly Bambrough

ByBilly Bambrough,
 Senior Contributor. 
Bitcoin has plummeted sharply amid fears U.S involvement in the Israel-Iran conflict could escalate into a wider regional war (adding to volatility expected from an imminent Federal Reserve earthquake).
Front-run Donald Trump, the White House and Wall Street by subscribing now to Forbes’ CryptoAsset & Blockchain Advisor where you can ""uncover blockchain blockbusters poised for 1,000% plus gains!""
The bitcoin price, after shrugging off the initial exchange of fire between Israel and Iran, has crashed under $100,000 per bitcoin despite U.S. president Donald Trump confirming a ""massive"" game-changer this week. Ethereum, XRP and other major cryptocurrencies have also plummeted, wiping $250 billion from the combined market in just 24 hours.
Now, with bitcoin and crypto braced for “trillions” to hit the market, a ""doomsday scenario"" is expected to weigh on the bitcoin price as Iran’s parliament has reportedly voted to approve the closure of the strategic Strait of Hormuz—crucial for the global oil supply.
Sign up now for the free CryptoCodex—A daily five-minute newsletter for traders, investors and the crypto-curious that will get you up to date and keep you ahead of the bitcoin and crypto market bull run
Iran’s top security body, the Supreme National Security Council, is expected to decide on Hormuz closure after parliament approval, it was reported by France24, citing Press TV.
Iran lawmaker and Revolutionary Guards commander Esmail Kosari reportedly told the Young Journalist Club that closing the oil route is on the agenda and “will be done whenever necessary.”
“Spooked energy markets, fearing further escalation, are apt to respond to the U.S. strikes with a sharp jump in crude prices,” Reuters analyst Ron Bousso wrote. “But even in a doomsday scenario where the Strait of Hormuz is blocked, history suggests markets should not expect any supply shock to be persistent.”
Sign up now for CryptoCodex—A free, daily newsletter for the crypto-curious
Earlier this week, analysts warned that the rising risk of Iran closing the key global oil market passage, which moves 20% of the world’s oil, could spark a fresh round of bitcoin price and crypto volatility.
It’s a “big risk to watch out for,” Tracy Jin, the chief operating officer of crypto exchange MEXC, said in emailed comments.
“[The bitcoin price] future largely depends on developments in the Middle East,” Alex Kuptsikevich, FxPro chief market analyst, said in emailed comments ahead of the U.S. bombing of Iran.
“Escalation in the form of other countries getting involved and Iran blocking the Strait of Hormuz could lead to a further deterioration in global risk appetite and a rollback of [bitcoin’s] upward trend.""
"
1,1.0,1.0,2,Bitcoin Plunges Below $100K as XRP and Dogecoin Prices Hit 2-Month Lows,"{'name': 'Decrypt', 'icon': 'https://encrypted-tbn1.gstatic.com/faviconV2?url=https://decrypt.co&client=NEWS_360&size=96&type=FAVICON&fallback_opts=TYPE,SIZE,URL', 'authors': ['Andrew Hayward']}",https://decrypt.co/326405/bitcoin-plunges-below-100k-xrp-dogecoin,https://cdn.decrypt.co/resize/1024/height/512/wp-content/uploads/2025/05/bitcoin-down-decrypt-style-gID_7.png,https://news.google.com/api/attachments/CC8iL0NnNVZOV3RsYm1SS01FTjBlVlZ5VFJDSEF4aVBCaWdLTWdrQkFJeXVzZVhJQVFN,"06/22/2025, 02:32 PM, +0000 UTC","Bitcoin Plunges Below $100K as XRP and Dogecoin Prices Hit 2-Month Lows
$99,629.00
$2,194.00
$1.98
$610.39
$130.84
$0.9998
$0.264253
$0.1499
$2,192.57
$0.534164
$99,454.00
$34.06
$2,645.50
$452.04
$8.98
$2.41
$11.50
$0.999761
$0.22467
$48.03
$16.25
$2.71
$0.997902
$0.00001044
$79.10
$2,194.17
$2,349.10
$1.00
$0.130885
$297.99
$3.19
$3.98
$99,738.00
$6.17
$0.00000874
$0.484957
$221.87
$1.18
$49.42
$1.00
$302.12
$1.056
$0.079883
$3.85
$4.50
$158.36
$15.01
$1.86
$0.997431
$27.30
$0.65066
$0.585216
$4.45
$15.66
$8.56
$3.70
$99,422.00
$0.062022
$0.01895142
$0.16943
$0.07057
$0.996985
$0.567653
$0.999879
$4.14
$2.72
$0.231396
$2.07
$0.999083
$0.157027
$10.77
$2,189.84
$0.263077
$0.797621
$88.95
$138.02
$1.092
$0.196435
$0.01560151
$2,498.39
$0.173887
$2,297.06
$1.00
$1.001
$0.338038
$1.033
$0.99942
$1.38
$0.00001203
$9.29
$0.055711
$3,443.30
$0.871446
$1.32
$99,361.00
$3,420.57
$0.546251
$0.478354
$609.73
$2,346.16
$2,302.35
$0.253633
$99,509.00
$2.74
$1.11
$99,994.00
$2,305.78
$0.465975
$0.072362
$111.51
$0.51947
$1.98
$0.997544
$0.666131
$0.355386
$146.28
$0.01005188
$170.43
$1.99
$1.093
$0.750188
$2,372.19
$37.68
$0.997469
$0.00006227
$0.588882
$29.27
$0.646547
$99,281.00
$16.90
$0.227925
$0.144289
$0.20962
$0.00000056
$1.83
$0.01198763
$0.999718
$3.21
$99,352.00
$0.01073113
$0.488046
$0.00803473
$0.376596
$34.14
$0.998595
$0.484266
$2,193.94
$1.81
$99,564.00
$2,195.38
$0.084454
$0.299613
$2,346.05
$2,293.97
$2,195.16
$0.232089
$0.551635
$7.70
$0.01292457
$0.404552
$0.060996
$0.999799
$0.403873
$1.23
$1.00
$1.00
$44.58
$1.091
$0.993998
$2.18
$34.13
$0.0000004
$0.998219
$0.387865
$0.149949
$0.168241
$2,192.89
$4.95
$0.0000175
$0.03514755
$1.13
$0.431045
$0.467456
$11.89
$2,330.07
$0.099221
$2.01
$0.328623
$0.063334
$0.01664812
$0.00349743
$1.12
$0.03230532
$0.318069
$0.00544497
$19.23
$0.999692
$0.999043
$0.997865
$0.263835
$0.826267
$99,353.00
$0.998705
$0.999872
$0.03174272
$2,419.24
$98,907.00
$4.66
$0.03059475
$0.116422
$0.00347006
$1.24
$2,403.84
$2,196.75
$142.43
$0.00005164
$0.00000072
$9.53
$0.998435
$0.666349
$1.71
$0.00275763
$0.00000135
$0.10948
$1.016
$99,531.00
$0.407037
$2,192.52
$99.88
$0.00308839
$0.947491
$16.25
$2,000.54
$96,093.00
$0.545918
$0.053551
$0.169606
$0.248322
$0.999609
$97,010.00
$0.00443658
$5.47
$0.16244
$0.450842
$1.19
$13.33
$0.01462921
$18.15
Crypto prices continued to crater Sunday morning, with Bitcoin dropping below $100,000 mark, Ethereum plunging 10% on the day, and assets like Solana, XRP, and Dogecoin falling to multi-month lows.
The downward shifts came after the United States entered the conflict between Israel and Iran, with President Donald Trump announcing late Saturday that U.S. forces bombed three Iranian nuclear facilities in an attack dubbed Operation Midnight Hammer.
The move threatens to further inflame tensions in the Middle East, following recent back-and-forth attacks between Israel and Iran. Much like those attacks, the salvo from the United States is impacting financial markets as well.
Bitcoin is currently down more than 3% on the day at a price of $99,843. That's the lowest price marked for the leading cryptocurrency since early May, per data from CoinGecko.
Ethereum has taken a much harder hit on the day, falling more than 10% to a current price of $2,171. Like Bitcoin, it's the lowest mark seen for ETH since early May, paring back some of the sizable gains that the coin put up last month.
Major altcoins like XRP, Solana, and Dogecoin haven't fallen as hard as ETH on the day, but their historical impact is more pronounced, with all three showing low prices not seen in two months. XRP is currently priced at $1.95, while Solana comes in at $127 and Dogecoin is at $0.147.
Liquidations have only accelerated across the crypto market, with CoinGlass showing $949 million worth of ""rekt"" positions over the last 24 hours. Ethereum is leading the way there with about $369 million worth, followed by Bitcoin at $242 million.
The vast majority of the liquidations are longs—or bets that an asset's price will go up—at $849 million worth.
Users of prediction market Myriad have become increasingly bearish on Bitcoin's price prospects amid the chaos. Asked whether BTC is more likely to jump to $115,000 (a new all-time high) next or plunge below $95,000, users give the latter option a nearly 65% chance as of this writing.
Just Friday morning, Myriad users were banking on the $115,000 move.
(Disclosure: Myriad is a product of Decrypt's parent company, DASTAN.)
Your gateway into the world of Web3
The latest news, articles, and resources, sent to your inbox weekly.
© A next-generation media company. 2025 Decrypt Media, Inc.
"
2,2.0,2.0,3,"Bitcoin Price Slips Below $100K, Hinting Oil-Led Risk-Off on Wall Street","{'name': 'CoinDesk', 'icon': 'https://encrypted-tbn0.gstatic.com/faviconV2?url=https://www.coindesk.com&client=NEWS_360&size=96&type=FAVICON&fallback_opts=TYPE,SIZE,URL', 'authors': ['omkar godbole']}",https://www.coindesk.com/markets/2025/06/22/bitcoin-slips-below-usd100k-hinting-oil-led-risk-off-on-wall-street,https://www.coindesk.com/_next/image?url=https%3A%2F%2Fcdn.sanity.io%2Fimages%2Fs3y3vcno%2Fproduction%2F121c0c8f28905ac062a296e9671eef2aa0a76589-2869x1231.png%3Fauto%3Dformat&w=3840&q=75,https://news.google.com/api/attachments/CC8iK0NnNVlORE5uVldwVlEzZE5Ua3hJVFJEckFoak9CaWdLTWdhQkFwak1HUXc,"06/22/2025, 02:43 PM, +0000 UTC","Bitcoin BTC$99,658.31 fell below $100,000 on Sunday, its lowest point since May, signalling risk aversion on Wall Street on Monday amid reports that Iran is leaning towards blocking the Strait of Hormuz.
The Strait, located between Oman and Iran, connects the Persian Gulf with the Gulf of Oman and the Arabian Sea, handling roughly 20% of the global oil trade.
Reports of Iranian politicians mulling the closure of the Strait had observers worried about a significant spike in oil prices early Monday.
""After US strikes on Iran last night, 50+ large oil tankers were scrambling to leave the Strait of Hormuz. Markets have been closed, but an immediate drop in supply is expected to send prices higher. JP Morgan described this as their worst-case scenario in the Israel-Iran war,"" The Kobeissi Letter said on X.
According to JPMorgan, oil could surge to $120-$130 per barrel in that scenario. That could potentially lift the U.S. inflation rate to 5%, the highest since March 2023. At the time, the Federal Reserve was raising interest rates.
The losses in BTC weighed heavily over the broader crypto market, as usual, dragging major altcoins such as XRP, SOL, and ETH lower. The payments-focused XRP slipped 6% to $1.935, the lowest since April 10. Ethereum's ether token slipped to levels seen in early May, according to CoinDesk data.
Omkar Godbole is a Co-Managing Editor on CoinDesk's Markets team based in Mumbai, holds a masters degree in Finance and a Chartered Market Technician (CMT) member.  Omkar previously worked at FXStreet, writing research on currency markets and as fundamental analyst at currency and commodities desk at Mumbai-based brokerage houses. Omkar holds small amounts of bitcoin, ether, BitTorrent, tron and dot.
About
Contact
"
3,3.0,3.0,4,"Bitcoin plummets below $100,000 after U.S. strikes Iran nuclear sites","{'name': 'Fortune', 'icon': 'https://encrypted-tbn3.gstatic.com/faviconV2?url=https://fortune.com&client=NEWS_360&size=96&type=FAVICON&fallback_opts=TYPE,SIZE,URL', 'authors': ['Benjamin Weiss']}",https://fortune.com/crypto/2025/06/22/bitcoin-ethereum-iran-donald-trump-strikes-nuclear-sites/,https://fortune.com/img-assets/wp-content/uploads/2025/06/GettyImages-2220648411-e1750607622411.jpg?w=1440&q=90,https://news.google.com/api/attachments/CC8iMkNnNVhlazlGUVU0NE5HMW9jV0pGVFJERUF4aW1CU2dLTWdzQm9KQ3R1U2JvenJrRGJB,"06/22/2025, 04:08 PM, +0000 UTC","Ben Weiss is a crypto reporter at Fortune.
The world’s largest cryptocurrency on Sunday dipped below $100,000 for the first time in over a month following U.S. airstrikes on Iran.
Bitcoin dropped 4% over the past 24 hours to about $99,300, according to data from Binance. Ether, the second largest cryptocurrency by market capitalization, had an even starker decline, shedding almost 10%. The total crypto market has tanked about 7% over the past day.




The selloff happened just hours after the U.S. bombed three key nuclear sites in Iran on Saturday. 




In mid-June, a United Nations–backed nuclear watchdog said that Iran wasn’t complying with prohibitions against developing a military nuclear program. Israel struck Iran shortly after the watchdog publicized its allegations, and the Islamic Republic retaliated. On Saturday, Trump announced that he had authorized the U.S.’s entrance into the conflict. 




“This is an HISTORIC MOMENT FOR THE UNITED STATES OF AMERICA, ISRAEL, AND THE WORLD. IRAN MUST NOW AGREE TO END THIS WAR. THANK YOU!” Trump posted Saturday night on social media in all capital letters.


Bitcoin’s recent plummet below the psychologically important threshold of $100,000 follows a year of gains for the cryptocurrency. 




After Trump won the 2024 presidential election in November, it soared. Major stock indices like the S&P 500 also jumped, but Bitcoin and the broader crypto market’s gains were especially steep. Investors saw a White House under Trump, who’s described himself as a “pro-crypto” president, as a potential boon for the industry.




Once Trump assumed office in January, Bitcoin soon notched all-time highs above $100,000 in February as the 47th president unveiled executive orders designed to help the crypto industry. Still, the cryptocurrency soon followed the broader financial markets and declined in price. In April, shortly after Trump unveiled a suite of historically severe tariffs, Bitcoin dipped to almost $75,000, its lowest mark in 2025.




Recently, Bitcoin, which usually tracks with tech stocks and the tech-heavy Nasdaq, has rallied. In May, it notched its all-time high as Wall Street investors piled back into the cryptocurrency through U.S. exchange-traded funds, or ETFs. In June, it’s trended lower amid geopolitical instability in the Middle East.

© 2025 Fortune Media IP Limited. All Rights Reserved. Use of this site constitutes acceptance of our Terms of Use and Privacy Policy | CA Notice at Collection and Privacy Notice | Do Not Sell/Share My Personal Information
FORTUNE is a trademark of Fortune Media IP Limited, registered in the U.S. and other countries. FORTUNE may receive compensation for some links to products and services on this website. Offers may be subject to change without notice.
"
4,4.0,4.0,5,Bitcoin (BTC) Price Prediction for June 22,"{'name': 'U.Today', 'icon': 'https://encrypted-tbn2.gstatic.com/faviconV2?url=https://u.today&client=NEWS_360&size=96&type=FAVICON&fallback_opts=TYPE,SIZE,URL', 'authors': ['Denys Serhiichuk']}",https://u.today/bitcoin-btc-price-prediction-for-june-22,https://u.today/sites/default/files/styles/1600x900/public/2025-06/s7695.jpg,https://news.google.com/api/attachments/CC8iK0NnNW5VR0ZhTkd4SVNUTTBWMWRYVFJDZkF4ampCU2dLTWdZbFZZcXNxUVU,"06/22/2025, 02:24 PM, +0000 UTC","Disclaimer: The opinions expressed by our writers are their own and do not represent the views of U.Today. The financial and market information provided on U.Today is intended for informational purposes only. U.Today is not liable for any financial losses incurred while trading cryptocurrencies. Conduct your own research by contacting financial experts before making any investment decisions.  We believe that all content is accurate as of the date of publication, but certain offers mentioned may no longer be available.
Bears are dominating on the last day of the week, according to CoinMarketCap.
The rate of Bitcoin (BTC) has dropped by 1.67% since yesterday. Over the last week, the price has fallen by 3.17%.
On the hourly chart, the price of BTC keeps looking bearish. The rate is on the way to the support of $101,894. If a breakout happens, the accumulated energy might be enough for a move to the $101,000 zone.
On the bigger time frame, the picture is also bearish. If the daily bar closes around the current prices or below, one can expect a test of the vital $100,000 area by the end of the month.
From the midterm point of view, traders should focus on the candle closure in terms of the $100,764 level.

You Might Also Like




 Sat, 06/21/2025 - 13:12 

SHIB Price Prediction for June 21

ByDenys Serhiichuk




If a breakout happens and the bar closes below it with no long wick, there is a chance to witness an ongoing decline to the $99,000 range.
Bitcoin is trading at $101,000 at press time.
Disclaimer: The opinions expressed here are not investment advice; they are provided for informational purposes only. The opinions expressed by our writers are their own and do not represent the views of U.Today. Every investment and all trading involves risk, so you should always perform your own research prior to making decisions. U.Today is not liable for any financial losses incurred while trading cryptocurrencies. We do not recommend investing money you cannot afford to lose.
"
5,5.0,5.0,6,Bitcoin Price Watch: Bitcoin Holds at $102K Following US Airstrikes on Iran,"{'name': 'Bitcoin.com News', 'icon': 'https://encrypted-tbn2.gstatic.com/faviconV2?url=https://news.bitcoin.com&client=NEWS_360&size=96&type=FAVICON&fallback_opts=TYPE,SIZE,URL', 'authors': ['Jamie Redman']}",https://news.bitcoin.com/bitcoin-price-watch-bitcoin-holds-at-102k-following-us-airstrikes-on-iran/,https://static.news.bitcoin.com/wp-content/uploads/2025/06/jjjjj.png,https://news.google.com/api/attachments/CC8iK0NnNTRTVUZhWlVoVGEyUXplbVpKVFJDZkF4ampCU2dLTWdhcFZJaXVJUVE,"06/22/2025, 03:45 PM, +0000 UTC",Bitcoin Price Watch: Bitcoin Holds at $102K Following US Airstrikes on Iran
6,6.0,6.0,7,Bitcoin Price Dips Below $101K After U.S. Airstrike in Iran,"{'name': '99Bitcoins', 'icon': 'https://encrypted-tbn3.gstatic.com/faviconV2?url=https://99bitcoins.com&client=NEWS_360&size=96&type=FAVICON&fallback_opts=TYPE,SIZE,URL', 'authors': ['ISAIAH. MCCALL']}",https://99bitcoins.com/news/bitcoin-btc/bitcoin-price-dips-below-101k-after-u-s-airstrike-in-iran/,https://99bitcoins.com/wp-content/uploads/2025/06/Copy-of-Copy-of-Copy-of-Copy-of-Copy-of-Copy-of-Copy-of-Monochromatic-New-York-City-Lifestyle-Quote-Facebook-Cover-3000-x-1950-px-2025-06-21T211255.715-300x195.jpg,https://news.google.com/api/attachments/CC8iK0NnNTNiRTlHWVhJMFVrRlNTRFZQVFJEREFSaXNBaWdLTWdhcGRKU3RyUWM,"06/22/2025, 10:50 AM, +0000 UTC",Bitcoin Price Dips Below $101K After U.S. Airstrike in Iran
7,7.0,7.0,8,Ethereum whale stacks $39M despite ETH falling harder than Bitcoin,"{'name': 'Cointelegraph', 'icon': 'https://encrypted-tbn1.gstatic.com/faviconV2?url=https://cointelegraph.com&client=NEWS_360&size=96&type=FAVICON&fallback_opts=TYPE,SIZE,URL', 'authors': ['Yashu Gola']}",https://cointelegraph.com/news/ethereum-whale-stacks-39m-eth-despite-ether-falling-harder-than-bitcoin,"https://images.cointelegraph.com/cdn-cgi/image/format=auto,onerror=redirect,quality=90,width=1434/https://s3.cointelegraph.com/uploads/2025-06/0197972c-0245-79c7-8670-797a8ec61f2b",https://news.google.com/api/attachments/CC8iL0NnNTNTbWR6ZERCaGJEVk9aRkJZVFJERUF4aW5CU2dLTWdrQk1JUVBtU3BjVXdF,"06/22/2025, 04:04 PM, +0000 UTC",Ethereum whale stacks $39M despite ETH falling harder than Bitcoin
8,8.0,8.0,9,Bitcoin Price Prediction – Could $BTC Climb to $150K in the Next Crypto Supercycle?,"{'name': 'The Cryptonomist', 'icon': 'https://encrypted-tbn2.gstatic.com/faviconV2?url=https://en.cryptonomist.ch&client=NEWS_360&size=96&type=FAVICON&fallback_opts=TYPE,SIZE,URL'}",https://en.cryptonomist.ch/2025/06/22/bitcoin-price-prediction-could-btc-climb-to-150k-in-the-next-crypto-supercycle/,https://en.cryptonomist.ch/wp-content/uploads/2025/06/bitcoin-price-prediction-6.jpg,https://news.google.com/api/attachments/CC8iL0NnNHhSamxvVm5VMlQxTlRRVlJ3VFJDZkF4ampCU2dLTWdtRmNZREZzbWF4V3dB,"06/22/2025, 01:18 PM, +0000 UTC","Bitcoin (BTC) recently dropped more than 7% this month, with daily charts flashing red. Rising global tensions and sharp price swings now have investors rethinking the long-term path for the world’s top cryptocurrency.
Can Bitcoin push through the current pressure and reach the long-awaited $150,000 to $200,000 target this cycle?
Recent events reveal a mix of factors shaping the market. Even with the price dip, institutional investors keep pouring money into Bitcoin. Headlines like “Bitcoin Price Back to $105K Amid Rising Whale Activity” highlight strong interest from large holders.
Meanwhile, ETFs continue bringing in major capital, raising the question: why hasn’t the price moved up more sharply?
Source – 99Bitcoins YouTube Channel
Summary
As of today, the market shows signs of recovery, bouncing back from earlier dips. However, trading volume has dropped nearly 17%, and the Fear & Greed Index slid from 49 to 43, showing rising fear among investors.
Bitcoin dominance continues to grow, which often signals weakness for altcoins. On the weekly chart, Bitcoin has fallen about 1.3%, and it’s down 0.26% in the past hour, now hovering around $103,000. Ethereum (ETH) has also slipped, trading near $2,400, showing broader weakness in the altcoin market.
Over $250 million in long positions got wiped out recently, triggering sharp drops. Bitcoin briefly fell below $103,000, and Ethereum dipped under $2,400. Ongoing war fears and global tensions continue to shake up prices, yet institutional capital keeps flowing into crypto.
BlackRock has once again bought the dip, showing strong support from big players. In a major step, Texas passed House Bill 4488, signed by Governor Greg Abbott, which protects any future Bitcoin reserves from being absorbed into the state’s general fund—even after the automatic expiration in 2025.
This bold move shows Texas’s commitment to using Bitcoin in its long-term financial plans and reflects growing mainstream support for the asset. This steady stream of institutional and government support helps Bitcoin stay above the key $103,000 level, even as selling pressure remains strong.
Despite current challenges, many in the crypto space stay optimistic and expect a crypto supercycle—a major bull run driven by growing FOMO (Fear of Missing Out).
If that happens, Bitcoin could break past its previous all-time high of around $66,000. Some believe this cycle could send Bitcoin to $150,000 or even $200,000.
This bold target reflects Bitcoin’s strong ability to stay above key levels, especially $100,000, even during recent market stress and global tensions. That kind of strength builds trust and adds stability to the market.
Fueling the bullish outlook further, the Federal Reserve may start cutting interest rates as early as July, based on recent reports. Lower rates usually help fight inflation and boost asset prices—including Bitcoin. This shift could trigger the next big rally for Bitcoin and the wider crypto market.
Solaxy (SOLX), the first Layer 2 built for the Solana blockchain is now on its final stage of presale. With less than 36 hours left before launch, the project has already raised over $56.7 million in its presale, pulling in $700,000 to $1 million per day.
Major centralized exchanges plan to list the token, making Solaxy one of the most hyped Solana-based launches this year.
Solaxy aims to boost Solana’s infrastructure by adding Layer 2 scalability and improving performance, all while keeping Solana’s speed intact.
Are you ready? 🔥In 48 Hours Solaxy goes LIVE. 🛸🪐Get yours now.👇https://t.co/mdaTX9aVVx pic.twitter.com/c7HegeryYz
The team built Solaxy to tackle common issues like network congestion, failed transactions, and scalability limits. Its custom features aim to create smoother user experiences in DeFi, NFTs, and meme coin spaces.
Solaxy’s Layer 2 launch is moving fast, with token claims starting June 23 and the mainnet going live on July 7. Neptoon DEX launches on July 14, followed by the Igniter no-code token launchpad a week later.
Investors also see huge value in Solaxy’s 75% staking reward—one of the highest in the ecosystem. Whether meme coins are the main focus or not, the mix of utility and high-yield staking puts Solaxy among the most talked-about presales this year.
Buying into Solaxy is easy. Investors can use crypto or credit cards through the official website or the Best Wallet app. With the presale wrapping up and exchange listings coming soon, Solaxy could become Solana’s next breakout project.
The team has already burned around 55 billion SOLX—roughly 40% of the total supply—before launch, permanently removing those tokens from circulation.
Visit Solaxy
This article has been provided by one of our commercial partners and does not reflect Cryptonomist’s opinion. Please be aware our commercial partners may use affiliate programs to generate revenues through the links on this article.
Stay updated on all the news about cryptocurrencies and the entire world of blockchain.
Let's tell the future.
The most exclusive news on Bitcoin and cryptocurrencies, trading, fintech, and blockchain.
Stay updated on all the news about cryptocurrencies and the entire world of blockchain.
Desofy LDT Cipro. All rights reserved.
"
9,9.0,9.0,10,"Could Bitcoin Actually Hit $200,000 Before 2026?","{'name': 'The Motley Fool', 'icon': 'https://encrypted-tbn2.gstatic.com/faviconV2?url=https://www.fool.com&client=NEWS_360&size=96&type=FAVICON&fallback_opts=TYPE,SIZE,URL', 'authors': ['Alex Carchidi']}",https://www.fool.com/investing/2025/06/22/could-bitcoin-actually-hit-200k-before-2026/,https://g.foolcdn.com/image/?url=https%3A%2F%2Fg.foolcdn.com%2Feditorial%2Fimages%2F822135%2Fbitcoin-digital-flux.jpg&op=resize&w=400&h=400,https://news.google.com/api/attachments/CC8iK0NnNW1WRmRHWTBaU05sQnNZVlJoVFJDS0FoaVFBeWdLTWdhVm9JcVdOQVU,"06/22/2025, 11:00 AM, +0000 UTC","Founded in 1993, The Motley Fool is a financial services company dedicated to making the world smarter, happier, and richer. The Motley Fool reaches millions of people every month through our premium investing solutions, free guidance and market analysis on Fool.com, top-rated podcasts, and non-profit The Motley Fool Foundation.
Founded in 1993, The Motley Fool is a financial services company dedicated to making the world smarter, happier, and richer. The Motley Fool reaches millions of people every month through our premium investing solutions, free guidance and market analysis on Fool.com, personal finance education, top-rated podcasts, and non-profit The Motley Fool Foundation.
Founded in 1993, The Motley Fool is a financial services company dedicated to making the world smarter, happier, and richer. The Motley Fool reaches millions of people every month through our premium investing solutions, free guidance and market analysis on Fool.com, top-rated podcasts, and non-profit The Motley Fool Foundation.
Founded in 1993, The Motley Fool is a financial services company dedicated to making the world smarter, happier, and richer. The Motley Fool reaches millions of people every month through our premium investing solutions, free guidance and market analysis on Fool.com, personal finance education, top-rated podcasts, and non-profit The Motley Fool Foundation.

       You're reading a free article with opinions that may differ
       from The Motley Fool's Premium Investing Services. Become a Motley Fool member today to
       get instant access to our top analyst recommendations, in-depth research, investing resources,
       and more. Learn More

Key Points
Bitcoin (BTC -3.55%) trades for about $105,000 (as of June 19), yet credible analysts are mapping a route to its price surpassing $200,000 by the end of 2025. For reference, a 90% price gain to $200,000 would raise Bitcoin's market cap to about $3.9 trillion.
That target looks unduly aggressive only if you ignore two simple forces: a sharply lower trickle of new coins, and a sharply higher amount of institutional demand. Both are already affecting the coin's price right now.
Let's see what the numbers actually say and take a moment to understand why the forecast for $200,000 isn't unreasonable at all.
As always, understanding the supply and demand dynamics of Bitcoin is the first step to appreciating how responsive its price is likely to be relative to what buyers are bidding for it.
Every four years, the Bitcoin network halves the block reward, cutting the flow of fresh coins. The most recent halving on April 20, 2024, reduced the reward such that the total annual new issuance declined from roughly 328,500 coins to about 164,000.
With 19.9 million coins already mined out of a maximum of 21 million possible, new supply now grows less than 0.8% per year. In April 2028, the next halving will constrain supply even further, and that fact is something that most market participants are aware of already, implying that potential buyers have a significant incentive to procure their allocation sooner rather than later.
Image source: Getty Images.
The tiny drip of new supply today is already meeting a hungry horde of demand.
Bitcoin exchange-traded funds (ETFs) have hauled in more than $46 billion cumulatively, including a six-day streak of $1.8 billion in mid-June. Those funds, institutional investors, and publicly traded companies together now command about 6% of the coin's total circulating supply.
At today's price, that capital removes roughly 360,000 coins from the public float, which is equivalent to more than two years of issuance at the current block reward. If the inflows simply persist at half their recent pace, the available supply could tighten by another 2% to 3% before 2026. And a shrinking float usually forces prices significantly higher because the number of willing sellers dries up faster than the number of willing buyers.
In other words, crypto market euphoria is not a precondition to Bitcoin soaring. The only needed ingredient is buyers who are willing to convert fiat currencies into ETF shares just a bit faster than miners are capable of creating fresh coins. And right now, that speed differential is widening, so the conditions are ripe for the price to squeeze upward.
While supply dynamics explain why the crypto's price can rise, macro tailwinds explain why demand might keep accelerating.
On that front, U.S. core inflation cooled in May to its lowest reading since 2023. The Federal Reserve has held its benchmark interest rate steady since March; many investors are expecting that the Fed will cut rates a bit before next year. It's possible that lower real yields will make a scarce, non-yielding asset like Bitcoin more attractive.
Separately, regulatory clarity is also improving abroad, which will create more institutional buyers. The European Union's Markets in Crypto-Assets (MiCA) framework began licensing major exchanges in mid-June, opening a harmonized 27-nation market. Clear guidelines for competition reduce regulatory risk and invite European pension funds and other institutional investors to buy in, many of which had waited on the sidelines.
Nonetheless, the path to $200,000 is not necessarily a straight shot, given the current geopolitical and economic instability, as well as major uncertainties in U.S. trade policy.
A surprise liquidity crunch, perhaps sparked by a geopolitical shock or a renewed tariff-driven inflation spike, could dull risk appetite and force some selling, which could temporarily damage sentiment about the coin.
Political risk matters, too. U.S. lawmakers still debate crypto taxation and custody rules. A hostile bill could freeze ETF creation or raise costs, muting demand.
Assuming no severe shock, however, the chances of Bitcoin surpassing $200,000 in 2026 look realistic, if perhaps a bit ambitious. If ETFs absorb another $50 billion of the supply by late 2025, they would remove roughly 475,000 additional coins from circulation at an average cost basis of $105,000.
The good news for investors here is that it doesn't really matter if Bitcoin passes an arbitrary price target before an arbitrary point in time. Since the biggest upside for holders is over the long term, not the near term, the smartest move here is simply to buy the coin and commit to holding it.
Alex Carchidi has positions in Bitcoin. The Motley Fool has positions in and recommends Bitcoin. The Motley Fool has a disclosure policy.
Stocks Mentioned
*Average returns of all recommendations since inception. Cost basis and return based on previous market day close.
Related Articles

        Invest better with The Motley Fool. Get stock recommendations, portfolio guidance, and more from The Motley Fool's premium services.
      
Making the world smarter, happier, and richer.
© 1995 - 2025 The Motley Fool. All rights reserved.
Market data powered by Xignite and Polygon.io.
About The Motley Fool
Our Services
Around the Globe
Free Tools
Affiliates & Friends
"
10,10.0,10.0,11,"Stay Updated on Crypto: Latest Insights on Bitcoin, Ethereum, and Altcoins!","{'name': 'Investing News Network', 'icon': 'https://encrypted-tbn1.gstatic.com/faviconV2?url=https://investingnews.com&client=NEWS_360&size=96&type=FAVICON&fallback_opts=TYPE,SIZE,URL', 'authors': ['Giann Liguid', 'Meagen Seatter']}",https://investingnews.com/cryptocurrency-market-recap/,https://investingnews.com/media-library/a-golden-coin-in-mid-air-surrounded-by-a-warm-glow-and-scattered-coins-below.jpg?id=61081100&width=1200&height=800&quality=80&coordinates=0%2C0%2C0%2C0,https://news.google.com/api/attachments/CC8iK0NnNTJWR0pZUkhreVNGTjZPRTVuVFJERUF4aW1CU2dLTWdhQkE0VE1vUWc,"06/20/2025, 09:05 PM, +0000 UTC","Stay Updated on Crypto: Latest Insights on Bitcoin, Ethereum, and Altcoins!"
11,11.0,11.0,12,Bitcoin Price Watch: Downtrend Persists Amid Mixed Technical Signals,"{'name': 'Bitcoin.com News', 'icon': 'https://encrypted-tbn2.gstatic.com/faviconV2?url=https://news.bitcoin.com&client=NEWS_360&size=96&type=FAVICON&fallback_opts=TYPE,SIZE,URL', 'authors': ['Jamie Redman']}",https://news.bitcoin.com/bitcoin-price-watch-downtrend-persists-amid-mixed-technical-signals/,https://static.news.bitcoin.com/wp-content/uploads/2025/06/bbwatch.png,https://news.google.com/api/attachments/CC8iI0NnNVBTM0Y2VVVodWJtVjJVMG90VFJDZkF4ampCU2dLTWdB,"06/22/2025, 05:04 AM, +0000 UTC",Bitcoin Price Watch: Downtrend Persists Amid Mixed Technical Signals
12,12.0,12.0,13,Bitcoin price risks sub-$100K dive after Trump confirms Iran strikes,"{'name': 'Cointelegraph', 'icon': 'https://encrypted-tbn1.gstatic.com/faviconV2?url=https://cointelegraph.com&client=NEWS_360&size=96&type=FAVICON&fallback_opts=TYPE,SIZE,URL', 'authors': ['William Suberg']}",https://cointelegraph.com/news/bitcoin-price-risks-sub-100k-dive-after-trump-confirms-iran-strikes,"https://images.cointelegraph.com/cdn-cgi/image/format=auto,onerror=redirect,quality=90,width=1434/https://s3.cointelegraph.com/uploads/2025-05/01972233-eea5-7d24-bb1b-39e4ed78b0bd",https://news.google.com/api/attachments/CC8iK0NnNDBWVU5UZWxKSmNGSmZVVzVWVFJERUF4aW1CU2dLTWdZQkFJN3hzQVU,"06/22/2025, 10:18 AM, +0000 UTC",Bitcoin price risks sub-$100K dive after Trump confirms Iran strikes
13,13.0,13.0,14,Iran Response to US Bombing: Bitcoin Recovers As WW3 Looms,"{'name': '99Bitcoins', 'icon': 'https://encrypted-tbn3.gstatic.com/faviconV2?url=https://99bitcoins.com&client=NEWS_360&size=96&type=FAVICON&fallback_opts=TYPE,SIZE,URL', 'authors': ['ISAIAH. MCCALL']}",https://99bitcoins.com/news/bitcoin-btc/iran-response-to-us-bombing-bitcoin-recovers-as-ww3-looms/,https://99bitcoins.com/wp-content/uploads/2025/06/Copy-of-Copy-of-Copy-of-Copy-of-Copy-of-Copy-of-Copy-of-Monochromatic-New-York-City-Lifestyle-Quote-Facebook-Cover-3000-x-1950-px-2025-06-21T212714.888-300x195.jpg,https://news.google.com/api/attachments/CC8iK0NnNW9NVzFPYzFGRU5WOWllakp5VFJEREFSaXNBaWdLTWdZbEZwanRGUW8,"06/22/2025, 10:54 AM, +0000 UTC",Iran Response to US Bombing: Bitcoin Recovers As WW3 Looms
14,14.0,14.0,15,Bitcoin Languishes Below $103K as Global Tensions Rattle Markets,"{'name': 'Bitcoin.com News', 'icon': 'https://encrypted-tbn2.gstatic.com/faviconV2?url=https://news.bitcoin.com&client=NEWS_360&size=96&type=FAVICON&fallback_opts=TYPE,SIZE,URL', 'authors': ['Jamie Redman']}",https://news.bitcoin.com/bitcoin-languishes-below-103k-as-global-tensions-rattle-markets/,https://static.news.bitcoin.com/wp-content/uploads/2025/06/cccds.png,https://news.google.com/api/attachments/CC8iI0NnNUpSbXBvTVhGTk1XZDVZbWR1VFJDZkF4ampCU2dLTWdB,"06/22/2025, 12:37 PM, +0000 UTC",Bitcoin Languishes Below $103K as Global Tensions Rattle Markets
15,15.0,15.0,16,"Price predictions 6/20: BTC, ETH, XRP, BNB, SOL, DOGE, ADA, HYPE, BCH, SUI","{'name': 'Cointelegraph', 'icon': 'https://encrypted-tbn1.gstatic.com/faviconV2?url=https://cointelegraph.com&client=NEWS_360&size=96&type=FAVICON&fallback_opts=TYPE,SIZE,URL', 'authors': ['Rakesh Upadhyay']}",https://cointelegraph.com/news/price-predictions-6-20-btc-eth-xrp-bnb-sol-doge-ada-hype-bch-sui,"https://images.cointelegraph.com/cdn-cgi/image/format=auto,onerror=redirect,quality=90,width=1434/https://s3.cointelegraph.com/uploads/2025-06/01978e54-8c9b-7d19-9d2d-c85b6d0a2900",https://news.google.com/api/attachments/CC8iI0NnNTVOUzFZV0Uxek9EVTNOWGhSVFJERUF4aW5CU2dLTWdB,"06/20/2025, 06:16 PM, +0000 UTC","Price predictions 6/20: BTC, ETH, XRP, BNB, SOL, DOGE, ADA, HYPE, BCH, SUI"
16,16.0,16.0,17,"Robert Kiyosaki Doubles Down on $1M Bitcoin, Advises What Truly Matters About Owning BTC","{'name': 'Bitcoin.com News', 'icon': 'https://encrypted-tbn2.gstatic.com/faviconV2?url=https://news.bitcoin.com&client=NEWS_360&size=96&type=FAVICON&fallback_opts=TYPE,SIZE,URL', 'authors': ['Kevin Helms']}",https://news.bitcoin.com/robert-kiyosaki-doubles-down-on-1m-bitcoin-advises-what-truly-matters-about-owning-btc/,https://static.news.bitcoin.com/wp-content/uploads/2025/06/robert-kiyosaki-bitcoin-1m-bullish.jpg,https://news.google.com/api/attachments/CC8iI0NnNUhOR3N6VjI5RWNtaEZkM0JrVFJDZkF4ampCU2dLTWdB,"06/22/2025, 04:59 PM, +0000 UTC","Robert Kiyosaki Doubles Down on $1M Bitcoin, Advises What Truly Matters About Owning BTC"
17,17.0,17.0,18,Bitcoin Knots gain ground: Will a chain split kill BTC price?,"{'name': 'Cointelegraph', 'icon': 'https://encrypted-tbn1.gstatic.com/faviconV2?url=https://cointelegraph.com&client=NEWS_360&size=96&type=FAVICON&fallback_opts=TYPE,SIZE,URL', 'authors': ['Michael Tabone']}",https://cointelegraph.com/news/bitcoin-knots-chain-split-kill-btc-price,"https://images.cointelegraph.com/cdn-cgi/image/format=auto,onerror=redirect,quality=90,width=1434/https://s3.cointelegraph.com/uploads/2025-05/0196de25-5986-7d30-a69d-9cc17ed9b426",https://news.google.com/api/attachments/CC8iK0NnNXhPVEpRVlZSeGVIcG5YMUpOVFJERUF4aW5CU2dLTWdhQkk0eU9HUWc,"06/21/2025, 02:02 PM, +0000 UTC",Bitcoin Knots gain ground: Will a chain split kill BTC price?
18,18.0,18.0,19,Bitcoin Dips Below $100K as Iran Moves to Shut Strait of Hormuz,"{'name': 'Bitcoin.com News', 'icon': 'https://encrypted-tbn2.gstatic.com/faviconV2?url=https://news.bitcoin.com&client=NEWS_360&size=96&type=FAVICON&fallback_opts=TYPE,SIZE,URL', 'authors': ['Jamie Redman']}",https://news.bitcoin.com/bitcoin-dips-below-100k-as-iran-moves-to-shut-strait-of-hormuz/,,,"06/22/2025, 02:57 PM, +0000 UTC",Bitcoin Dips Below $100K as Iran Moves to Shut Strait of Hormuz
19,19.0,19.0,20,Over $1B in Leveraged Crypto Positions Wiped Out After BTC Drops Under Key Threshold,"{'name': 'Bitcoin.com News', 'icon': 'https://encrypted-tbn2.gstatic.com/faviconV2?url=https://news.bitcoin.com&client=NEWS_360&size=96&type=FAVICON&fallback_opts=TYPE,SIZE,URL', 'authors': ['Jamie Redman']}",https://news.bitcoin.com/over-1b-in-crypto-wiped-out-after-btc-drops-under-key-threshold/,https://static.news.bitcoin.com/wp-content/uploads/2025/06/weesgsjdjdkk.png,https://news.google.com/api/attachments/CC8iK0NnNHROVEZuZG1KdldFdzBkMUIxVFJDZkF4ampCU2dLTWdZVlpJcVFMUVk,"06/22/2025, 05:12 PM, +0000 UTC",Over $1B in Leveraged Crypto Positions Wiped Out After BTC Drops Under Key Threshold
20,20.0,20.0,21,Strategy’s Michael Saylor raises Bitcoin forecast to $21M by 2046,"{'name': 'Cointelegraph', 'icon': 'https://encrypted-tbn1.gstatic.com/faviconV2?url=https://cointelegraph.com&client=NEWS_360&size=96&type=FAVICON&fallback_opts=TYPE,SIZE,URL', 'authors': ['Helen Partz']}",https://cointelegraph.com/news/michael-saylor-strategy-bitcoin-forecast-21-million-21-years,"https://images.cointelegraph.com/cdn-cgi/image/format=auto,onerror=redirect,quality=90,width=1434/https://s3.cointelegraph.com/uploads/2025-06/0197939b-afb5-7215-86d2-24eb8db77e6e",https://news.google.com/api/attachments/CC8iK0NnNUpjV0pvY0d4SmEwSjVTMWhDVFJERUF4aW5CU2dLTWdhbGxZN05OUVk,"06/21/2025, 09:45 PM, +0000 UTC",Strategy’s Michael Saylor raises Bitcoin forecast to $21M by 2046
21,21.0,21.0,22,"If You’re Selling Bitcoin Over War Fears, You Don’t Get It, Says Hedge Fund Manager","{'name': 'CoinDesk', 'icon': 'https://encrypted-tbn0.gstatic.com/faviconV2?url=https://www.coindesk.com&client=NEWS_360&size=96&type=FAVICON&fallback_opts=TYPE,SIZE,URL', 'authors': ['Siamak Masnavi']}",https://www.coindesk.com/markets/2025/06/22/bitcoin-rallies-above-usd102k-after-panic-sellers-dump-into-war-fears,https://www.coindesk.com/_next/image?url=https%3A%2F%2Fcdn.sanity.io%2Fimages%2Fs3y3vcno%2Fproduction%2Fbbe8a6d5712b6fcca6453b9fd84b730e4fba70ce-700x430.png%3Fauto%3Dformat&w=3840&q=75,https://news.google.com/api/attachments/CC8iK0NnNHpTRXAyY0VGNGNESnRPV3N3VFJDdUF4aThCU2dLTWdZQkFLU2lEZ3c,"06/22/2025, 07:33 AM, +0000 UTC","Bitcoin BTC$99,658.31 rallied above $102,000 after briefly falling below $101,000 in a volatile session marked by unusually heavy trading, according to CoinDesk Research's technical analysis model. 
Market participants reacted swiftly to the dip, which pushed BTC near the bottom of its month-long trading range.
The reversal gained momentum as volume accelerated, leading to a strong rebound. The move coincided with a sharply worded post from James Lavish, a Managing Partner of the Bitcoin Opportunity Fund, who wrote on X: “If you are selling Bitcoin because of the possibility of the world going to war, you have absolutely no idea what you own.” 
The $100K–$110K range has contained price movement for nearly a month. On-chain metrics suggest a balanced market with neither excessive profit-taking nor aggressive accumulation, while derivatives data indicates cautious sentiment with continued demand for downside protection.
Technical Analysis Highlights

Disclaimer: Parts of this article were generated with the assistance from AI tools and reviewed by our editorial team to ensure accuracy and adherence to our standards. For more information, see CoinDesk's full AI Policy.
Siamak Masnavi is a researcher specializing in blockchain technology, cryptocurrency regulations, and macroeconomic trends shaping the crypto market. He holds a PhD in computer science from the University of London and began his career in software development, including four years in the banking industry in the City of London and Zurich. In April 2018, Siamak transitioned to writing about cryptocurrency news, focusing on journalism until January 2025, when he shifted exclusively to research on the aforementioned topics.
CoinDesk Analytics is CoinDesk's AI-powered tool that, with the help of human reporters, generates market data analysis, price movement reports, and financial content focused on cryptocurrency and blockchain markets. 
All content produced by CoinDesk Analytics is undergoes human editing by CoinDesk's editorial team before publication. The tool synthesizes market data and information from CoinDesk Data and other sources to create timely market reports, with all external sources clearly attributed within each article. 
CoinDesk Analytics operates under CoinDesk's AI content guidelines, which prioritize accuracy, transparency, and editorial oversight. Learn more about CoinDesk's approach to AI-generated content in our AI policy.
About
Contact
"
22,22.0,22.0,23,Bitcoin price slips under $104K into 'triple witching' options expiry,"{'name': 'Cointelegraph', 'icon': 'https://encrypted-tbn1.gstatic.com/faviconV2?url=https://cointelegraph.com&client=NEWS_360&size=96&type=FAVICON&fallback_opts=TYPE,SIZE,URL', 'authors': ['William Suberg']}",https://cointelegraph.com/news/bitcoin-price-slips-under-104k-into-triple-witching-options-expiry,"https://images.cointelegraph.com/cdn-cgi/image/format=auto,onerror=redirect,quality=90,width=1434/https://s3.cointelegraph.com/uploads/2025-06/01978df4-f4e7-7faf-b26d-d9c439ba3a06",https://news.google.com/api/attachments/CC8iI0NnNTBUVzVVWmpWS2JIZERRVEE0VFJERUF4aW5CU2dLTWdB,"06/20/2025, 03:44 PM, +0000 UTC",Bitcoin price slips under $104K into 'triple witching' options expiry
23,23.0,23.0,24,Bitcoin Treasury Companies: A Double-Edged Sword For The Market – Here’s Why,"{'name': 'Bitcoinist.com', 'icon': 'https://encrypted-tbn1.gstatic.com/faviconV2?url=https://bitcoinist.com&client=NEWS_360&size=96&type=FAVICON&fallback_opts=TYPE,SIZE,URL', 'authors': ['Semilore Faleti']}",https://bitcoinist.com/bitcoin-treasury-companies-double-edged-sword/,https://bitcoinist.com/wp-content/uploads/2025/06/VLC4FRJF25OQRORTN5SDGUCC6A.jpg?fit=900%2C600,https://news.google.com/api/attachments/CC8iL0NnNU5iMEYyYm10cVRWTmlRV1JaVFJERUF4aW1CU2dLTWdtTk00cG5vU1pyVXdF,"06/22/2025, 06:00 PM, +0000 UTC","Bitcoin (BTC) prices have now dipped under $103,000 following a 1.17% decline in the past 24 hours. The maiden cryptocurrency continues to witness a significant market correction since reaching a new all-time high of $111,970 on May 22. Despite the ongoing downturn, BTC remains an outstanding performer in the current crypto market cycle boasting of over 600% price gains since the FTX-inspired market crash in November 2022. 

Interestingly, Miles Deutscher, a prominent crypto analyst has dived into one of the asset’s most prominent bullish driving factors, highlighting the positive and negative potentials.

In an X post on June 21, Miles Deutscher shared an interesting take on the potential of Bitcoin treasury companies on the market. For context, a Bitcoin treasury company refers to any business with BTC holdings on their balance sheet. Similarly to retail investors, these companies have opted to acquire BTC as a reserve asset and long-term investment as opposed to traditional assets such as gold, cash or bonds. 

According to data from CoinGecko, there are 34 publicly traded Bitcoin treasury companies with a total holdings of 724, 612 BTC. These companies include names such as Tesla Inc., MetaPlanet Inc., Marathon Digital Holdings, and most prominently, MicroStrategy Inc. (Strategy), which singularly owns 576,230 BTC representing over 2% of the market supply. 

Generally, the advent of Bitcoin treasury companies have been a resounding bullish development heralding institutional investment into Bitcoin alongside the spot ETF markets. Miles Deutscher postulates that the rising public recognition of BTC’s investment potential by mainstream companies would serve as a contributing factor to the asset’s cprice rise with potential targets set as high as $200,000. 

However, the renowned market analyst also highlights the potential risk these Bitcoin treasury companies pose as negative catalysts. Due to their fiduciary responsibilities, he warns of a possible scenario where forced selling could occur during a bear market or broader economic downturn.
According to Miles Deutscher, the real threat may not be the actual deleveraging, but rather the front-running by smart-money investors anticipating the unwind. He notes that this dynamic could extend to the spot Bitcoin ETF market, which has already attracted over $46.66 billion in inflows. In a risk-off environment, institutional investors could trigger significant outflows, compounding market downside.

At the time of writing, Bitcoin was trading at $102,843 reflecting a 1.85% decline in the past week. Following this price fall, investors attention will turn to the $100,000 psychological support zone, breaking below which would trigger heavy market liquidations. 

For updates and exclusive offers enter your email.

				Semilore Faleti works as a crypto-journalist at Bitconist, providing the latest updates on blockchain developments, crypto regulations, and the DeFi ecosystem. He is a strong crypto enthusiast passionate about covering the growing footprint of blockchain technology in the financial world.			
Bitcoin news portal providing breaking news, guides, price analysis about decentralized digital money & blockchain technology.
© 2025 Bitcoinist. All Rights Reserved.
"
24,24.0,24.0,25,Crypto market plummets after US attacks Iran nuclear sites,"{'name': 'Crypto News', 'icon': 'https://encrypted-tbn2.gstatic.com/faviconV2?url=https://crypto.news&client=NEWS_360&size=96&type=FAVICON&fallback_opts=TYPE,SIZE,URL', 'authors': ['Crispus Nyaga']}",https://crypto.news/crypto-market-plummets-after-us-attacks-iran-nuclear-sites/,https://crypto.news/app/uploads/2025/03/crypto-news-bear-trading-chart-option03-1380x820-2.webp,https://news.google.com/api/attachments/CC8iK0NnNU1Na0ZwUkZGUk1uVnFSM2xoVFJDckF4alBCU2dLTWdhdFk0cHZwUWM,"06/22/2025, 11:58 AM, +0000 UTC","
                200% Bonus: 100K Daily Giveaways, Instant Withdrawals, Best VIP Club, 3000+ Slots, Poker, Blackjack and More - Provably Fair            

                Join Drake At Stake - America's Social Casino. Claim $25 Stake Cash FREE - PLAY NOW            

        Share    
The crypto market turned red on Saturday and Sunday as geopolitical tensions spiked following President Donald Trump’s order to bomb Iran’s nuclear sites.
The U.S. joined Israel in launching strikes on Iran early Sunday, targeting three key nuclear sites in an operation aimed at crippling Iran’s nuclear enrichment capabilities. 
Trump declared the mission a success, claiming the facilities were “completely and totally obliterated.” Iran vowed to defend itself, according to the New York Times. 
At last check on Sunday, Bitcoin (BTC) price dropped below $103,000, while top altcoins like Virtuals Protocol (VIRTUAL), Celestia (TIA), AB (AB), and Aptos (APT) plunged by over 9% in the last 24 hours.
The total market capitalization of all cryptocurrencies tracked by CMC plunged by 1.65% in the last 24 hours to $3.15 trillion. Similarly, CoinGlass data shows that the sell-off triggered a 38% surge in liquidations to over $682 million. 
Bitcoin and most altcoins plunged after the U.S. launched a major bomb in Iran targeting three nuclear sites. Trump’s goal was to destroy Iran’s nuclear capabilities as its missile exchange with Israel continues.
These assets likely dropped for two main reasons. First, they dropped as investors embraced a risk-off sentiment following this attack. Historically, risky assets like stocks and cryptocurrencies retreat after a major black swan event. 
For example, stocks and crypto fell in April after Trump launched retaliatory tariffs. They also fell in March 2020 after the COVID pandemic started, and in February 2022 after Russia invaded Ukraine. In a note to Bloomberg, Hanain Malik of Tellimer said:
“Short-term, markets such as crude oil, stocks, and crypto will pivot on whether Iran retaliates and widens the war in a way that impacts oil supply versus backing down and offering concessions on its nuclear program.”
The other main reason the crypto market crashed is that the Middle Eastern crisis could lead to higher crude oil and shipping prices. Brent and West Texas Intermediate oil benchmarks have already jumped by over 32% from the year-to-date low, and analysts anticipate rising prices. Shipping costs have also jumped.
The implication is that consumer inflation in the U.S. may keep rising, which will prevent the Federal Reserve from cutting interest rates. 
In its meeting last week, the bank left interest rates unchanged between 4.25% and 4.50%. It hinted that it will deliver two cuts this year and four in 2026 and 2027. Bitcoin and other altcoins do well when the Fed is cutting interest rates. 

        Read more about    

        Deep Dives    


                    Alt ZK solutions can save Ethereum | Opinion                



                    From the margins to the mainstream: The new capital frontier is not what you think it is | Opinion                



                    The full story behind the $90 million Nobitex hack that shattered Iran’s crypto illusion                



                    Ripple and XRP shock traders with whale demand, what’s next                



                    Russia’s crypto exchange Garantex moves millions despite stablecoin ban, blockchain data shows                



                    Cross-chain interoperability is key for seamless web3 UX | Opinion                



                    From DAO to ApeCo: ApeCoin community backs founder-led governance overhaul                



                    DeFi at a crossroads: The SEC’s new stance could change everything | Opinion                



                    Why Ethereum should not be ignored amidst massive institutional capital inflows                



                    Justin Sun and Trump — a billion-dollar crypto bromance built on deals and dinners                 


                Related News            


                    Virtuals Protocol hit by token drain, revenue drop, and user exodus                



                    Chart of the week: SEI and KAIA eye potential bullish breakout                



                    Useless Coin price surges as smart money investors buy                


            Get crypto market analysis and curated news delivered right to your inbox every week.        

            You have successfully joined our subscriber list.        

"
25,25.0,25.0,26,Bitcoin Price Climbs. What’s Driving the Crypto Rebound,"{'name': ""Barron's"", 'icon': 'https://encrypted-tbn1.gstatic.com/faviconV2?url=https://www.barrons.com&client=NEWS_360&size=96&type=FAVICON&fallback_opts=TYPE,SIZE,URL', 'authors': ['Elsa Ohlen']}",https://www.barrons.com/articles/bitcoin-price-xrp-crypto-trump-iran-e82c91c0,https://images.barrons.com/im-73776766?width=639&height=426,https://news.google.com/api/attachments/CC8iK0NnNUVlamR2VTNjeFJURmFNQzF5VFJDcUF4al9CQ2dLTWdhVlVwSUpKUWM,"06/20/2025, 10:32 AM, +0000 UTC",Bitcoin Price Climbs. What’s Driving the Crypto Rebound
26,26.0,26.0,27,"Price predictions 6/18: BTC, ETH, XRP, BNB, SOL, DOGE, ADA, HYPE, SUI, BCH","{'name': 'Cointelegraph', 'icon': 'https://encrypted-tbn1.gstatic.com/faviconV2?url=https://cointelegraph.com&client=NEWS_360&size=96&type=FAVICON&fallback_opts=TYPE,SIZE,URL', 'authors': ['Rakesh Upadhyay']}",https://cointelegraph.com/news/price-predictions-6-18-btc-eth-xrp-bnb-sol-doge-ada-hype-sui-bch,"https://images.cointelegraph.com/cdn-cgi/image/format=auto,onerror=redirect,quality=90,width=1434/https://s3.cointelegraph.com/uploads/2025-06/019783d8-48ba-79b2-a3d6-1738d4a65638",https://news.google.com/api/attachments/CC8iK0NnNDNaRmh6ZUdsTlVHWkZiR1pXVFJERUF4aW5CU2dLTWdZQllJYnJ4QU0,"06/18/2025, 05:39 PM, +0000 UTC","Price predictions 6/18: BTC, ETH, XRP, BNB, SOL, DOGE, ADA, HYPE, SUI, BCH"
27,27.0,27.0,28,Kiyosaki Predicts Bitcoin at $1 Million by 2030 as Economic Crisis Looms. How High Can BTC Price Go?,"{'name': 'Finance Magnates', 'icon': 'https://encrypted-tbn1.gstatic.com/faviconV2?url=https://www.financemagnates.com&client=NEWS_360&size=96&type=FAVICON&fallback_opts=TYPE,SIZE,URL'}",https://www.financemagnates.com/trending/kiyosaki-predicts-bitcoin-at-1-million-by-2030-as-economic-crisis-looms-how-high-can-btc-price-go/,https://images.financemagnates.com/images/Robert%20Kiyosaki%20holding%20a%20Bitcoin%20token_id_b0fd3b09-ffb1-4fc1-914b-cee95d024798_size900.jpg,https://news.google.com/api/attachments/CC8iK0NnNHhTMmhJTnpScVdURndlazFCVFJDY0F4am9CU2dLTWdZbFZvYnNyUVU,"06/19/2025, 08:07 AM, +0000 UTC",Kiyosaki Predicts Bitcoin at $1 Million by 2030 as Economic Crisis Looms. How High Can BTC Price Go?
28,28.0,28.0,29,"Bitcoin, Ethereum, XRP Price Prediction: Bearish Action Ahead?","{'name': 'The Crypto Times', 'icon': 'https://encrypted-tbn3.gstatic.com/faviconV2?url=https://www.cryptotimes.io&client=NEWS_360&size=96&type=FAVICON&fallback_opts=TYPE,SIZE,URL'}",https://www.cryptotimes.io/2025/06/22/bitcoin-ethereum-xrp-price-prediction-bearish-action-ahead/,https://www.cryptotimes.io/wp-content/uploads/2025/06/IMG_1551.webp,https://news.google.com/api/attachments/CC8iI0NnNVVPRzVTWTFZd04xOHlaemsyVFJDZkF4ampCU2dLTWdB,"06/21/2025, 09:00 PM, +0000 UTC","Written By:Shubh Vijay Ruia
Reviewed By:Kritika Mehta
The crypto market is on the verge of closing another week this month on a bearish note. This suggests a strong selling pressure for the tokens in the market. Many reasons are being considered for the ongoing negative outlook, such as rising geopolitical tensions between multiple nations, unstable market conditions, and disruption of financial markets.
This has led to the price of Bitcoin losing momentum this week. On the other hand, the altcoin market has witnessed a similar price action as top cryptocurrencies have slit significant values from their respective portfolios. Where is the crypto market headed next week? Let’s dig into the answers.
With a drop of approximately 1%, the BTC price has approached its crucial support zone around the $102,500 in the daily time frame. This zone plays an important role as Bitcoin has successfully maintained its value above this range since May. Moreover, with a listing price of $102,616 and a trading volume of $34.235 billion, it has a dominance of 64.4432% with a market capitalization of $2.034 trillion.
The Moving Average Convergence Divergence (MACD) indicator shows a rising red histogram in the daily time frame, suggesting increasing bearish momentum in the market. With its EMA 12 and 26-day recording a constant decline, the largest cryptocurrency may retest its lower support zones soon.
If the market holds the BTC price above $102,470, this could result in it retesting its upper price targets of $104,810 or $107,218 during the upcoming week. Conversely, increased selling pressure could lead the price toward its immediate support trend levels of $102,470 or $100,000 respectively.
After trading within a consolidated trend since 10th of May, the ETH price is once again hovering extremely close to its key support zone of $2,350. This price zone has acted as a strong support of the largest altcoin, however, amid the ongoing market sentiments, it could break down its support.
The ETH price is valued at $2,387 with a trading volume of $12.353 billion, a change of -38.06%. With this, the market cap of Ethereum price has dropped to $288.38 billion and a dominance of 9.0984%.
The Relative Strength Index (RSI) fails to hold its value above its neutral point (50), resulting in it recording a sudden drop. With a current value of 40.74, the technical sentiments suggest a further drop this week before a potential situation arises for a healthy bounceback.
Suppose the bulls rebuild momentum, the Ethereum price will retest its immediate target price of $2,600 that was last recorded on June 13. However, a retest to a multi-month low of $2,200 cannot be ignored as the bears continue dominating the cryptocurrency market.
The XRP price has breached its important support level of $2.14 multiple times this month, highlighting a constant bearish presence. However, it has now formed a new imaginary support around the $2.08 mark, making it a potential reversal point for the altcoin.
Although a reversal angle is being built, the current market sentiments hints at a negative price target for the upcoming week. With a trading price of $2.08, its market cap stands at $122.189 billion.
The Stochastic RSI indicator is retesting its oversold range today. Notably, the averages in the 3-day frame that are blue and orange show signs of extreme negative sentiment. While the orange trendline is just above the oversold range at 23.60, the blue trendline has plunged to 8.42 today.
If XRP price regains the value above the $2.14 level, this may set a base for it to retest its upper price targets of $2.35 or $2.57 next week. On the contrary, a rising bearish sentiment could pull the price of XRP token toward its crucial support of $2 or $1.94 soon.
Also Read: Crypto Price Today (June 21): Altcoins Drop! AB, VIRTUAL, SPX, UNI Crash 10%
Get our Exclusive Report Today!
​
Providing real-time, accurate Crypto reporting. Your trusted source for Crypto News and Research.
All NewsAI NewsExclusiveExplained
About UsEditorial PolicyPress Release
Contact UsCareerAdvertise With Us
© 2025 Protocols And Tokens Pvt. Ltd.
Sign in to your account
 Remember me



"
29,29.0,29.0,30,"$100,000 Bitcoin at Risk as $878 Million Liquidation Tsunami Triggers Crypto Bloodbath","{'name': 'U.Today', 'icon': 'https://encrypted-tbn2.gstatic.com/faviconV2?url=https://u.today&client=NEWS_360&size=96&type=FAVICON&fallback_opts=TYPE,SIZE,URL', 'authors': ['Gamza Khanzadaev']}",https://u.today/100000-bitcoin-at-risk-as-878-million-liquidation-tsunami-triggers-crypto-bloodbath,https://u.today/sites/default/files/styles/1600x900/public/2025-06/s7702.jpg,https://news.google.com/api/attachments/CC8iK0NnNXFNamRhZVRSRlJ6TmljMHhIVFJDb0FSaXNBaWdCTWdhVkFvaXRKUWM,"06/22/2025, 03:07 PM, +0000 UTC","Disclaimer: The opinions expressed by our writers are their own and do not represent the views of U.Today. The financial and market information provided on U.Today is intended for informational purposes only. U.Today is not liable for any financial losses incurred while trading cryptocurrencies. Conduct your own research by contacting financial experts before making any investment decisions.  We believe that all content is accurate as of the date of publication, but certain offers mentioned may no longer be available.
There's been a bit of a market shakeout over the past 24 hours, with $876 million in leveraged positions being wiped out across the crypto space. This has forced more than 227,000 traders out of their positions and dragged Bitcoin close to losing its six-figure handle, according to CoinGlass.
The timing wasn't random. Bitcoin's price structure broke down in late trading, causing a painful drop that cut through key levels without any resistance almost at all. In just minutes, BTC fell from around $102,800 to just above $100,000, triggering a brutal series of forced liquidations. Bitcoin has recovered a bit, but it's still just a little above $100,000.

You Might Also Like




 Sun, 06/22/2025 - 13:14 

Strategy's Saylor Breaks Silence With Viral 4 Words About New Bitcoin Purchase

ByGamza Khanzadaev




At the moment, $100,000 is a really important technical and psychological level for Bitcoin. If it drops below that, it could mean more losses, especially if confidence stays low and there's more selling pressure in the next session. Especially when traditional markets will open.
Most of the damage came from long liquidations, which accounted for $777.56 million — about 89% of the total. This shows how much the market had been tilted toward bull bets.
On the other hand, short positions saw $98.85 million go down the drain. Imagine a 8 to 1 ratio — that's absurd, but it is what it is.

You Might Also Like




 Sun, 06/22/2025 - 14:47 

Abnormal 3,222% Liquidation Imbalance Puts XRP Price Below $2

ByGamza Khanzadaev




Ethereum topped the list with $356.54 million in liquidated positions, with Bitcoin close behind at $192.89 million. SOL and XRP came in behind that with $45.47 million and $32.91 million, while the rest of the altcoin space added just over $93 million in total.
The biggest single liquidation was on HTX: A $9.15 million ETH-USDT position gone in a blink.
Disclaimer: The opinions expressed here are not investment advice; they are provided for informational purposes only. The opinions expressed by our writers are their own and do not represent the views of U.Today. Every investment and all trading involves risk, so you should always perform your own research prior to making decisions. U.Today is not liable for any financial losses incurred while trading cryptocurrencies. We do not recommend investing money you cannot afford to lose.
"
30,30.0,30.0,31,4 Undeniable Factors That Could Push Bitcoin to New All-Time Highs This Summer,"{'name': 'Yahoo Finance', 'icon': 'https://encrypted-tbn1.gstatic.com/faviconV2?url=https://finance.yahoo.com&client=NEWS_360&size=96&type=FAVICON&fallback_opts=TYPE,SIZE,URL', 'authors': ['Alex Carchidi']}",https://finance.yahoo.com/news/4-undeniable-factors-could-push-151300554.html,https://s.yimg.com/ny/api/res/1.2/7r7E9ka8KDPLtxKVx5bxaA--/YXBwaWQ9aGlnaGxhbmRlcjt3PTEyMDA7aD02NzU-/https://media.zenfs.com/en/motleyfool.com/c5e9b64c8dbfad26e165a825cc7b029d,https://news.google.com/api/attachments/CC8iK0NnNUVTVXBVT0VoSlJsSTJaSEl3VFJDZkF4ampCU2dLTWdZeFU0Z3lzUVk,"06/21/2025, 03:13 PM, +0000 UTC",4 Undeniable Factors That Could Push Bitcoin to New All-Time Highs This Summer
31,31.0,31.0,32,"Oil markets tense amid U.S. airstrikes on Iran, while Bitcoin price holds steady","{'name': 'CryptoSlate', 'icon': 'https://encrypted-tbn0.gstatic.com/faviconV2?url=https://cryptoslate.com&client=NEWS_360&size=96&type=FAVICON&fallback_opts=TYPE,SIZE,URL', 'authors': ['Christina Comben']}",https://cryptoslate.com/oil-markets-tense-amid-u-s-airstrikes-on-iran-while-bitcoin-price-holds-steady/,https://cryptoslate.com/wp-content/uploads/2025/06/bitcoin-iran-oil-768x403.jpg,https://news.google.com/api/attachments/CC8iK0NnNW5NemxXY1VsS05GTTBSV1ZNVFJDUkF4ajlCU2dLTWdhSllZb0lyUVE,"06/22/2025, 01:15 PM, +0000 UTC","Global oil markets are jittery after U.S. airstrikes on Iran threaten the closure of the Strait of Hormuz, while Bitcoin price remains steady.
Cover art/illustration via CryptoSlate. Image includes combined content which may include AI-generated content.
Global oil markets are on high alert following U.S. airstrikes on three of Iran’s nuclear facilities, Fordow, Isfahan, and Natanz, with fears mounting over a potential closure of the critical Strait of Hormuz. The military action, announced by President Donald Trump last night, has intensified geopolitical tensions in the Middle East and raised concerns about a sharp spike in oil prices.
The Strait of Hormuz is a narrow sea passage between the Persian Gulf and the Gulf of Oman. It provides the only water access from the Persian Gulf to the open ocean and has historically been one of the most strategically important shipping bottlenecks.
Roughly 20% of the world’s oil supply flows through the Strait. Any disruption to it could send crude prices soaring to $120–$130 per barrel, threatening global economic stability and stoking inflation, since soaring oil prices translate into higher costs of everyday goods for consumers.
Despite the U.S. joining forces with Israel last night to attack Iran’s nuclear program, the global benchmark Brent crude remains relatively stable for now, trading at around $72 per barrel. The situation remains highly volatile as markets await further clarity on Iran’s response and the status of the Strait.
Since news of the strikes, the price of Bitcoin has shown resilience, currently trading above $102,600 and remaining steady even as traditional markets brace for potential shocks. This stability reinforces the growing perception among investors that Bitcoin is no longer just a speculative asset but is increasingly being recognized as a safe-haven option in times of geopolitical turmoil.
Bitcoin’s fixed supply, decentralized nature, and rising adoption have contributed to its new role as a hedge against inflation and global instability. As oil prices and traditional assets face turbulence, Bitcoin’s calm performance suggests that it is increasingly being viewed as a complementary risk-off alongside gold. This is a trend that will likely strengthen as the global economy becomes increasingly digital and interconnected.
Moreover, since the Bitcoin and crypto markets are open to trade 24/7, they are often the first to be sold off over the weekends as investors flee to safety. Bitcoin’s price barely flinching amid the news of the U.S. airstrikes demonstrates the undeniable maturation of the market.
 
At the time of press 2:10 pm UTC on Jun. 22, 2025, Bitcoin is ranked #1 by market cap and the price is down 1.15% over the past 24 hours. Bitcoin has a market capitalization of $2.04 trillion with a 24-hour trading volume of $48.7 billion. Learn more about Bitcoin ›
At the time of press 2:10 pm UTC on Jun. 22, 2025, the total crypto market is valued at at $3.14 trillion with a 24-hour volume of $116.13 billion. Bitcoin dominance is currently at 65.01%. Learn more about the crypto market ›
 
 
Christina is a web3 writer, editor, and content manager with a passion for technology and starting important conversations. As an industry OG, she’s not phased by market volatility and frequently scrimps on Starbucks to BTFD.
CryptoSlate is a comprehensive and contextualized source for crypto news, insights, and data. Focusing on Bitcoin, macro, DeFi and AI.

 Stay ahead with crypto's key news and insights. Delivered directly, every day.
Disclaimer: Our writers' opinions are solely their own and do not reflect the opinion of CryptoSlate. None of the information you read on CryptoSlate should be taken as investment advice, nor does CryptoSlate endorse any project that may be mentioned or linked to in this article. Buying and trading cryptocurrencies should be considered a high-risk activity. Please do your own due diligence before taking any action related to content within this article. Finally, CryptoSlate takes no responsibility should you lose money trading cryptocurrencies.
With AI-powered insights and globally regulated transparency, Nemo simplifies investment decisions.
Bitcoin, a decentralized currency that defies the sway of central banks or administrators, transacts electronically, circumventing intermediaries via a peer-to-peer network.
Donald John Trump, born on June 14, 1946, in Queens, New York City, is a prominent American politician, businessman, and media personality.
Disclaimer: By using this website, you agree to our Terms and Conditions and Privacy Policy. CryptoSlate has no affiliation or relationship with any coin, business, project or event unless explicitly stated otherwise. CryptoSlate is only an informational website that provides news about coins, blockchain companies, blockchain products and blockchain events. None of the information you read on CryptoSlate should be taken as investment advice. Buying and trading cryptocurrencies should be considered a high-risk activity. Please do your own diligence before making any investment decisions. CryptoSlate is not accountable, directly or indirectly, for any damage or loss incurred, alleged or otherwise, in connection to the use or reliance of any content you read on the site.
© 2025 CryptoSlate. All rights reserved. Disclaimers | Terms | Privacy | Cookie Settings

Please add ""[email protected]"" to your email whitelist.
Stay connected via
"
32,32.0,32.0,33,Bitcoin below $100K now ‘less likely’ as BTC price eyes liquidity at $106K,"{'name': 'Cointelegraph', 'icon': 'https://encrypted-tbn1.gstatic.com/faviconV2?url=https://cointelegraph.com&client=NEWS_360&size=96&type=FAVICON&fallback_opts=TYPE,SIZE,URL', 'authors': ['Nancy Lubale']}",https://cointelegraph.com/news/bitcoin-below-100k-less-likely-btc-price-liquidity-106k,"https://images.cointelegraph.com/cdn-cgi/image/format=auto,onerror=redirect,quality=90,width=1434/https://s3.cointelegraph.com/uploads/2025-06/01978259-a4ef-7ee7-9f2b-91167dbf03c2",https://news.google.com/api/attachments/CC8iK0NnNXZiRVZTUVdaVVIybzRaa3BWVFJERUF4aW5CU2dLTWdhVlZJcnJ1UVE,"06/18/2025, 09:42 AM, +0000 UTC",Bitcoin below $100K now ‘less likely’ as BTC price eyes liquidity at $106K
33,33.0,33.0,34,Bitcoin ‘weak hands’ sell 15K BTC at a loss: Are BTC lows under $100K next?,"{'name': 'Cointelegraph', 'icon': 'https://encrypted-tbn1.gstatic.com/faviconV2?url=https://cointelegraph.com&client=NEWS_360&size=96&type=FAVICON&fallback_opts=TYPE,SIZE,URL', 'authors': ['Biraajmaan Tamuly']}",https://cointelegraph.com/news/bitcoin-weak-hands-sell-15k-btc-at-a-loss-are-btc-lows-under-100k-next,"https://images.cointelegraph.com/cdn-cgi/image/format=auto,onerror=redirect,quality=90,width=1434/https://s3.cointelegraph.com/uploads/2025-06/01978898-703f-7aad-8133-924c13cd9f41",https://news.google.com/api/attachments/CC8iK0NnNVRha2hvWjJvdFYwbzNMWGx0VFJERUF4aW5CU2dLTWdhUlFZeG9wZ2c,"06/19/2025, 09:13 PM, +0000 UTC",Bitcoin ‘weak hands’ sell 15K BTC at a loss: Are BTC lows under $100K next?
34,34.0,34.0,35,Trump’s Iran Strike Sends Shockwaves Through Crypto—Bitcoin Briefly Slips Below $101K,"{'name': 'Bitcoin.com News', 'icon': 'https://encrypted-tbn2.gstatic.com/faviconV2?url=https://news.bitcoin.com&client=NEWS_360&size=96&type=FAVICON&fallback_opts=TYPE,SIZE,URL', 'authors': ['Jamie Redman']}",https://news.bitcoin.com/trumps-iran-strike-sends-shockwaves-through-crypto-bitcoin-briefly-slips-below-101k/,https://static.news.bitcoin.com/wp-content/uploads/2025/06/b2s.png,https://news.google.com/api/attachments/CC8iI0NnNU5URU40TkMxMmIxTlFNR3BTVFJDb0FSaXNBaWdCTWdB,"06/22/2025, 12:31 AM, +0000 UTC",Trump’s Iran Strike Sends Shockwaves Through Crypto—Bitcoin Briefly Slips Below $101K
35,35.0,35.0,36,Bitcoin Network Activity Slows While Price Lingers Near Highs,"{'name': 'Bloomberg.com', 'icon': 'https://encrypted-tbn1.gstatic.com/faviconV2?url=https://www.bloomberg.com&client=NEWS_360&size=96&type=FAVICON&fallback_opts=TYPE,SIZE,URL', 'authors': ['Kirk Ogunrinde']}",https://www.bloomberg.com/news/articles/2025-06-20/bitcoin-network-activity-slows-while-price-lingers-near-highs,https://assets.bwbx.io/images/users/iqjWHBFdfxIU/idwpF9JQA69o/v1/-1x-1.webp,https://news.google.com/api/attachments/CC8iK0NnNUVZV3BsYjNwRGFrZ3lYemw0VFJERUF4aW1CU2dLTWdZVmdZNUpOZ1U,"06/20/2025, 08:22 PM, +0000 UTC",Bitcoin Network Activity Slows While Price Lingers Near Highs
36,36.0,36.0,37,Bitcoin to Ether shift going unnoticed with ‘bear market PTSD’ — Trader,"{'name': 'Cointelegraph', 'icon': 'https://encrypted-tbn1.gstatic.com/faviconV2?url=https://cointelegraph.com&client=NEWS_360&size=96&type=FAVICON&fallback_opts=TYPE,SIZE,URL', 'authors': ['Ciaran Lyons']}",https://cointelegraph.com/news/bitcoin-ether-rotation-going-unnoticed-bear-market-fear-crypto-trader,"https://images.cointelegraph.com/cdn-cgi/image/format=auto,onerror=redirect,quality=90,width=1434/https://s3.cointelegraph.com/uploads/2025-01/0194727e-e079-746f-a0eb-e65ee439637d",https://news.google.com/api/attachments/CC8iK0NnNXpTVlY1U1dOWmJWRTVUVWRWVFJERUF4aW5CU2dLTWdZQklJd3hJUWc,"06/19/2025, 06:11 AM, +0000 UTC",Bitcoin to Ether shift going unnoticed with ‘bear market PTSD’ — Trader
37,37.0,37.0,38,Bitcoin Hyper ($HYPER) – The 100x Play as Bitcoin Mirrors Gold's Breakout,"{'name': 'Bitcoinist.com', 'icon': 'https://encrypted-tbn1.gstatic.com/faviconV2?url=https://bitcoinist.com&client=NEWS_360&size=96&type=FAVICON&fallback_opts=TYPE,SIZE,URL'}",https://bitcoinist.com/if-bitcoin-is-mirroring-gold-bitcoin-hyper-could-be-the-100x-amplifier/,https://bitcoinist.com/wp-content/uploads/2025/06/if-bitcoin-is-mirroring-gold-bitcoin-hyper-could-be-the-100x-amplifier_f2bf69.jpg?fit=1200%2C675,https://news.google.com/api/attachments/CC8iK0NnNVdSRXR0WkdscFkzcGxWVmRRVFJDZkF4ampCU2dLTWdhSklZcjBvQVk,"06/22/2025, 01:21 PM, +0000 UTC","Gold finally broke free back in 2024, launching into a clean parabolic run after weeks of quiet buildup. According to well-known crypto trader DonAlt, Bitcoin is now doing something eerily similar.
He describes $BTC’s current price action as a carbon copy of gold’s pre-breakout behavior. And if history is about to rhyme, then Bitcoin could be moments away from its own explosive move.
The people who missed the early Bitcoin wave and are now scanning the horizon for something that can move faster and hit harder when BTC lights up again?
That’s where Bitcoin Hyper ($HYPER) comes in. A new crypto project built specifically for this kind of moment.
When gold finally cleared $2,1K in 2024 after weeks of grinding resistance, it triggered a vertical surge, climbing over 60% to its current price above $3,3K.
Now, crypto analyst DonAlt believes Bitcoin is setting up for the same kind of breakout.
With $BTC hovering around $102K, he says it’s consolidating just below $110K, retesting the same level multiple times – just like gold did before its parabolic move.
DonAlt told his 66K YouTube followers that Bitcoin has become ‘that kind of asset,’ one that wears traders down with fakeouts before erupting upward.
If the pattern holds, $BTC isn’t just heading for a new all-time high – it’s preparing to go ‘up only,’ just like gold did.
Bitcoin Hyper ($HYPER) is a Bitcoin Layer 2 – not a sidechain, not a shortcut. It’s a full-speed, full-power execution layer that finally gives Bitcoin what it’s been missing for years: scalability.
If Bitcoin is the slow, steady base layer of value, Bitcoin Hyper is where the action happens. Fast payments, meme coins, DeFi apps, and instant swaps – it all comes alive on Hyper.

Built on the Solana Virtual Machine (SVM), Bitcoin Hyper combines the speed and efficiency of Solana with the trust and weight of Bitcoin. That means sub-second transactions, near-zero fees, and cross-chain compatibility right out of the box.
Hyper unlocks a whole new world where Bitcoin isn’t just a store of value – it’s fuel for culture, gaming, NFTs, and everything else the degens demand.
It’s built for builders, traders, and dreamers. And everything on the network runs on one token: $HYPER.
With true interoperability across Bitcoin, Solana, Ethereum, and beyond, this Layer 2 isn’t just about tech.
It’s about unleashing Bitcoin’s full potential – with speed, utility, and meme power combined. And at just over one cent per token, that potential is still dirt cheap.
$HYPER has already raised over $1.5M in the presale. Right now, you can buy this token for just $0.011975.

That’s not even two cents. And yet price forecasts suggest this coin could reach as high as $0.32 by the end of 2025.
Let’s break that down. If you bought $1K worth of HYPER today at the presale price, you’d get around 83,5K tokens.
If the price hits the 2025 high forecast of $0.32, your stack would be worth over $26,7K. That’s a 2570% gain – 26x from where we are now.
But it gets better with staking. While Bitcoin Hyper offers a dynamic APY that can vary over time, let’s take a modest 20% as a baseline for this example.
At today’s price, those extra tokens alone are worth around $200. But if the price hits that $0.32 forecast, your full stack would be worth over $32K.
That’s the power of getting in early. Low entry, solid yield, and real potential for exponential upside. You don’t need a six-figure portfolio. You just need timing and conviction.
Bitcoin Hyper is built for this exact kind of moment – when Bitcoin heats up, and everyone starts looking for the 100x shadow runner.
Bitcoin may be gearing up for its next big move, echoing gold’s explosive 2024 run. But history shows the real gains often come from the smaller, faster assets riding the wave.
Bitcoin Hyper is built to be that amplifier – a high-speed Layer 2 positioned for the spotlight. And with the crypto presale still open, it’s one of the few rockets left on the launch pad.
This article is for informational purposes only and doesn’t constitute financial advice. Always do your own research (DYOR) before investing in crypto.
For updates and exclusive offers enter your email.

				As a crypto writer, Bogdan’s responsibilities are split between researching and writing articles and entertaining the team with his humor bordering on the politically incorrect, an aspiring Bill Burr, if you will.

Thanks to his 12+ years of writing experience in just as many fields, including tech, cybersecurity, modelling, fitness, crypto, and other topics-that-shall-not-be-named, he's become a genuine asset to the team.

While his position as a senior writer at PrivacyAffairs thought him valuable lessons about the power of self-management, his entire writing career was and is an exercise in self-improvement.

Now, he's ready to sink his teeth into crypto and teach people how to take control of their own money on the blockchain. With fiat as an eternally devaluing currency, Bitcoin and altcoins seem like the best-fitting alternative for Bogdan.

Bogdan’s biggest professional accomplishment, aside from securing a position as a main writer for Bitcoinist, was his 5-year run as a writing manager at Blackwood Productions, where he coordinated a team of four writers.

During that time, he learned the value of teamwork and that of creating a working environment that breeds efficiency, positivity, and friendship.			
Bitcoin news portal providing breaking news, guides, price analysis about decentralized digital money & blockchain technology.
© 2025 Bitcoinist. All Rights Reserved.
"
38,38.0,38.0,39,Historical Bitcoin trend calls for $330K BTC price before bull market ends,"{'name': 'Cointelegraph', 'icon': 'https://encrypted-tbn1.gstatic.com/faviconV2?url=https://cointelegraph.com&client=NEWS_360&size=96&type=FAVICON&fallback_opts=TYPE,SIZE,URL', 'authors': ['Biraajmaan Tamuly']}",https://cointelegraph.com/news/historical-bitcoin-trend-calls-for-330k-btc-price-before-bull-market-ends,"https://images.cointelegraph.com/cdn-cgi/image/format=auto,onerror=redirect,quality=90,width=1434/https://s3.cointelegraph.com/uploads/2025-06/019782f9-3708-7d23-9b3c-20a3b56ddd63",https://news.google.com/api/attachments/CC8iI0NnNXJObGM1VkVaSU5HMWtlbTU2VFJERUF4aW5CU2dLTWdB,"06/21/2025, 06:01 PM, +0000 UTC",Historical Bitcoin trend calls for $330K BTC price before bull market ends
39,39.0,39.0,40,"Can a $10,000 Investment in Bitcoin Turn Into $1 Million By 2035?","{'name': 'Yahoo Finance', 'icon': 'https://encrypted-tbn1.gstatic.com/faviconV2?url=https://finance.yahoo.com&client=NEWS_360&size=96&type=FAVICON&fallback_opts=TYPE,SIZE,URL', 'authors': ['Alex Carchidi']}",https://finance.yahoo.com/news/10-000-investment-bitcoin-turn-100000506.html,https://s.yimg.com/ny/api/res/1.2/T04NTtJU6KodGW4._2xEKQ--/YXBwaWQ9aGlnaGxhbmRlcjt3PTY0MDtoPTQyNw--/https://media.zenfs.com/en/motleyfool.com/555d899e21689fb014263dc95349e3e0,https://news.google.com/api/attachments/CC8iMkNnNDJSVVZpTjA5bVNXZGZlVmR0VFJDckF4aUFCU2dLTWdzQlFJeXRzYVlXcUFvNFRR,"06/21/2025, 10:00 AM, +0000 UTC","Can a $10,000 Investment in Bitcoin Turn Into $1 Million By 2035?"
40,40.0,40.0,41,Bitcoin Suddenly Braced For $37 Trillion Fed Price Earthquake As Trump Suddenly Flips,"{'name': 'Forbes', 'icon': 'https://encrypted-tbn2.gstatic.com/faviconV2?url=https://www.forbes.com&client=NEWS_360&size=96&type=FAVICON&fallback_opts=TYPE,SIZE,URL', 'authors': ['Billy Bambrough']}",https://www.forbes.com/sites/digital-assets/2025/06/21/bitcoin-suddenly-braced-for-37-trillion-fed-price-earthquake-as-trump-suddenly-flips/,https://imageio.forbes.com/specials-images/imageserve/633c2741f081733a2a78b209/Fed--Federal-Reserve--Jerome-Powell--Donald-Trump--bitcoin--bitcoin-price--crypto-/960x0.jpg?height=482&width=711&fit=bounds,https://news.google.com/api/attachments/CC8iK0NnNDFZVkZTZG5WdmJDMXZTR3gyVFJESUF4aWdCU2dLTWdhUk5ZUm9vZ2M,"06/21/2025, 11:30 AM, +0000 UTC","ByBilly Bambrough

ByBilly Bambrough,
 Senior Contributor. 
Bitcoin has surged over the last year, helped by U.S. president Donald Trump’s prediction that “massive” bitcoin and crypto investment is coming.
Front-run Donald Trump, the White House and Wall Street by subscribing now to Forbes’ CryptoAsset & Blockchain Advisor where you can ""uncover blockchain blockbusters poised for 1,000% plus gains!""
The bitcoin price, up around 50% since plummeting to April lows, has found a floor at $100,000 despite a surprise “big risk” recently emerging.
Now, after the U.S. Senate passed a crypto bill predicted to “unleash trillions,” the bitcoin price is braced for a Federal Reserve earthquake after Trump renewed his attack on chair Jerome Powell over interest rates as U.S. debt tops $37 trillion.
Sign up now for the free CryptoCodex—A daily five-minute newsletter for traders, investors and the crypto-curious that will get you up to date and keep you ahead of the bitcoin and crypto market bull run
Federal Reserve chair Jerome Powell is under fire from U.S. president Donald Trump—with the bitcoin ... More price predicted to benefit if the Fed flips dovish.
""I don’t know why the board doesn’t override (Powell),"" Trump posted to his Truth Social account in a lengthy message in which he branded Powell a “moron"" and heavily criticized Fed policy that he claims is costing the U.S. $1 trillion per year in interest payments. ""Maybe, just maybe, I’ll have to change my mind about firing him? But regardless, his term ends shortly.""
U.S. debt has skyrocketed in recent years following huge government spending through the Covid-era and lockdowns, with interest rates that were rapidly hiked to rein in inflation adding to the cost of servicing the ballooning $37 trillion U.S. debt pile.
Earlier this month, Trump confirmed a decision on the next Federal Reserve chair will be coming out “ very soon,” after earlier warning he was considering firing Powell if rates weren’t brought down.
Trump also called Powell a “numbskull,"" adding: “I fully understand that my strong criticism of him makes it more difficult for him to do what he should be doing, lowering rates, but I’ve tried it all different ways. I’ve been nice, I’ve been neutral, and I’ve been nasty, and nice and neutral didn’t work!”
This week, the Fed kept interest rates on hold again after kicking of a reduction cycle in September that’s been put on pause due to fears Trump’s global trade tariffs could see a return of inflation.
However, Fed governor Christopher Waller has said he doesn’t expect Trump’s tariffs to drive inflation higher so policymakers should be looking to lower interest rates as early as July.
“If you’re starting to worry about the downside risk [to the] labor market, move now, don’t wait,” Waller told CNBC. The futures market currently puts the chances of a Fed rate cut in July at just 10%, according to CME FedWatch.
Lower interest rates are generally believed to be supportive of risk assets like bitcoin, crypto and high-growth technology stocks as money more easily flows though the economic system, with bitcoin price and crypto analysts predicting a bitcoin price boom if the Fed moves to rapidly reduce rates.
Sign up now for CryptoCodex—A free, daily newsletter for the crypto-curious
The bitcoin price has rocketed higher over the last year, with U.S. president Donald Trump boosting ... More the bitcoin price and wider crypto market.
The “dot plot from the Federal Reserve was somewhat of a relief, with projections of two rate cuts this year alleviating fears of no more cuts at all in 2025,” Elliot Johnson, chief executive of the Bitcoin Treasury Corporation, said in emailed comments.
“But beyond this short-term noise, there are even more reasons to be optimistic. Bitcoin’s recent strength isn’t only a testament to its resilience or its growing appeal as a safe-haven asset, but also its growing importance as an alternative to the devaluing U.S. dollar and a legitimate long-term treasury asset.”
Others have pointed to bitcoin’s price performance through recent market volatility as helping to establish it as a safe-haven similar to gold.
“As confidence in a perfectly engineered ""soft landing"" wanes, and as global financial currents diverge, bitcoin’s fundamental properties—its scarcity, decentralization, and neutrality—make it an increasingly relevant and compelling asset for investors navigating an uncertain future,"" David Hernandez, crypto investment specialist at 21Shares, said via email.
“Bitcoin has firmly cemented itself above $100,000, and its resilience amid geopolitical shocks demonstrates its widespread adoption and developing investment case.”
"
41,41.0,41.0,42,25% Bitcoin price rally set to follow today’s correction if history repeats,"{'name': 'Cointelegraph', 'icon': 'https://encrypted-tbn1.gstatic.com/faviconV2?url=https://cointelegraph.com&client=NEWS_360&size=96&type=FAVICON&fallback_opts=TYPE,SIZE,URL', 'authors': ['Biraajmaan Tamuly']}",https://cointelegraph.com/news/25-bitcoin-price-rally-set-to-follow-today-s-correction-if-history-repeats,"https://images.cointelegraph.com/cdn-cgi/image/format=auto,onerror=redirect,quality=90,width=1434/https://s3.cointelegraph.com/uploads/2025-06/01977ed7-2316-704b-9f6c-70a9d5c7d9b9",https://news.google.com/api/attachments/CC8iK0NnNXFVSFJyUTFKellXRjZaVm96VFJERUF4aW5CU2dLTWdZZEE0YXV5UU0,"06/17/2025, 09:57 PM, +0000 UTC",25% Bitcoin price rally set to follow today’s correction if history repeats
42,42.0,42.0,43,Bitcoin volume metric suggests '$130K-$135K BTC will happen' in the summer,"{'name': 'Cointelegraph', 'icon': 'https://encrypted-tbn1.gstatic.com/faviconV2?url=https://cointelegraph.com&client=NEWS_360&size=96&type=FAVICON&fallback_opts=TYPE,SIZE,URL', 'authors': ['Yashu Gola']}",https://cointelegraph.com/news/bitcoin-volume-metric-suggests-130k-135k-btc-will-happen-in-the-summer,"https://images.cointelegraph.com/cdn-cgi/image/format=auto,onerror=redirect,quality=90,width=1434/https://s3.cointelegraph.com/uploads/2025-06/01978831-f29c-7d1e-9c07-a4b3e8a9417f",https://news.google.com/api/attachments/CC8iK0NnNUNkMlJhWW5KNmFFVlNVSGx0VFJERUF4aW5CU2dLTWdhcDVZVE56UU0,"06/19/2025, 02:46 PM, +0000 UTC",Bitcoin volume metric suggests '$130K-$135K BTC will happen' in the summer
43,43.0,43.0,44,Trump Confirms ‘Massive’ Crypto Price Game-Changer As ‘Trillions’ Predicted To Hit Bitcoin Market,"{'name': 'Forbes', 'icon': 'https://encrypted-tbn2.gstatic.com/faviconV2?url=https://www.forbes.com&client=NEWS_360&size=96&type=FAVICON&fallback_opts=TYPE,SIZE,URL', 'authors': ['Billy Bambrough']}",https://www.forbes.com/sites/digital-assets/2025/06/19/trump-confirms-massive-crypto-price-game-changer-as-trillions-predicted-to-hit-bitcoin-market/,"https://imageio.forbes.com/specials-images/imageserve/6853b00ba74070bb63badf97/Donald-Trump--Trump--bitcoin--bitcoin-price--crypto--bitcoin-price-prediction--image/0x0.jpg?crop=1941,1241,x189,y98,safe&height=454&width=711&fit=bounds",https://news.google.com/api/attachments/CC8iK0NnNVhNVkE1WkZNdFlYbDJjRU5TVFJDN0F4aTFCU2dLTWdZcGxZN05zUVk,"06/19/2025, 11:15 AM, +0000 UTC","ByBilly Bambrough

ByBilly Bambrough,
 Senior Contributor. 
Bitcoin and crypto prices have rocketed over the last year as traders bet on U.S. president Donald Trump’s administration boosting prices (helped by Treasury secretary Scott Bessent issuing a huge crypto market prediction).
Front-run Donald Trump, the White House and Wall Street by subscribing now to Forbes’ CryptoAsset & Blockchain Advisor where you can ""uncover blockchain blockbusters poised for 1,000% plus gains!""
The bitcoin price topped $100,000 late last year and has rebounded back above the psychological level after plunging along with stocks as a result of Trump’s so-called Liberation Day of global trade tariffs—with a fresh bitcoin price crash fear suddenly emerging.
Now, as Coinbase issues a serious bitcoin price warning, Trump has said the Senate passing a key piece of stablecoin legislation will lead to “massive” crypto investment.
Sign up now for the free CryptoCodex—A daily five-minute newsletter for traders, investors and the crypto-curious that will get you up to date and keep you ahead of the bitcoin and crypto market bull run
U.S. president Donald Trump has predicted ""massive"" crypto investment as a result of the Genius Act ... More stablecoin bill—something many expect to boost the bitcoin price and crypto market.
“The Senate just passed an incredible bill that is going to make America the undisputed leader in digital assets,"" Trump posted to his Truth Social account, referring to the so-called Genius Act stablecoin bill and adding the U.S. is going to “show the world how to win” with bitcoin and crypto.
“Nobody will do it better, it is pure Genius! Digital assets are the future, and our nation is going to own it. We are talking about massive investment, and big innovation.”
The stablecoin market—dominated by Tether’s USDT and Circle’s USDC—has rocketed from almost zero 10 years ago to $250 billion today, with Wall Street, the world’s biggest retailers and Silicon Valley technology giants scrambling to grab a slice of the red-hot market.
This week, U.S. lawmakers in the Senate voted 68-30 to approve the bipartisan “Guiding and Establishing National Innovation for U.S. Stablecoins,” known as the Genius Act, which would establish a regulatory framework for stablecoins, legitimizing their use for issuers and custodians.
Before the bill can be sent on to U.S. president Donald Trump’s desk for his signature, it must be voted through the House of Representatives.
House lawmakers can either vote on it as written or pursue changes that will require a final round in the Senate.
“The House will hopefully move lightening fast, and pass a 'clean’ Genius Act,” Trump said. “Get it to my desk, ASAP—no delays and no add ons.”
Sign up now for CryptoCodex—A free, daily newsletter for the crypto-curious
The bitcoin price has surged over the last year, helped by U.S. president Donald Trump's embrace of ... More bitcoin and crypto.
Meanwhile, Trump’s crypto czar David Sacks has echoed a crypto market prediction made by U.S. Treasury secretary Scott Bessent, telling Bloomberg he expects the stablecoin bill will lead to the dollar-pegged stablecoin market surging 10-fold from $250 billion to trillions of dollars.
“The float is expected to grow from $250 billion to trillions of dollars,"" Sacks said, adding he expects “blockchain-based infrastructure will be used as a new kind of dollar-based payment system,” calling it the “payments system of the future.”
Attention is now shifting to the crypto market structure legislation known as the Clarity Act, which has been described by senator Cynthia Lummis as step two in the Trump administration’s three-step plan for crypto legislation, with step three getting the bitcoin strategic reserve signed into law.
The Genius Act’s passage through the Senate ""brings us one step closer to becoming a welcoming home for digital asset companies. Now, let’s finish the job and pass market structure legislation to fulfil [Trump's] vision of becoming the crypto capital of the world,"" Lummis posted to X.
"
44,44.0,44.0,45,"Why Is Crypto Going Down? Bitcoin, Ethereum, XRP and Dogecoin Prices Lead Sell‑Off Amid Iran–Israel Escalation Fears","{'name': 'Finance Magnates', 'icon': 'https://encrypted-tbn1.gstatic.com/faviconV2?url=https://www.financemagnates.com&client=NEWS_360&size=96&type=FAVICON&fallback_opts=TYPE,SIZE,URL'}",https://www.financemagnates.com/trending/why-is-crypto-going-down-bitcoin-ethereum-xrp-and-dogecoin-prices-lead-selloff-amid-iranisrael-escalation-fears/,https://images.financemagnates.com/images/crypto%20going%20down_id_776e4fe2-a098-468d-83e4-2e5106def7c2_size900.jpg,https://news.google.com/api/attachments/CC8iL0NnNXZNVFE1VDNSQ1oxRmFkMDl0VFJDY0F4am9CU2dLTWdtQklJaE9LZWFaeGdJ,"06/18/2025, 10:15 AM, +0000 UTC","
      Subscribe to our News & Services
    

          Subscribe to our News & Services
        

            FM ALL News
          

            FM Crypto
          

            Follow us on Twitter
          

            Follow us on Linkedin
          
Cryptocurrency
markets faced significant headwinds today (Wednesday), June 18, 2025, with
major digital assets including Bitcoin (BTC) experiencing widespread declines
amid mounting geopolitical tensions and macroeconomic uncertainty. 
The total
cryptocurrency market capitalization dropped 1.6% to $3.28 trillion as
investors retreated from risk assets following escalating Middle East tensions
and policy uncertainty.
In this
article, we answer the question of why crypto is going down today, why Dogecoin
is falling for the fifth consecutive session, and what the outlook is for the
digital asset market.
Bitcoin
demonstrated relative stability compared to altcoins, declining 1.4% to trade
at $104,737. The world's largest cryptocurrency has managed to hold above the
psychologically important $100,000 level despite facing pressure from multiple
fronts. Over the past week, Bitcoin has declined in six of seven trading
sessions, reflecting broader market caution.
The
cryptocurrency's price action has been influenced by President Trump's recent
comments regarding Iran's supreme leader, which he described as an “easy
target,” sparking fresh geopolitical concerns. Bitcoin briefly dipped from
$104,310 to $103,553 following these remarks before recovering.
Technical
analysis suggests Bitcoin  
            Bitcoin
           
      While some may still be wondering what is Bitcoin, who created Bitcoin, or how does Bitcoin work, one thing is certain: Bitcoin has changed the world.No one can remain indifferent to this revolutionary, decentralized, digital asset nor to its blockchain technology.In fact, we’ve gone a long way ever since a Florida resident Laszlo Hanyecz made BTC’s first official commercial transaction with a real company by trading 10,000 Bitcoins for 2 pizzas at his local Papa John’s.One could now argue that 
     
    While some may still be wondering what is Bitcoin, who created Bitcoin, or how does Bitcoin work, one thing is certain: Bitcoin has changed the world.No one can remain indifferent to this revolutionary, decentralized, digital asset nor to its blockchain technology.In fact, we’ve gone a long way ever since a Florida resident Laszlo Hanyecz made BTC’s first official commercial transaction with a real company by trading 10,000 Bitcoins for 2 pizzas at his local Papa John’s.One could now argue that 
    Read this Term faces critical support at the $102,000 level.
Bitfinex analysts noted that “Bitcoin is still at risk of falling further,
and it must hold above $102,000 to stay on track for a potential rebound.”
Long-term holders remain relatively inactive, indicating no widespread
profit-taking despite recent volatility.
“Mirroring
the risk off mindset prevalent across markets, cryptocurrency prices were no
exception overnight. Geo-political issues around the Middle-East and threat of
escalation in one of the major oil producing regions has sent oil and bond
prices higher and risk assets like equities and crypto lower. We can expect to
see some consolidation until the political situation in the Middle-East calms
down and investors once again swing away from bonds,” Paul Howard, Director at Wincent, commented for FinanceMagnates.com.
Ethereum (ETH)
experienced a sharper decline, falling 1.6% to $2,525. The second-largest
cryptocurrency by market capitalization has struggled to maintain momentum
above the $2,500 support level. Earlier in the session, Ethereum dropped as
much as 8% before paring losses.
The
cryptocurrency's performance reflects broader altcoin weakness, with technical
indicators showing continued downward pressure. Ethereum's decline comes
despite positive developments in the broader ecosystem, including continued
institutional interest and regulatory clarity around stablecoins.
Market
observers point to Ethereum's correlation with risk assets as a key factor in
its recent underperformance. The token has been particularly sensitive to
macroeconomic developments and geopolitical tensions.
Ethereum
must defend the $2,500 level to prevent further deterioration, while XRP faces
resistance at $2.20 with potential downside targets around $2.10.
XRP
suffered one of the steepest declines among major cryptocurrencies, falling
over 3% to $2.15. The Ripple-associated token has now declined nearly 9% for
the week, facing resistance at the $2.20 level.
High-volume
selling pressure dominated XRP trading, with the sharpest declines occurring
during peak trading hours. Technical analysis reveals a descending channel
pattern, suggesting continued bearish momentum unless buyers can reclaim key
resistance levels.
The token's
weakness comes despite ongoing developments in Ripple's ecosystem, including
the upcoming RLUSD stablecoin deployment and regulatory progress in Dubai and
Singapore markets.
Dogecoin
(DOGE) continued its downward trajectory, falling 1.5% to $0.17, marking the
fifth consecutive day of declines. The meme-inspired cryptocurrency has been
particularly vulnerable to the current risk-off sentiment, dropping from $0.176
to $0.164 during the session's most intense selling period.
The
cryptocurrency found support at the $0.164 level, forming what some analysts
view as a potential double bottom pattern. However, trading volume has declined
sharply as the market awaits clearer directional signals.
“What’s telling is the pressure on second-tier altcoins.
Look at the daily candles and monthly performance: XRP and SOL are down more
than 6%, while DOGE, SUI, ADA, and AVAX have dropped over 15%. This divergence
suggests a market that’s becoming more selective favoring large-cap resilience
while shedding riskier assets,” said Dr. Kirill Kretov from Coinpanel.
“That said, we have to remember: crypto market liquidity is still extremely
thin,” he added. “Volatility remains tightly managed by larger players who continue to
extract profits by hunting unhedged or leveraged participants. The current
environment rewards caution and punishes overexposure especially outside the
majors.”
The primary
catalyst for the current market weakness stems from escalating tensions between
Israel and Iran. Rising oil prices and concerns about potential U.S.
involvement have prompted investors to reduce exposure to risk assets,
including cryptocurrencies.
Over $230
million in long cryptocurrency positions were liquidated in the past 12 hours,
according to Coinglass data. This forced selling has amplified downward
pressure across the market.
Adding to
the cryptocurrency market's woes, Iran's largest digital asset exchange Nobitex
suffered a devastating cyberattack that drained approximately $82 million from
its wallets on June 18, 2025. The Israeli-linked hacking group “Gonjeshke
Darande” (Predatory Sparrow) claimed responsibility for the breach, moving
stolen funds through provocatively named wallet addresses containing
anti-Iranian messaging across multiple blockchain networks including Tron,
Bitcoin, Dogecoin, and Ethereum-compatible chains.
Despite
near-term headwinds, the U.S. Senate's passage of the GENIUS Act represents a
significant milestone for the cryptocurrency industry. The bipartisan
legislation establishes a regulatory framework for stablecoins backed by
Treasury bills and high-quality liquid assets.
Despite
current weakness, several factors support potential recovery scenarios. The
cryptocurrency market has historically demonstrated resilience following
geopolitical shocks, and institutional adoption continues to grow.
Cryptocurrency
Source/Analyst
Price
  Target
Timeframe
Key
  Drivers
Bitcoin
Standard
  Chartered
$200,000
End of 2025
Institutional
  adoption, macroeconomic conditions
Bitcoin
Cathie Wood
  (Ark Invest)
$1,000,000
Within 5
  years
Finite supply, global store of
  value adoption
Bitcoin
Bitwise
$230,000
Current
  “fair value”
US fiscal instability, scarcity,
  sovereign debt concerns
Bitcoin
Bitfinex
$120,000–$125,000
Mid-2025
Favorable
  macroeconomic developments
Bitcoin
Tom Lee
  (Fundstrat)
$150,000–$250,000
End of 2025
Supply-demand imbalances, global
  liquidity
Bitcoin
VanEck
$180,000
2025 (cycle
  apex)
Dual-peak
  cycle pattern
Ethereum
CoinPedia
$5,925
End of 2025
Technical
  breakout, market expansion
Ethereum
Changelly
$3,392
2025 average
Conservative estimate based on
  trends
Ethereum
Bitpanda
$6,700
Late 2025
Bullish
  momentum acceleration
Ethereum
Multiple
  Analysts
$3,500–$4,000
2025
Cup-and-handle pattern, $2,800
  breakout
Ethereum
Conservative
  Range
$3,000–$3,700
End of 2025
Technical
  indicators, ETF developments
XRP
John Squire
$3.63
Near term
Falling wedge breakout, ETF
  approval
XRP
EGRAG
$27
2026
ETF approval,
  600–1,000% rally
XRP
Standard
  Chartered
$8.00
2026
Continued
  institutional adoption
XRP
Sistine
  Research
$33–$50
2030
Cup-and-handle
  pattern
XRP
Sistine
  Research
$77–$100
2030
  (stretched)
Extended cup-and-handle target
XRP
Armando
  Pantoja
$100+
Long-term
Cross-border
  payment adoption
XRP
Duefe
$500
2029
Post-2028
  Bitcoin halving effects
Dogecoin
InvestingHaven
$0.222–$1.44
2025
Market cycle
  patterns
Dogecoin
BTCDirect
$1.12
December 2025
Bullish
  momentum continuation
Dogecoin
Changelly
$0.24
2025 average
Conservative
  market estimate
Dogecoin
Dima James
  Potts
$1.50+
January 2025
Four-month
  cycle pattern
Dogecoin
Multiple
  Analysts
$0.85-$1.00
2025
Realistic range based on analysis
Dogecoin
Long-term
  Range
$1.19+
2030
Extended
  growth projections
Related: How High Can Bitcoin Go? New BTC Price Predictions Point to $200K in 2025 and $1M Long Term
The passage
of stablecoin  
            Stablecoin
           
      Unlike other cryptocurrencies like Bitcoin and Ethereum, stablecoins are cryptocurrencies that have been designed to keep a stable value. Placing a greater emphasis on stability over volatility can be a huge draw for some investors. Many individuals can be turned off from large swings and uncertainty presented by cryptos relative to other traditional assets.Stablecoins control for this volatility by being pegged to another cryptocurrency, fiat money, or to exchange-traded commodities, including 
     
    Unlike other cryptocurrencies like Bitcoin and Ethereum, stablecoins are cryptocurrencies that have been designed to keep a stable value. Placing a greater emphasis on stability over volatility can be a huge draw for some investors. Many individuals can be turned off from large swings and uncertainty presented by cryptos relative to other traditional assets.Stablecoins control for this volatility by being pegged to another cryptocurrency, fiat money, or to exchange-traded commodities, including 
    Read this Term legislation could accelerate mainstream adoption by enabling
traditional companies to incorporate cryptocurrency payment systems. This
regulatory clarity represents a structural positive for the industry's
long-term prospects.
However,
near-term volatility is likely to persist as markets navigate ongoing
geopolitical tensions and central bank policy decisions. The Federal Reserve's
upcoming policy meeting and continued Middle East developments will be key
catalysts for market direction.
Cryptocurrency
markets faced significant headwinds today (Wednesday), June 18, 2025, with
major digital assets including Bitcoin (BTC) experiencing widespread declines
amid mounting geopolitical tensions and macroeconomic uncertainty. 
The total
cryptocurrency market capitalization dropped 1.6% to $3.28 trillion as
investors retreated from risk assets following escalating Middle East tensions
and policy uncertainty.
In this
article, we answer the question of why crypto is going down today, why Dogecoin
is falling for the fifth consecutive session, and what the outlook is for the
digital asset market.
Bitcoin
demonstrated relative stability compared to altcoins, declining 1.4% to trade
at $104,737. The world's largest cryptocurrency has managed to hold above the
psychologically important $100,000 level despite facing pressure from multiple
fronts. Over the past week, Bitcoin has declined in six of seven trading
sessions, reflecting broader market caution.
The
cryptocurrency's price action has been influenced by President Trump's recent
comments regarding Iran's supreme leader, which he described as an “easy
target,” sparking fresh geopolitical concerns. Bitcoin briefly dipped from
$104,310 to $103,553 following these remarks before recovering.
Technical
analysis suggests Bitcoin  
            Bitcoin
           
      While some may still be wondering what is Bitcoin, who created Bitcoin, or how does Bitcoin work, one thing is certain: Bitcoin has changed the world.No one can remain indifferent to this revolutionary, decentralized, digital asset nor to its blockchain technology.In fact, we’ve gone a long way ever since a Florida resident Laszlo Hanyecz made BTC’s first official commercial transaction with a real company by trading 10,000 Bitcoins for 2 pizzas at his local Papa John’s.One could now argue that 
     
    While some may still be wondering what is Bitcoin, who created Bitcoin, or how does Bitcoin work, one thing is certain: Bitcoin has changed the world.No one can remain indifferent to this revolutionary, decentralized, digital asset nor to its blockchain technology.In fact, we’ve gone a long way ever since a Florida resident Laszlo Hanyecz made BTC’s first official commercial transaction with a real company by trading 10,000 Bitcoins for 2 pizzas at his local Papa John’s.One could now argue that 
    Read this Term faces critical support at the $102,000 level.
Bitfinex analysts noted that “Bitcoin is still at risk of falling further,
and it must hold above $102,000 to stay on track for a potential rebound.”
Long-term holders remain relatively inactive, indicating no widespread
profit-taking despite recent volatility.
“Mirroring
the risk off mindset prevalent across markets, cryptocurrency prices were no
exception overnight. Geo-political issues around the Middle-East and threat of
escalation in one of the major oil producing regions has sent oil and bond
prices higher and risk assets like equities and crypto lower. We can expect to
see some consolidation until the political situation in the Middle-East calms
down and investors once again swing away from bonds,” Paul Howard, Director at Wincent, commented for FinanceMagnates.com.
Ethereum (ETH)
experienced a sharper decline, falling 1.6% to $2,525. The second-largest
cryptocurrency by market capitalization has struggled to maintain momentum
above the $2,500 support level. Earlier in the session, Ethereum dropped as
much as 8% before paring losses.
The
cryptocurrency's performance reflects broader altcoin weakness, with technical
indicators showing continued downward pressure. Ethereum's decline comes
despite positive developments in the broader ecosystem, including continued
institutional interest and regulatory clarity around stablecoins.
Market
observers point to Ethereum's correlation with risk assets as a key factor in
its recent underperformance. The token has been particularly sensitive to
macroeconomic developments and geopolitical tensions.
Ethereum
must defend the $2,500 level to prevent further deterioration, while XRP faces
resistance at $2.20 with potential downside targets around $2.10.
XRP
suffered one of the steepest declines among major cryptocurrencies, falling
over 3% to $2.15. The Ripple-associated token has now declined nearly 9% for
the week, facing resistance at the $2.20 level.
High-volume
selling pressure dominated XRP trading, with the sharpest declines occurring
during peak trading hours. Technical analysis reveals a descending channel
pattern, suggesting continued bearish momentum unless buyers can reclaim key
resistance levels.
The token's
weakness comes despite ongoing developments in Ripple's ecosystem, including
the upcoming RLUSD stablecoin deployment and regulatory progress in Dubai and
Singapore markets.
Dogecoin
(DOGE) continued its downward trajectory, falling 1.5% to $0.17, marking the
fifth consecutive day of declines. The meme-inspired cryptocurrency has been
particularly vulnerable to the current risk-off sentiment, dropping from $0.176
to $0.164 during the session's most intense selling period.
The
cryptocurrency found support at the $0.164 level, forming what some analysts
view as a potential double bottom pattern. However, trading volume has declined
sharply as the market awaits clearer directional signals.
“What’s telling is the pressure on second-tier altcoins.
Look at the daily candles and monthly performance: XRP and SOL are down more
than 6%, while DOGE, SUI, ADA, and AVAX have dropped over 15%. This divergence
suggests a market that’s becoming more selective favoring large-cap resilience
while shedding riskier assets,” said Dr. Kirill Kretov from Coinpanel.
“That said, we have to remember: crypto market liquidity is still extremely
thin,” he added. “Volatility remains tightly managed by larger players who continue to
extract profits by hunting unhedged or leveraged participants. The current
environment rewards caution and punishes overexposure especially outside the
majors.”
The primary
catalyst for the current market weakness stems from escalating tensions between
Israel and Iran. Rising oil prices and concerns about potential U.S.
involvement have prompted investors to reduce exposure to risk assets,
including cryptocurrencies.
Over $230
million in long cryptocurrency positions were liquidated in the past 12 hours,
according to Coinglass data. This forced selling has amplified downward
pressure across the market.
Adding to
the cryptocurrency market's woes, Iran's largest digital asset exchange Nobitex
suffered a devastating cyberattack that drained approximately $82 million from
its wallets on June 18, 2025. The Israeli-linked hacking group “Gonjeshke
Darande” (Predatory Sparrow) claimed responsibility for the breach, moving
stolen funds through provocatively named wallet addresses containing
anti-Iranian messaging across multiple blockchain networks including Tron,
Bitcoin, Dogecoin, and Ethereum-compatible chains.
Despite
near-term headwinds, the U.S. Senate's passage of the GENIUS Act represents a
significant milestone for the cryptocurrency industry. The bipartisan
legislation establishes a regulatory framework for stablecoins backed by
Treasury bills and high-quality liquid assets.
Despite
current weakness, several factors support potential recovery scenarios. The
cryptocurrency market has historically demonstrated resilience following
geopolitical shocks, and institutional adoption continues to grow.
Cryptocurrency
Source/Analyst
Price
  Target
Timeframe
Key
  Drivers
Bitcoin
Standard
  Chartered
$200,000
End of 2025
Institutional
  adoption, macroeconomic conditions
Bitcoin
Cathie Wood
  (Ark Invest)
$1,000,000
Within 5
  years
Finite supply, global store of
  value adoption
Bitcoin
Bitwise
$230,000
Current
  “fair value”
US fiscal instability, scarcity,
  sovereign debt concerns
Bitcoin
Bitfinex
$120,000–$125,000
Mid-2025
Favorable
  macroeconomic developments
Bitcoin
Tom Lee
  (Fundstrat)
$150,000–$250,000
End of 2025
Supply-demand imbalances, global
  liquidity
Bitcoin
VanEck
$180,000
2025 (cycle
  apex)
Dual-peak
  cycle pattern
Ethereum
CoinPedia
$5,925
End of 2025
Technical
  breakout, market expansion
Ethereum
Changelly
$3,392
2025 average
Conservative estimate based on
  trends
Ethereum
Bitpanda
$6,700
Late 2025
Bullish
  momentum acceleration
Ethereum
Multiple
  Analysts
$3,500–$4,000
2025
Cup-and-handle pattern, $2,800
  breakout
Ethereum
Conservative
  Range
$3,000–$3,700
End of 2025
Technical
  indicators, ETF developments
XRP
John Squire
$3.63
Near term
Falling wedge breakout, ETF
  approval
XRP
EGRAG
$27
2026
ETF approval,
  600–1,000% rally
XRP
Standard
  Chartered
$8.00
2026
Continued
  institutional adoption
XRP
Sistine
  Research
$33–$50
2030
Cup-and-handle
  pattern
XRP
Sistine
  Research
$77–$100
2030
  (stretched)
Extended cup-and-handle target
XRP
Armando
  Pantoja
$100+
Long-term
Cross-border
  payment adoption
XRP
Duefe
$500
2029
Post-2028
  Bitcoin halving effects
Dogecoin
InvestingHaven
$0.222–$1.44
2025
Market cycle
  patterns
Dogecoin
BTCDirect
$1.12
December 2025
Bullish
  momentum continuation
Dogecoin
Changelly
$0.24
2025 average
Conservative
  market estimate
Dogecoin
Dima James
  Potts
$1.50+
January 2025
Four-month
  cycle pattern
Dogecoin
Multiple
  Analysts
$0.85-$1.00
2025
Realistic range based on analysis
Dogecoin
Long-term
  Range
$1.19+
2030
Extended
  growth projections
Related: How High Can Bitcoin Go? New BTC Price Predictions Point to $200K in 2025 and $1M Long Term
The passage
of stablecoin  
            Stablecoin
           
      Unlike other cryptocurrencies like Bitcoin and Ethereum, stablecoins are cryptocurrencies that have been designed to keep a stable value. Placing a greater emphasis on stability over volatility can be a huge draw for some investors. Many individuals can be turned off from large swings and uncertainty presented by cryptos relative to other traditional assets.Stablecoins control for this volatility by being pegged to another cryptocurrency, fiat money, or to exchange-traded commodities, including 
     
    Unlike other cryptocurrencies like Bitcoin and Ethereum, stablecoins are cryptocurrencies that have been designed to keep a stable value. Placing a greater emphasis on stability over volatility can be a huge draw for some investors. Many individuals can be turned off from large swings and uncertainty presented by cryptos relative to other traditional assets.Stablecoins control for this volatility by being pegged to another cryptocurrency, fiat money, or to exchange-traded commodities, including 
    Read this Term legislation could accelerate mainstream adoption by enabling
traditional companies to incorporate cryptocurrency payment systems. This
regulatory clarity represents a structural positive for the industry's
long-term prospects.
However,
near-term volatility is likely to persist as markets navigate ongoing
geopolitical tensions and central bank policy decisions. The Federal Reserve's
upcoming policy meeting and continued Middle East developments will be key
catalysts for market direction.

    Share this article
  

      Get all the top financial news delivered straight to your inbox. Stay informed, stay ahead.
    
By subscribing, you agree to our Terms of Use and Privacy Policy. You may unsubscribe at any time.
Follow Us
Looking for a Service?
Looking for a Service?

    Finance Magnates is a global B2B provider of multi-asset trading news,
    research and events with special focus on electronic trading, banking, and
    investing. Copyright © 2025 ""Finance Magnates CY Ltd."" All
    rights reserved.For more information, read our

    Terms,  Cookies 
    and
    Privacy Notice
     Manage Cookies
"
45,45.0,45.0,46,Bitcoin supply squeeze intensifies as ‘ancient’ holders eclipse newly mined BTC,"{'name': 'Cointelegraph', 'icon': 'https://encrypted-tbn1.gstatic.com/faviconV2?url=https://cointelegraph.com&client=NEWS_360&size=96&type=FAVICON&fallback_opts=TYPE,SIZE,URL', 'authors': ['Biraajmaan Tamuly']}",https://cointelegraph.com/news/bitcoin-supply-squeeze-intensifies-as-holders-surpass-daily-mined-btc,"https://images.cointelegraph.com/cdn-cgi/image/format=auto,onerror=redirect,quality=90,width=1434/https://s3.cointelegraph.com/uploads/2025-06/0197840f-2fb8-711f-8b5c-0f2cf5091479",https://news.google.com/api/attachments/CC8iK0NnNUtSVkJLVlhrdE5FOU5kamRaVFJERUF4aW5CU2dLTWdhVkU1Qm9HUWs,"06/18/2025, 07:56 PM, +0000 UTC",Bitcoin supply squeeze intensifies as ‘ancient’ holders eclipse newly mined BTC
46,46.0,46.0,47,Bitcoin should hold $100K as Q3 seasonality predicts sideways trading,"{'name': 'Cointelegraph', 'icon': 'https://encrypted-tbn1.gstatic.com/faviconV2?url=https://cointelegraph.com&client=NEWS_360&size=96&type=FAVICON&fallback_opts=TYPE,SIZE,URL', 'authors': ['Biraajmaan Tamuly']}",https://cointelegraph.com/news/bitcoin-capped-at-100k-if-q3-seasonal-data-repeats,"https://images.cointelegraph.com/cdn-cgi/image/format=auto,onerror=redirect,quality=90,width=1434/https://s3.cointelegraph.com/uploads/2025-06/01978de7-4d3f-72d3-bcc5-f17fde3f4dcd",https://news.google.com/api/attachments/CC8iK0NnNTRkbXc1Y0drNVYwTndkV1pyVFJERUF4aW5CU2dLTWdhQkFvb3d2UVE,"06/20/2025, 05:46 PM, +0000 UTC",Bitcoin should hold $100K as Q3 seasonality predicts sideways trading
47,47.0,47.0,48,"Bitcoin’s $96B open interest shows role leverage plays in rallies, but there is a risk","{'name': 'Cointelegraph', 'icon': 'https://encrypted-tbn1.gstatic.com/faviconV2?url=https://cointelegraph.com&client=NEWS_360&size=96&type=FAVICON&fallback_opts=TYPE,SIZE,URL', 'authors': ['Biraajmaan Tamuly']}",https://cointelegraph.com/news/bitcoin-leverage-use-sends-oi-to-96b-but-there-s-a-catch,"https://images.cointelegraph.com/cdn-cgi/image/format=auto,onerror=redirect,quality=90,width=1434/https://s3.cointelegraph.com/uploads/2025-06/01978db4-b5a4-7cf6-a0a4-37a46bbf5cd2",https://news.google.com/api/attachments/CC8iI0NnNVdaR3N5WnpodFZIZEJPWEo0VFJERUF4aW5CU2dLTWdB,"06/20/2025, 08:53 PM, +0000 UTC","Bitcoin’s $96B open interest shows role leverage plays in rallies, but there is a risk"
48,48.0,48.0,49,"BTC, ETH, DOGE, ADA News: Bitcoin's Plunge Below $103K Spurs Liquidation Wave","{'name': 'CoinDesk', 'icon': 'https://encrypted-tbn0.gstatic.com/faviconV2?url=https://www.coindesk.com&client=NEWS_360&size=96&type=FAVICON&fallback_opts=TYPE,SIZE,URL', 'authors': ['Krisztian Sandor']}",https://www.coindesk.com/markets/2025/06/20/bitcoin-quickly-plunges-below-103k-with-volatility-burst-spurring-450m-in-crypto-liquidations,https://www.coindesk.com/_next/image?url=https%3A%2F%2Fcdn.sanity.io%2Fimages%2Fs3y3vcno%2Fproduction%2Fa0100e455b7854d0ab197709abde8dc53d48cc74-700x430.png%3Fauto%3Dformat&w=3840&q=75,https://news.google.com/api/attachments/CC8iK0NnNWFWUzF1V1d0eVYyRnlOMnBTVFJDdUF4aThCU2dLTWdZQkFJYWlqZ3M,"06/20/2025, 06:56 PM, +0000 UTC","What started as a positive day for crypto markets quickly reversed during the U.S. session with bitcoin BTC$99,658.31 sliding below $103,000 from the $106,500 level just hours earlier.
At press time, bitcoin had pared some of the losses, returning to $103,200, down 1.2% over the past 24 hours.
Other large cryptocurrencies endured steeper declines. Ethereum's ether ETH$2,193.32 saw a sharp 4.5% drop in just 90 minutes to as low as $2,372, with trading volume spiking to nearly 800,000 ETH, nearly eight times the average hourly volume, per CoinDesk data. Solana's SOL SOL$130.92, dogecoin DOGE$0.15016 and Cardano's ADA ADA$0.53525 were 3%-5% lower over the same period.
The volatility burst caught many traders off-guard, liquidating about $450 million in derivatives trading positions on centralized exchanges across all digital assets, CoinGlass data shows. Some $387 million of liquidations were tied to long positions that bet on profiting from rising prices.
While macro risks abound — among them the ongoing conflict between Israel and Iran — there was no immediate external reason for the sudden price swing. The S&P 500 and the Nasdaq 100 indexes only inched lower during the day.
Zooming out, BTC continues to trade within a sideways range between $100,000 and $110,000, consolidating just below its all-time record level.
""The mixed view of whether BTC will go above $110,000 again or drop into the $90,000 area doesn’t surprise me at all and underscores the overall indecision people and markets feel,"" said James Toledano, chief operating officer at Unity Wallet.
""The present BTC stalemate reflects a market caught between bullish long-term sentiment and short-term macroeconomic and geopolitical uncertainty,"" he added.
Krisztian Sandor is a U.S. markets reporter focusing on stablecoins, tokenization, real-world assets. He graduated from New York University's business and economic reporting program before joining CoinDesk. He holds BTC, SOL and ETH.
CoinDesk Analytics is CoinDesk's AI-powered tool that, with the help of human reporters, generates market data analysis, price movement reports, and financial content focused on cryptocurrency and blockchain markets. 
All content produced by CoinDesk Analytics is undergoes human editing by CoinDesk's editorial team before publication. The tool synthesizes market data and information from CoinDesk Data and other sources to create timely market reports, with all external sources clearly attributed within each article. 
CoinDesk Analytics operates under CoinDesk's AI content guidelines, which prioritize accuracy, transparency, and editorial oversight. Learn more about CoinDesk's approach to AI-generated content in our AI policy.
About
Contact
"
49,49.0,49.0,50,"BTC, SOL, ADA, DOGE Bets Liquidated for $595M as U.S. Bombs Iran Nuclear Sites","{'name': 'CoinDesk', 'icon': 'https://encrypted-tbn0.gstatic.com/faviconV2?url=https://www.coindesk.com&client=NEWS_360&size=96&type=FAVICON&fallback_opts=TYPE,SIZE,URL', 'authors': ['Shaurya Malwa']}",https://www.coindesk.com/markets/2025/06/22/bullish-crypto-bets-liquidated-for-595m-as-us-bombs-iran-nuclear-sites,https://www.coindesk.com/_next/image?url=https%3A%2F%2Fcdn.sanity.io%2Fimages%2Fs3y3vcno%2Fproduction%2Fc7ae88a77bf404bdd0f5256ff7798c3d6074d658-6720x4480.jpg%3Fauto%3Dformat&w=3840&q=75,https://news.google.com/api/attachments/CC8iK0NnNUNlVkJQVFVSV2NUaFJhMDFqVFJERUF4aW1CU2dLTWdhaHdvWk9SUVE,"06/22/2025, 07:19 AM, +0000 UTC","Crypto bulls were blindsided Friday after the U.S. military launched airstrikes on Iran’s key nuclear sites, triggering a sharp selloff and $595 million in long-position liquidations.

The move, announced by former President Donald Trump, saw bombers hit Fordow, Natanz, and Isfahan — three of Iran’s main uranium enrichment facilities. The geopolitical jolt rattled global markets and sent crypto into a tailspin on Sunday.

In the past 24 hours, 172,853 traders were liquidated, with total losses hitting $681.8 million, meaning 87% of it was from longs. Ether (ETH) traders took the biggest hit with $282 million in liquidations, followed by bitcoin (BTC) tracked trades at $151 million.Futures tracking other majors, such as SOL, XRP, and DOGE also faced heavy losses, with at least over $22 million in losses.Liquidation refers to when an exchange forcefully closes a trader’s leveraged position due to a partial or total loss of the trader’s initial margin. It happens when a trader is unable to meet the margin requirements for a leveraged position (fails to have sufficient funds to keep the trade open).A cascade of liquidations often indicates market extremes, where a price reversal could be imminent as market sentiment overshoots in one direction.

Prices briefly plunged before stabilizing. Bitcoin held near $102,000, while Ethereum traded just above $2,280, both down intraday but avoiding freefall.

Bybit and Binance accounted for two-thirds of all liquidations. And with the U.S. threatening “far greater” strikes, traders are likely bracing for more volatility.
Shaurya is the Co-Leader of the CoinDesk tokens and data team in Asia with a focus on crypto derivatives, DeFi, market microstructure, and protocol analysis.Shaurya holds over $1,000 in BTC, ETH, SOL, AVAX, SUSHI, CRV, NEAR, YFI, YFII, SHIB, DOGE, USDT, USDC, BNB, MANA, MLN, LINK, XMR, ALGO, VET, CAKE, AAVE, COMP, ROOK, TRX, SNX, RUNE, FTM, ZIL, KSM, ENJ, CKB, JOE, GHST, PERP, BTRFLY, OHM, BANANA, ROME, BURGER, SPIRIT, and ORCA.He provides over $1,000 to liquidity pools on Compound, Curve, SushiSwap, PancakeSwap, BurgerSwap, Orca, AnySwap, SpiritSwap, Rook Protocol, Yearn Finance, Synthetix, Harvest, Redacted Cartel, OlympusDAO, Rome, Trader Joe, and SUN.
About
Contact
"
50,50.0,50.0,51,Bitcoin price steady above $105k as Trump mulls Iran strike,"{'name': 'Yahoo', 'icon': 'https://encrypted-tbn1.gstatic.com/faviconV2?url=https://uk.finance.yahoo.com&client=NEWS_360&size=96&type=FAVICON&fallback_opts=TYPE,SIZE,URL', 'authors': ['Brian McGleenon']}",https://uk.finance.yahoo.com/news/bitcoin-price-trump-iran-israel-us-090113541.html,,,"06/19/2025, 09:01 AM, +0000 UTC",Bitcoin price steady above $105k as Trump mulls Iran strike
51,51.0,51.0,52,Bitcoin Price Forecast: Why is BTC on the verge of a correction?,"{'name': 'FXStreet', 'icon': 'https://encrypted-tbn3.gstatic.com/faviconV2?url=https://www.fxstreet.com&client=NEWS_360&size=96&type=FAVICON&fallback_opts=TYPE,SIZE,URL', 'authors': ['Manish Chhetri']}",https://www.fxstreet.com/cryptocurrencies/news/bitcoin-price-forecast-btc-on-the-verge-of-a-breakdown-amid-possible-us-strike-on-iran-202506190928,https://editorial.fxsstatic.com/images/i/BTC-bearish-animal_XtraLarge.png,https://news.google.com/api/attachments/CC8iK0NnNWFaM1pxYjI0MlpGVTFhWEJ5VFJDSEF4aVBCaWdLTWdZVllvNU1MUWM,"06/19/2025, 09:28 AM, +0000 UTC","




Manish Chhetri

FXStreet



Bitcoin (BTC) price edges slightly higher, trading near $104,700 at the time of writing on Thursday, after stabilizing above a key level, the 50-day Exponential Moving Average (EMA) at $103,100. A breach below this level could trigger a sharp fall in BTC. The risk aversion could weigh in, as reports say US officials are preparing for a strike on Iran in the coming days. Despite this risk-off sentiment in global markets, institutional demand remained robust, with a positive inflow in US spot Bitcoin Exchange Traded Funds (ETFs) for the last eight consecutive days.
The ongoing seven-day war between Iran and Israel took a major turn early on Thursday, as the news came in that the US officials are preparing for a strike on Iran in the coming days, according to Bloomberg. 

The chart below shows that the Asian markets reacted negatively to this news. However, the largest cryptocurrency by market capitalization had a mild effect, as BTC holds around $104,700 during the early European session. 
Asian markets chart.
However, BTC traders should still remain cautious, as volatility could increase if the US attacks Iran in the upcoming days, which could further weigh on sentiment, potentially causing a sharp decline in the BTC price.
The US Federal Reserve (Fed) kept the interest rate unchanged at the 4.25%–4.50% range at its June meeting on Wednesday, as widely expected. The Federal Open Market Committee (FOMC) still sees around 50 basis points of interest rate cuts through the end of 2025.
Fed Chair Jerome Powell warned that ongoing policy uncertainty will keep the Fed in a rate-hold stance, and any rate cuts will be contingent on labor and inflation data.
The markets remained neutral, as an unchanged interest rate was highly expected. 
On Thursday, US President Donald Trump posted on his Truth Social account, “Too Late—Powell is the WORST. A real dummy, who’s costing America $Billions!”
Despite the fear and uncertainty regarding geopolitical conflicts, BTC shows some signs of optimism. Santiment's Bitcoin positive vs. negative commentary across social media data shows that Bitcoin sentiment from retail traders reaches 1.03 bullish comments for every 1 bearish comment, a level not seen since the Fear, Uncertainty and Doubt (FUD) during the initial tariff reactions on April 6.  Historically, the markets have moved in opposite directions to retail sentiment, indicating early bullish signs for BTC.
Retail sentiment chart. Source: Santiment
Looking at the institutional demand also remains strong. According to SoSoValue data, US spot Bitcoin Exchange Traded Funds (ETFs) recorded an inflow of $389.57 million on Wednesday, continuing its eight-day streak of gains since June 9. If these inflows continue, it could serve as a cushion for any price dips in BTC. 
Total Bitcoin Sport ETF net inflow daily chart. Source: SoSoValue
Bitcoin price drew liquidity from its Fair Value Gap (FVG) around $108,064 on Monday and declined by 2.1% the following day. BTC has retested and found support multiple times around the 50-day Exponential Moving Average (EMA) at approximately $103,100, highlighting its strength as dynamic support. At the time of writing on Thursday, BTC trades at around $104,800.
If BTC continues its pullback and closes below the 50-day EMA at $103,100 on a daily basis, it could extend the decline to retest its key psychologically important level at $100,000.
The Relative Strength Index (RSI) momentum indicator on the daily chart reads 47, below its neutral level of 50, indicating that bearish momentum is gaining traction. The Moving Average Convergence Divergence (MACD) indicator displayed a bearish crossover last week. It also shows rising red histogram bars below its neutral level, indicating bearish momentum and giving credence to the downward trend.
BTC/USDT daily chart
On the contrary, if BTC closes above its FVG level at $108,064, it could extend the recovery toward retesting its May 22 all-time high of $111,980.
An Exchange-Traded Fund (ETF) is an investment vehicle or an index that tracks the price of an underlying asset. ETFs can not only track a single asset, but a group of assets and sectors. For example, a Bitcoin ETF tracks Bitcoin’s price. ETF is a tool used by investors to gain exposure to a certain asset.
Yes. The first Bitcoin futures ETF in the US was approved by the US Securities & Exchange Commission in October 2021. A total of seven Bitcoin futures ETFs have been approved, with more than 20 still waiting for the regulator’s permission. The SEC says that the cryptocurrency industry is new and subject to manipulation, which is why it has been delaying crypto-related futures ETFs for the last few years.
Yes. The SEC approved in January 2024  the listing and trading of several Bitcoin spot Exchange-Traded Funds, opening the door to institutional capital and mainstream investors to trade the main crypto currency. The decision was hailed by the industry as a game changer.
The main advantage of crypto ETFs is the possibility of gaining exposure to a cryptocurrency without ownership, reducing the risk and cost of holding the asset. Other pros are a lower learning curve and higher security for investors since ETFs take charge of securing the underlying asset holdings. As for the main drawbacks, the main one is that as an investor you can’t have direct ownership of the asset, or, as they say in crypto, “not your keys, not your coins.” Other disadvantages are higher costs associated with holding crypto since ETFs charge fees for active management. Finally, even though investing in ETFs reduces the risk of holding an asset, price swings in the underlying cryptocurrency are likely to be reflected in the investment vehicle too.

Information on these pages contains forward-looking statements that involve risks and uncertainties. Markets and instruments profiled on this page are for informational purposes only and should not in any way come across as a recommendation to buy or sell in these assets. You should do your own thorough research before making any investment decisions. FXStreet does not in any way guarantee that this information is free from mistakes, errors, or material misstatements. It also does not guarantee that this information is of a timely nature. Investing in Open Markets involves a great deal of risk, including the loss of all or a portion of your investment, as well as emotional distress. All risks, losses and costs associated with investing, including total loss of principal, are your responsibility. The views and opinions expressed in this article are those of the authors and do not necessarily reflect the official policy or position of FXStreet nor its advertisers. The author will not be held responsible for information that is found at the end of links posted on this page. 
If not otherwise explicitly mentioned in the body of the article, at the time of writing, the author has no position in any stock mentioned in this article and no business relationship with any company mentioned. The author has not received compensation for writing this article, other than from FXStreet.
FXStreet and the author do not provide personalized recommendations. The author makes no representations as to the accuracy, completeness, or suitability of this information. FXStreet and the author will not be liable for any errors, omissions or any losses, injuries or damages arising from this information and its display or use. Errors and omissions excepted.
The author and FXStreet are not registered investment advisors and nothing in this article is intended to be investment advice. 

Information on these pages contains forward-looking statements that involve risks and uncertainties. Markets and instruments profiled on this page are for informational purposes only and should not in any way come across as a recommendation to buy or sell in these assets. You should do your own thorough research before making any investment decisions. FXStreet does not in any way guarantee that this information is free from mistakes, errors, or material misstatements. It also does not guarantee that this information is of a timely nature. Investing in Open Markets involves a great deal of risk, including the loss of all or a portion of your investment, as well as emotional distress. All risks, losses and costs associated with investing, including total loss of principal, are your responsibility. The views and opinions expressed in this article are those of the authors and do not necessarily reflect the official policy or position of FXStreet nor its advertisers. The author will not be held responsible for information that is found at the end of links posted on this page. 
If not otherwise explicitly mentioned in the body of the article, at the time of writing, the author has no position in any stock mentioned in this article and no business relationship with any company mentioned. The author has not received compensation for writing this article, other than from FXStreet.
FXStreet and the author do not provide personalized recommendations. The author makes no representations as to the accuracy, completeness, or suitability of this information. FXStreet and the author will not be liable for any errors, omissions or any losses, injuries or damages arising from this information and its display or use. Errors and omissions excepted.
The author and FXStreet are not registered investment advisors and nothing in this article is intended to be investment advice. 
The adoption of cryptocurrency-related financial products, including tokenized treasuries, is on overdrive globally, with the focus now shifting to robust networks such as Ripple's XRP Ledger (XRPL).
Sei extends gains above $0.21, decoupling the token from the broader crypto market amid low sentiment and macroeconomic uncertainty. The Wyoming Stable Token Commission selects Sei Network as a candidate blockchain for the WYST, the first fiat-backed stablecoin issued by a US state.
Bitcoin bulls step up, pushing the price above $106,000, as Trump said he would delay his decision about launching strikes on Iran for up to two weeks. Ethereum rebounds from the 200-day EMA support at $2,477 amid steady interest in the derivatives market.
Solana experiences a minor uptick of under 1% at press time on Friday, with multiple long shadow candles forming above $140 as bearish momentum fades off. The optimism surrounding Solana is on the rise, as evidenced by the SOL Open Interest reaching a weekly high.
Bitcoin (BTC) price remains steady above a key support level, trading slightly above $106,000 at the time of writing on Friday. The uncertainty looms as geopolitical tensions between Iran and Israel show no sign yet of an exit strategy from either side.
SPONSORED Discover the top brokers for trading EUR/USD in 2025. Our list features brokers with competitive spreads, fast execution, and powerful platforms. Whether you're a beginner or an expert, find the right partner to navigate the dynamic Forex market.
©2025 ""FXStreet"" All Rights Reserved
Note: All information on this page is subject to change. The use of this website constitutes acceptance of our user agreement. Please read our privacy policy and legal disclaimer.
Trading foreign exchange on margin carries a high level of risk and may not be suitable for all investors. The high degree of leverage can work against you as well as for you. Before deciding to trade foreign exchange you should carefully consider your investment objectives, level of experience and risk appetite. The possibility exists that you could sustain a loss of some or all of your initial investment and therefore you should not invest money that you cannot afford to lose. You should be aware of all the risks associated with foreign exchange trading and seek advice from an independent financial advisor if you have any doubts.
Opinions expressed at FXStreet are those of the individual authors and do not necessarily represent the opinion of FXStreet or its management. FXStreet has not verified the accuracy or basis-in-fact of any claim or statement made by any independent author: errors and omissions may occur. Any opinions, news, research, analyses, prices or other information contained on this website, by FXStreet, its employees, clients or contributors, is provided as general market commentary and does not constitute investment advice. FXStreet will not accept liability for any loss or damage, including without limitation to, any loss of profit, which may arise directly or indirectly from use of or reliance on such information.
"
52,52.0,52.0,53,Bitcoin price top metric with 10-year record stays 'neutral' at $112K,"{'name': 'Cointelegraph', 'icon': 'https://encrypted-tbn1.gstatic.com/faviconV2?url=https://cointelegraph.com&client=NEWS_360&size=96&type=FAVICON&fallback_opts=TYPE,SIZE,URL', 'authors': ['William Suberg']}",https://cointelegraph.com/news/bitcoin-price-top-metric-10-year-record-neutral-at-112k,"https://images.cointelegraph.com/cdn-cgi/image/format=auto,onerror=redirect,quality=90,width=1434/https://s3.cointelegraph.com/uploads/2025-01/019465da-6a21-7de7-9365-ea94cbe2d0b8",https://news.google.com/api/attachments/CC8iL0NnNURTR05zTmw5TE1tc3dRazVoVFJERUF4aW5CU2dLTWdrSkFJcm9KR2M5NVFJ,"06/17/2025, 12:13 PM, +0000 UTC",Bitcoin price top metric with 10-year record stays 'neutral' at $112K
53,53.0,53.0,54,"Bitcoin price stabilizes and rallies amid regional conflicts, data shows","{'name': 'Cointelegraph', 'icon': 'https://encrypted-tbn1.gstatic.com/faviconV2?url=https://cointelegraph.com&client=NEWS_360&size=96&type=FAVICON&fallback_opts=TYPE,SIZE,URL', 'authors': ['Aaron Wood']}",https://cointelegraph.com/news/bitcoin-price-stabilizes-and-rallies-amid-regional-conflicts-data-shows,"https://images.cointelegraph.com/cdn-cgi/image/format=auto,onerror=redirect,quality=90,width=1434/https://s3.cointelegraph.com/uploads/2025-04/01961b0c-ddcb-759d-842b-d92c6ec53be0",https://news.google.com/api/attachments/CC8iK0NnNHRVMVUzZUc1bGVIRmZPR1p5VFJERUF4aW5CU2dLTWdZQklJd3duUWM,"06/17/2025, 05:02 PM, +0000 UTC","Bitcoin price stabilizes and rallies amid regional conflicts, data shows"
54,54.0,54.0,55,Bitcoin rally to $120K possible if Fed eases rates due to tariff and war impact,"{'name': 'Cointelegraph', 'icon': 'https://encrypted-tbn1.gstatic.com/faviconV2?url=https://cointelegraph.com&client=NEWS_360&size=96&type=FAVICON&fallback_opts=TYPE,SIZE,URL', 'authors': ['Marcel Pechman']}",https://cointelegraph.com/news/bitcoin-rally-to-120k-possible-if-fed-eases-rates-due-to-tariff-and-war-impact,"https://images.cointelegraph.com/cdn-cgi/image/format=auto,onerror=redirect,quality=90,width=1434/https://s3.cointelegraph.com/uploads/2025-04/01962634-fd0e-7af7-9337-434b3cd37738",https://news.google.com/api/attachments/CC8iL0NnNXVkVTlYVUdodlZGTTNXbGxsVFJERUF4aW5CU2dLTWdrQlVJenlvQ2lMclFF,"06/20/2025, 04:46 PM, +0000 UTC",Bitcoin rally to $120K possible if Fed eases rates due to tariff and war impact
55,55.0,55.0,56,Why Michael Saylor Is Confident Bitcoin Will Rise To $21 Million By 2046,"{'name': 'ZyCrypto', 'icon': 'https://encrypted-tbn2.gstatic.com/faviconV2?url=https://zycrypto.com&client=NEWS_360&size=96&type=FAVICON&fallback_opts=TYPE,SIZE,URL', 'authors': ['Brenda Ngari']}",https://zycrypto.com/why-michael-saylor-is-confident-bitcoin-will-rise-to-21-million-by-2046/,https://zycrypto.com/wp-content/uploads/2024/09/Michael-Saylor-Makes-Stunningly-Bullish-%E2%80%98Bitcoin-To-The-Moon-Statement-As-BTC-Pushes-Past-65K.jpg,https://news.google.com/api/attachments/CC8iK0NnNXBWSFpWWjFoaWJuRmFRMFI2VFJDckFSaW1BaWdCTWdZcE5ZYk9JUWM,"06/22/2025, 04:28 PM, +0000 UTC","Bitcoin’s most vocal evangelist, Michael Saylor, is more bullish than ever amid fast-changing regulatory and crypto adoption trends. On Saturday, Saylor 
upped his ante on his Bitcoin price projections. His new target? An eye-popping $21 million per BTC in 21 years.  
Strategy co-founder and Executive Chairman Michael Saylor caused a shockwave in the cryptoverse when he took the stage with a keynote speech at BTC Prague 2025 on June 21.
The price of the biggest digital coin may have taken a hit in recent weeks, but Saylor proclaimed that it was still headed to $21 million per coin by 2046, describing this as a “very special time in the network.”
“I think we’re going to be $21 million in 21 years. It’s a very special time in the network. Maybe the one time in the history of the network where you look out 21 years and you see $21 million,” Saylor said.
This target represents a spectacular leap compared to his previous prediction made at the Bitcoin conference in Nashville in 2024, when he called for a $13 million price tag by 2045.
The 21 million figure is quite significant in the Bitcoin space, where the maximum 21 million units give the top crypto real scarcity.
During his speech, Saylor pinned his increasing bullishness on Bitcoin to major regulatory and adoption developments, which he believes nobody expected last year.
“Stuff that’s happened in the past 11 months has been extraordinary. The White House has embraced Bitcoin. This is an extraordinary development. We didn’t anticipate this,” Saylor postulated.
The uber bull stressed that he has always remained optimistic on the premier crypto, even when its price fell to $16,000 lows during the last bear market, but Donald Trump’s return to the White House has “brought a sea change in politics,” he observed.
According to Saylor, even the most ardent Bitcoin advocates had not envisioned such a radical political transformation, with President Trump havin fully embraced Bitcoin.
“Although we thought we might have a pro-Bitcoin president, we didn’t think we’d get a strategic Bitcoin reserve. We didn’t think that the president would say America would be the Bitcoin superpower of the world. This is an amazing development,” the BTC preacher asserted.
He also pointed out that there are three bills currently being progressed in the United States, including the GENIUS Act on stablecoins and the Bitcoin Act. These legislative initiatives around crypto signal unprecedented institutional acceptance of the nascent asset class. 
Saylor’s Bitcoin development company, Strategy (formerly known as MicroStrategy), now holds 592,100 Bitcoin, worth around $58 billion at the current price of $99,581.
While reaching $21 million is a mighty target, the convergence of bullish fundamental catalysts highlighted by Saylor makes it a realistic price target.

"
56,56.0,56.0,57,BTC Struggling to Recover; Analytics Firm Flags Bearish Sentiment and Trader Impatience,"{'name': 'CoinDesk', 'icon': 'https://encrypted-tbn0.gstatic.com/faviconV2?url=https://www.coindesk.com&client=NEWS_360&size=96&type=FAVICON&fallback_opts=TYPE,SIZE,URL', 'authors': ['Siamak Masnavi']}",https://www.coindesk.com/markets/2025/06/21/bitcoin-falls-below-usd104k-as-retail-investor-sentiment-returns-to-liberation-day-levels,https://www.coindesk.com/_next/image?url=https%3A%2F%2Fcdn.sanity.io%2Fimages%2Fs3y3vcno%2Fproduction%2F8bcaf6f42c701c47bb465ac2f40d9d3f074c07dd-700x430.png%3Fauto%3Dformat&w=3840&q=75,https://news.google.com/api/attachments/CC8iI0NnNU5XRTFKVVhkQ0xWaHhaRzAyVFJDdUF4aThCU2dLTWdB,"06/21/2025, 09:51 AM, +0000 UTC","Bitcoin (BTC) BTC$99,658.31 continues to struggle for direction amid mounting macroeconomic pressures and a notable deterioration in retail investor sentiment. The asset is hovering near $103,700 following a volatile 24-hour stretch, in which it briefly dropped below $103,400 before staging a modest recovery, according to CoinDesk Research's technical analysis model. This price behavior reflects an uneasy market backdrop, shaped by both geopolitical tensions and uncertain monetary policy.
According to an X post by crypto analytics firm Santiment on Thursday, sentiment among retail investors has turned sharply negative. The firm reported that the ratio of bullish to bearish commentary has fallen to just 1.03 to 1 — the lowest since early April, when the President Donald Trump unveiled his so-called Liberation Day tariffs, triggering peak market fear at the time. 
Santiment emphasized that this current wave of retail pessimism is unusually intense and, based on past patterns, may mark a contrarian signal for a price rebound. They specifically noted that back in April, Bitcoin rallied shortly after similar fear levels surfaced, suggesting large investors often use periods of retail capitulation to accumulate at favorable prices.
Adding to the pressure is the Federal Reserve's recent decision to hold interest rates steady, which has kept btcoin trading in a relatively tight $100,000 to $110,000 range over the past month. Meanwhile, on-chain metrics show declining open interest on Binance, pointing to continued deleveraging among derivatives traders. At the same time, whale wallets have shown steady accumulation since 2023 — an indication that large holders are continuing to build their positions despite the short-term uncertainty.
Technical Analysis Highlights

Disclaimer: Parts of this article were generated with the assistance from AI tools and reviewed by our editorial team to ensure accuracy and adherence to our standards. For more information, see CoinDesk's full AI Policy.
Siamak Masnavi is a researcher specializing in blockchain technology, cryptocurrency regulations, and macroeconomic trends shaping the crypto market. He holds a PhD in computer science from the University of London and began his career in software development, including four years in the banking industry in the City of London and Zurich. In April 2018, Siamak transitioned to writing about cryptocurrency news, focusing on journalism until January 2025, when he shifted exclusively to research on the aforementioned topics.
CoinDesk Analytics is CoinDesk's AI-powered tool that, with the help of human reporters, generates market data analysis, price movement reports, and financial content focused on cryptocurrency and blockchain markets. 
All content produced by CoinDesk Analytics is undergoes human editing by CoinDesk's editorial team before publication. The tool synthesizes market data and information from CoinDesk Data and other sources to create timely market reports, with all external sources clearly attributed within each article. 
CoinDesk Analytics operates under CoinDesk's AI content guidelines, which prioritize accuracy, transparency, and editorial oversight. Learn more about CoinDesk's approach to AI-generated content in our AI policy.
About
Contact
"
57,57.0,57.0,58,Bitcoin price today: climbs to $106k; Trump-Iran comments offer little relief,"{'name': 'Investing.com', 'icon': 'https://encrypted-tbn2.gstatic.com/faviconV2?url=https://www.investing.com&client=NEWS_360&size=96&type=FAVICON&fallback_opts=TYPE,SIZE,URL', 'authors': ['Vahid Karaahmetovic']}",https://www.investing.com/news/cryptocurrency-news/bitcoin-price-today-flat-at-104k-trumpiran-comments-offer-little-relief-4103244,https://i-invdn-com.investing.com/news/LYNXMPED0415S_L.jpg,https://news.google.com/api/attachments/CC8iK0NnNXdjRW80UWtWbFkySjRNM3BHVFJERUF4aW5CU2dLTWdhbFZKS3RKUWM,"06/20/2025, 02:09 PM, +0000 UTC",Bitcoin price today: climbs to $106k; Trump-Iran comments offer little relief
58,58.0,58.0,59,"Bitcoin CBD Heatmap Marks $95,500–$97,000 As Make-Or-Break Zone – Details","{'name': 'TradingView', 'icon': 'https://encrypted-tbn0.gstatic.com/faviconV2?url=https://www.tradingview.com&client=NEWS_360&size=96&type=FAVICON&fallback_opts=TYPE,SIZE,URL'}",https://www.tradingview.com/news/newsbtc:7300ff8bf094b:0-bitcoin-cbd-heatmap-marks-95-500-97-000-as-make-or-break-zone-details/,https://s3.tradingview.com/news/image/newsbtc:7300ff8bf094b-cb300469b1ade4d6ac4fd5dcf4b72375-resized.jpeg,https://news.google.com/api/attachments/CC8iI0NnNUVkMGRhWVhKSlZrRmhhMnN4VFJDOEFSaU5BaWdCTWdB,"06/22/2025, 01:00 AM, +0000 UTC","Since hitting a new all-time high almost a month ago, Bitcoin has done little to assure investors of intent to explore new price territories. Amid announcement of new US trade tariffs and rising geopolitical tensions between Israel and Iran, the premier cryptocurrency has come under bearish influences to trade as low as 101,000.
At press time, Bitcoin is hovering near $104,000 following a 2.03% % decline in the past day. However, popular analytics company Glassnode has highlighted a crucial price range worth monitoring especially in the advent of a further price decline. 
Related Reading: Bitcoin Sees Modest Gains, But Demand Weakness Limits Breakout Potential 
$95,500–$97,000: Bitcoin’s Line In The Sand
In a recent X post, Glassnode shares an insight into the Bitcoin market based on data from Cost Basis Distribution (CBD) heatmap. The CBD is a common on-chain metric that tracks the price levels at which tokens were last purchased or sold. When a substantial amount of coins are traded within a specific price range, it forms a supply cluster capable of acting as a support or resistance level.
According to Glassnode’s report, the Bitcoin’s CBD heatmap shows the first dense supply cluster below the current market price lies at $95,500 – $97,000 price zone. Interestingly, this range rests just below the short-term holders (STH) cost basis suggesting a confluence of technical and on-chain metric to present a high-stake battleground.Therefore, Glassnode analysts explain that holding the market price above this threshold reinforces bullish momentum and boosts Bitcoin chances of re-entering a price discovery mode. However, a breakdown below the $95,500 price level could trigger panic selling supporting bearish projections for the mid-term to short-term. Interestingly, prominent market analysts including anonymous X expert with username Mr. Wall Street has backed the latter scenario stating Bitcoin is due for a further price drops. Mr. Wall Street strictly warns Bitcoin would not hold above the $100,000 psychological support zone forecasting a price fall to around the $93,000 – $95,000 which Glassnode predicts should induce widescale market liquidations. 
Bitcoin Market Overview
At the time of writing, Bitcoin is trading at $103,753 with a cumulative 1.27% decline in the past week. During this period, the flagship cryptocurrency remained largely under $106,000 barring a weak price breakout between June 16 and June 17. On a monthly scale, Bitcoin has now recorded a 6.10% loss, signaling a gradual shift in momentum with bearish forces regaining control of the market. Meanwhile, with a market cap of $2.05 trillion, the “digital gold” continues to rank as the largest cryptocurrency with a reported market dominance of 64.3%. 
Select market data provided by ICE Data services. Select reference data provided by FactSet. Copyright © 2025 FactSet Research Systems Inc.© 2025 TradingView, Inc.
"
59,59.0,59.0,60,Watch these Bitcoin price levels ahead of Fed Chair Powell's speech,"{'name': 'Cointelegraph', 'icon': 'https://encrypted-tbn1.gstatic.com/faviconV2?url=https://cointelegraph.com&client=NEWS_360&size=96&type=FAVICON&fallback_opts=TYPE,SIZE,URL', 'authors': ['Nancy Lubale']}",https://cointelegraph.com/news/watch-bitcoin-price-levels-ahead-of-fed-chair-powell-speech,"https://images.cointelegraph.com/cdn-cgi/image/format=auto,onerror=redirect,quality=90,width=1434/https://s3.cointelegraph.com/uploads/2024-11/01936802-6bd8-7f95-9695-8c10577d56da",https://news.google.com/api/attachments/CC8iK0NnNWxXSE51U25JME1FUXlkblZCVFJERUF4aW5CU2dLTWdhVkE1Q3JFUWM,"06/17/2025, 01:28 PM, +0000 UTC",Watch these Bitcoin price levels ahead of Fed Chair Powell's speech
60,60.0,60.0,61,Bitcoin threatens $104K ‘rug pull’ as trader says major move yet to come,"{'name': 'Cointelegraph', 'icon': 'https://encrypted-tbn1.gstatic.com/faviconV2?url=https://cointelegraph.com&client=NEWS_360&size=96&type=FAVICON&fallback_opts=TYPE,SIZE,URL', 'authors': ['William Suberg']}",https://cointelegraph.com/news/bitcoin-104k-rug-pull-trader-says-major-move,"https://images.cointelegraph.com/cdn-cgi/image/format=auto,onerror=redirect,quality=90,width=1434/https://s3.cointelegraph.com/uploads/2024-11/01930b1d-b3c0-7e78-93ff-36efeee682ad",https://news.google.com/api/attachments/CC8iK0NnNXZObkIwWXpOTlJqUXdNV1pyVFJERUF4aW5CU2dLTWdhVlFwTE1xUVk,"06/17/2025, 03:30 PM, +0000 UTC",Bitcoin threatens $104K ‘rug pull’ as trader says major move yet to come
61,61.0,61.0,62,"Bitcoin Price Breakdown Spurs Sell-Offs, Analyst Reveals What Will Happen If BTC Hits 92,800","{'name': 'TradingView', 'icon': 'https://encrypted-tbn0.gstatic.com/faviconV2?url=https://www.tradingview.com&client=NEWS_360&size=96&type=FAVICON&fallback_opts=TYPE,SIZE,URL'}",https://www.tradingview.com/news/newsbtc:765f7701f094b:0-bitcoin-price-breakdown-spurs-sell-offs-analyst-reveals-what-will-happen-if-btc-hits-92-800/,https://s.tradingview.com/static/images/illustrations/news-story.jpg,https://news.google.com/api/attachments/CC8iK0NnNURZazV6YjAxTVVtMDBUVGxSVFJDUkF4ajhCU2dLTWdhQlVZaUV5Z00,"06/21/2025, 03:30 PM, +0000 UTC","The Bitcoin price crashed from as high as $106,000 to $102,000 on June 20, sparking sell-offs among investors. Now, crypto analyst Colin has indicated that the flagship crypto could still drop to as low as $92,800 and revealed what will happen if BTC gets there. 
The Current Bitcoin Price Action And What To Expect
In an X post, Colin said that it looks increasingly likely that the Bitcoin price will see a retest of at least 100,800 as the first major level of support. The analyst made this statement as BTC dropped out of a bullish pennant for a second time. The measured target for this bull pennant is $150,000. 
However, with the most recent breakdown, the Bitcoin price threatens to decline further before any potential move to the upside. Colin stated that the next major levels below $100,800 are $97,600 and $92,800. He opined that BTC is likely to quickly rebound from these support levels if it gets there. 
The crypto analyst remarked that this Bitcoin price movement is all possible within the confines of the right shoulder of the larger inverse Head-and-Shoulders pattern. He added that this can make the right shoulder more complete, basically on the same level as the left shoulder. This analysis comes just a day after Colin revealed that BTC has deviated from the global M2 money supply. 
However, he suggested that the BTC bull market is far from over. The analyst noted that the deviation happens 20% of the time and doesn’t invalidate the macro trend. Basically, the Bitcoin price is primed to rally higher at some point and possibly reach the $150,000 measured target. Market expert Raoul Pal also commented on BTC’s correlation with the money supply, stating that it shows that there is no need to worry about the current price action. 
Bulls Need To Step In For BTC
In an X post, crypto analyst Titan of Crypto stated that the Bulls need to step in now for the Bitcoin price. He noted that BTC is facing a key test, having just been rejected at the Fair Value Gap at around $106,000. The analyst added that the flagship crypto is now retesting the lower boundary of the symmetrical triangle. 
Titan of Crypto stated that if this lower boundary at around $104,000 fails, then the next level would be the previous weekly low at $102,679. If the Bitcoin price fails to hold that level, it could further drop to the liquidity pocket near $100,300. 
At the time of writing, the Bitcoin price is trading at around $103,500, down in the last 24 hours, according to data from CoinMarketCap.
Select market data provided by ICE Data services. Select reference data provided by FactSet. Copyright © 2025 FactSet Research Systems Inc.© 2025 TradingView, Inc.
"
62,62.0,62.0,63,Bitcoiners split on $94K or $114K for BTC’s next move as it trades sideways,"{'name': 'Cointelegraph', 'icon': 'https://encrypted-tbn1.gstatic.com/faviconV2?url=https://cointelegraph.com&client=NEWS_360&size=96&type=FAVICON&fallback_opts=TYPE,SIZE,URL', 'authors': ['Ciaran Lyons']}",https://cointelegraph.com/news/bitcoin-predictions-new-highs-100k-retrace-crypto-analyst-poll,"https://images.cointelegraph.com/cdn-cgi/image/format=auto,onerror=redirect,quality=90,width=1434/https://s3.cointelegraph.com/uploads/2025-06/01975bb9-a912-717d-ac08-45e78a4764e5",https://news.google.com/api/attachments/CC8iK0NnNUlRbkUxTlc1RGFUWm1WVGx4VFJERUF4aW5CU2dLTWdZSk1ZN0hJQWs,"06/20/2025, 03:11 AM, +0000 UTC",Bitcoiners split on $94K or $114K for BTC’s next move as it trades sideways
63,63.0,63.0,64,Bitcoin futures premium falls to 3-month low despite strong BTC ETF inflows,"{'name': 'Cointelegraph', 'icon': 'https://encrypted-tbn1.gstatic.com/faviconV2?url=https://cointelegraph.com&client=NEWS_360&size=96&type=FAVICON&fallback_opts=TYPE,SIZE,URL', 'authors': ['Marcel Pechman']}",https://cointelegraph.com/news/bitcoin-futures-premium-falls-to-3-month-low-despite-strong-btc-etf-inflows,"https://images.cointelegraph.com/cdn-cgi/image/format=auto,onerror=redirect,quality=90,width=1434/https://s3.cointelegraph.com/uploads/2025-01/01945de0-14d0-7746-91ae-ec67db2e0037",https://news.google.com/api/attachments/CC8iL0NnNVVOR3hoY0ZobFEzbFRkWEZvVFJERUF4aW5CU2dLTWdtQnNvWWhTMldLa2dF,"06/21/2025, 12:23 AM, +0000 UTC",Bitcoin futures premium falls to 3-month low despite strong BTC ETF inflows
64,64.0,64.0,65,Kraken launches Bitcoin staking with Babylon integration,"{'name': 'Cointelegraph', 'icon': 'https://encrypted-tbn1.gstatic.com/faviconV2?url=https://cointelegraph.com&client=NEWS_360&size=96&type=FAVICON&fallback_opts=TYPE,SIZE,URL', 'authors': ['Adrian Zmudzinski']}",https://cointelegraph.com/news/kraken-launches-bitcoin-staking-babylon,"https://images.cointelegraph.com/cdn-cgi/image/format=auto,onerror=redirect,quality=90,width=1434/https://s3.cointelegraph.com/uploads/2025-06/0197886a-3089-7c6f-ad40-d04649e19fd1",https://news.google.com/api/attachments/CC8iL0NnNXBaWFJXYmpCSU0yNXhORU5NVFJERUF4aW5CU2dLTWdrQkVJZ0dvdVo2Y3dF,"06/19/2025, 02:48 PM, +0000 UTC",Kraken launches Bitcoin staking with Babylon integration
65,65.0,65.0,66,Bitcoin Seesaws After Fed Governor Waller Hints at a July Rate Cut,"{'name': 'Bitcoin.com News', 'icon': 'https://encrypted-tbn2.gstatic.com/faviconV2?url=https://news.bitcoin.com&client=NEWS_360&size=96&type=FAVICON&fallback_opts=TYPE,SIZE,URL', 'authors': ['Frederick Munawa']}",https://news.bitcoin.com/bitcoin-seesaws-after-fed-governor-waller-hints-at-a-july-rate-cut/,https://static.news.bitcoin.com/wp-content/uploads/2025/06/bitcoin-seesaws-after-fed-governor-waller-hints-at-a-july-rate-cut.jpg,https://news.google.com/api/attachments/CC8iI0NnNWpaVEV0TWtKRmNsZ3daRUZYVFJDZkF4ampCU2dLTWdB,"06/20/2025, 03:54 PM, +0000 UTC",Bitcoin Seesaws After Fed Governor Waller Hints at a July Rate Cut
66,66.0,66.0,67,Bitcoin Price Watch: Bulls Eye $108K as Momentum Builds Across Lower Timeframes,"{'name': 'Bitcoin.com News', 'icon': 'https://encrypted-tbn2.gstatic.com/faviconV2?url=https://news.bitcoin.com&client=NEWS_360&size=96&type=FAVICON&fallback_opts=TYPE,SIZE,URL', 'authors': ['Jamie Redman']}",https://news.bitcoin.com/bitcoin-price-watch-bulls-eye-108k-as-momentum-builds-across-lower-timeframes/,https://static.news.bitcoin.com/wp-content/uploads/2025/06/dddxxxc234234234.png,https://news.google.com/api/attachments/CC8iK0NnNXRka00zWWxadVZuTm9XRXhZVFJDZkF4ampCU2dLTWdZaEpZYXVuUVE,"06/19/2025, 11:50 PM, +0000 UTC",Bitcoin Price Watch: Bulls Eye $108K as Momentum Builds Across Lower Timeframes
67,67.0,67.0,68,Bitcoin Trades Sideways as Stocks and Crypto Remain Flat,"{'name': 'Bitcoin.com News', 'icon': 'https://encrypted-tbn2.gstatic.com/faviconV2?url=https://news.bitcoin.com&client=NEWS_360&size=96&type=FAVICON&fallback_opts=TYPE,SIZE,URL', 'authors': ['Frederick Munawa']}",https://news.bitcoin.com/bitcoin-trades-sideways-as-stocks-and-crypto-remain-flat/,https://static.news.bitcoin.com/wp-content/uploads/2025/06/bitcoin-trades-sideways-as-stocks-and-crypto-remain-flat.jpg,https://news.google.com/api/attachments/CC8iJ0NnNW5SRWR5VUVZNVFqTTBRM0Y2VFJDZkF4ampCU2dLTWdNTjRBUQ,"06/19/2025, 05:48 PM, +0000 UTC",Bitcoin Trades Sideways as Stocks and Crypto Remain Flat
68,68.0,68.0,69,"Bitcoin, crypto dip as Trump says Iran’s leader an ‘easy target’","{'name': 'Cointelegraph', 'icon': 'https://encrypted-tbn1.gstatic.com/faviconV2?url=https://cointelegraph.com&client=NEWS_360&size=96&type=FAVICON&fallback_opts=TYPE,SIZE,URL', 'authors': ['Ciaran Lyons']}",https://cointelegraph.com/news/bitcoin-crypto-market-tumble-donald-trump-iran-leader-comments,"https://images.cointelegraph.com/cdn-cgi/image/format=auto,onerror=redirect,quality=90,width=1434/https://s3.cointelegraph.com/uploads/2025-06/01978132-df31-7cdf-93f4-f425ddd0dcd6",https://news.google.com/api/attachments/CC8iK0NnNXJORTk0Y2toU1gwMVhSbTFOVFJERUF4aW5CU2dLTWdheEpKeVFHUW8,"06/18/2025, 06:07 AM, +0000 UTC","Bitcoin, crypto dip as Trump says Iran’s leader an ‘easy target’"
69,69.0,69.0,70,Crypto cycle is playing out ‘spookily similar’ to 2017: Raoul Pal,"{'name': 'Cointelegraph', 'icon': 'https://encrypted-tbn1.gstatic.com/faviconV2?url=https://cointelegraph.com&client=NEWS_360&size=96&type=FAVICON&fallback_opts=TYPE,SIZE,URL', 'authors': ['Ciaran Lyons']}",https://cointelegraph.com/news/crypto-cycle-resembles-2017-macro-data-raoul-pal,"https://images.cointelegraph.com/cdn-cgi/image/format=auto,onerror=redirect,quality=90,width=1434/https://s3.cointelegraph.com/uploads/2025-06/0197911d-63ff-72c2-851c-e2b17eced1f3",https://news.google.com/api/attachments/CC8iK0NnNWZRazB3TVdscVJIQnhOVWh4VFJERUF4aW5CU2dLTWdhcEpKQ09vUWM,"06/21/2025, 06:18 AM, +0000 UTC",Crypto cycle is playing out ‘spookily similar’ to 2017: Raoul Pal
70,70.0,70.0,71,Bitcoin Price Watch: Bearish Momentum Builds Despite Holding $100K Line,"{'name': 'Bitcoin.com News', 'icon': 'https://encrypted-tbn2.gstatic.com/faviconV2?url=https://news.bitcoin.com&client=NEWS_360&size=96&type=FAVICON&fallback_opts=TYPE,SIZE,URL', 'authors': ['Jamie Redman']}",https://news.bitcoin.com/bitcoin-price-watch-bearish-momentum-builds-despite-holding-100k-line/,https://static.news.bitcoin.com/wp-content/uploads/2025/06/42dauyys.png,https://news.google.com/api/attachments/CC8iK0NnNXhhbUowWjB0SWNrZGpWQzF0VFJDZkF4ampCU2dLTWdZWlI1QktLZ2M,"06/18/2025, 12:17 PM, +0000 UTC",Bitcoin Price Watch: Bearish Momentum Builds Despite Holding $100K Line
71,71.0,71.0,72,Bitcoin Price News: BTC Is About to Send a Strong Sell Signal – $100K Next?,"{'name': 'FXEmpire', 'icon': 'https://encrypted-tbn2.gstatic.com/faviconV2?url=https://www.fxempire.com&client=NEWS_360&size=96&type=FAVICON&fallback_opts=TYPE,SIZE,URL', 'authors': ['Alejandro Arrieche']}",https://www.fxempire.com/forecasts/article/bitcoin-price-news-btc-is-about-to-send-a-strong-sell-signal-100k-next-1527118,https://responsive.fxempire.com/v7/_fxempire_/2025/06/Bitcoin-Regulation-2.jpg?width=1201,https://news.google.com/api/attachments/CC8iK0NnNWphVU5uWWt4Q05VRklWbXBSVFJERUF4aW5CU2dLTWdZTlFaSXdKUVk,"06/18/2025, 05:28 PM, +0000 UTC",Bitcoin Price News: BTC Is About to Send a Strong Sell Signal – $100K Next?
72,72.0,72.0,73,Bitcoin gets Fed rate pause 'tailwind' as BTC eyes $106K short squeeze,"{'name': 'Cointelegraph', 'icon': 'https://encrypted-tbn1.gstatic.com/faviconV2?url=https://cointelegraph.com&client=NEWS_360&size=96&type=FAVICON&fallback_opts=TYPE,SIZE,URL', 'authors': ['William Suberg']}",https://cointelegraph.com/news/bitcoin-fed-rate-pause-tailwind-short-squeeze-106k,"https://images.cointelegraph.com/cdn-cgi/image/format=auto,onerror=redirect,quality=90,width=1434/https://s3.cointelegraph.com/uploads/2025-01/01944501-2bae-7eb0-882e-42267e1cede1",https://news.google.com/api/attachments/CC8iL0NnNU5NbTVhVTNZeFRFcHhZM2Q2VFJERUF4aW5CU2dLTWdtSllJNmxxaVVtelFF,"06/19/2025, 09:23 AM, +0000 UTC",Bitcoin gets Fed rate pause 'tailwind' as BTC eyes $106K short squeeze
73,73.0,73.0,74,Bitcoin Price Volatility Signal Goes Off – Is a Surge Ahead?,"{'name': 'CoinDesk', 'icon': 'https://encrypted-tbn0.gstatic.com/faviconV2?url=https://www.coindesk.com&client=NEWS_360&size=96&type=FAVICON&fallback_opts=TYPE,SIZE,URL', 'authors': ['omkar godbole']}",https://www.coindesk.com/markets/2025/06/16/bitcoin-price-volatility-signal-goes-off-is-a-surge-ahead,https://www.coindesk.com/_next/image?url=https%3A%2F%2Fcdn.sanity.io%2Fimages%2Fs3y3vcno%2Fproduction%2Ff535e144edfa4ea5979b6c78af35dc41acf457e1-1500x1004.jpg%3Fauto%3Dformat&w=3840&q=75,https://news.google.com/api/attachments/CC8iK0NnNXVNVlJPUWkwemJVWTVTM0JhVFJERkF4aWxCU2dLTWdhUlU1Qk9xUVk,"06/16/2025, 06:37 AM, +0000 UTC","This is a daily technical analysis by CoinDesk analyst and Chartered Market Technician Omkar Godbole.
A key indicator suggests that bitcoin's BTC$99,505.72 price could soon become more volatile, possibly leading to the next leg higher in the cryptocurrency.
This indicator is based on the gap between the bollinger bands, which are volatility bands placed two standard deviations above and below the 20-week simple moving average of the cryptocurrency's price.
When the gap widens, it indicates that the market is more active and volatile – a phenomenon historically observed ahead of significant upward moves in BTC. When the gap narrows, it indicates less activity.
The gap, also known as the bollinger band spread, could soon widen in a positive sign for the bulls, as the MACD histogram linked to the same gap has turned positive.
Using the spread between the bollinger bands as input in the MACD histogram generates bullish or bearish volatility signals, identifying periods of turbulence and calm. Traders typically use the indicator to detect trend reversals in prices.
The upper pane displays bitcoin's weekly open, high, low, and close (per UTC) in candlestick format. The middle pane displays the spread, or the gap between the bollinger bands, with the MACD linked to the spread in the lower pane.
The MACD has now flipped positive, indicating a renewed widening of the spread or volatility boom ahead. By default, volatility is price-agnostic, meaning an impending activity could be bullish or bearish.
That said, a closer look at the above chart reveals that previous positive crossovers of the MACD (marked by vertical lines) presaged major bull runs, including the late 2020 and late 2024 price rallies.
Let's see if history repeats itself.
Omkar Godbole is a Co-Managing Editor on CoinDesk's Markets team based in Mumbai, holds a masters degree in Finance and a Chartered Market Technician (CMT) member.  Omkar previously worked at FXStreet, writing research on currency markets and as fundamental analyst at currency and commodities desk at Mumbai-based brokerage houses. Omkar holds small amounts of bitcoin, ether, BitTorrent, tron and dot.
About
Contact
"
74,74.0,74.0,75,Dormant Bitcoin From 2017 Stirs After 8 Years of Silence—801 BTC Just Moved in 72 Hours,"{'name': 'Bitcoin.com News', 'icon': 'https://encrypted-tbn2.gstatic.com/faviconV2?url=https://news.bitcoin.com&client=NEWS_360&size=96&type=FAVICON&fallback_opts=TYPE,SIZE,URL', 'authors': ['Jamie Redman']}",https://news.bitcoin.com/dormant-bitcoin-from-2017-stirs-after-8-years-of-silence-801-btc-just-moved-in-72-hours/,https://static.news.bitcoin.com/wp-content/uploads/2025/06/2017.png,https://news.google.com/api/attachments/CC8iI0NnNXlPVzlDUWtKNVowMVlhVU5DVFJDZkF4ampCU2dLTWdB,"06/21/2025, 11:18 PM, +0000 UTC",Dormant Bitcoin From 2017 Stirs After 8 Years of Silence—801 BTC Just Moved in 72 Hours
75,75.0,75.0,76,Asia Morning Briefing: CryptoQuant Warns of $92K BTC Drop as Analyst Views Diverge,"{'name': 'CoinDesk', 'icon': 'https://encrypted-tbn0.gstatic.com/faviconV2?url=https://www.coindesk.com&client=NEWS_360&size=96&type=FAVICON&fallback_opts=TYPE,SIZE,URL', 'authors': ['Sam Reynolds']}",https://www.coindesk.com/markets/2025/06/19/asia-morning-briefing-cryptoquant-warns-of-92k-btc-drop-as-analyst-views-diverge,https://www.coindesk.com/_next/image?url=https%3A%2F%2Fcdn.sanity.io%2Fimages%2Fs3y3vcno%2Fproduction%2F8cab652beae33156f4b675b07f7633a120cf0514-1920x1280.jpg%3Fauto%3Dformat&w=3840&q=75,https://news.google.com/api/attachments/CC8iK0NnNXRObmR0Tlhaa1dYTmplall6VFJERUF4aW1CU2dLTWdhUllvd29yZ1U,"06/20/2025, 12:49 AM, +0000 UTC","Welcome to Asia Morning Briefing, a daily summary of top stories during U.S. hours and an overview of market moves and analysis. For a detailed overview of U.S. markets, see CoinDesk's Crypto Daybook Americas.
As Asia begins its trading day, bitcoin BTC$99,505.72 is trading above $104,500 and, despite a possible looming war in the Middle East, has been relatively flat on the day with negligible market movement. Indeed, for the last full week, BTC is only down 2%, according to CoinDesk market data.
Analysts are debating whether the crypto market’s current stillness is a sign of strength or if something more precarious is afoot.
Three new reports this week from CryptoQuant, Glassnode, and trading firm Flowdesk all point to the same surface conditions: low volatility, tight price action, and subdued on-chain activity. Additionally, retail participation has waned, and institutional players, from ETFs to whales, are now shaping the structure of flows.
But it’s CryptoQuant that’s flashing the most urgent warning.
In its June 19 report, CryptoQuant argued that BTC could soon revisit $92,000 support or even fall as low as $81,000 if demand continues to deteriorate.
Spot demand is still increasing, but well below trend. ETF flows have dropped by more than 60% since April, while whale accumulation has halved. Short-term holders, who are usually newer market participants, have shed approximately 800,000 BTC since late May.
Their demand momentum indicator, which tracks directional buying strength across key cohorts, is now reading negative 2 million BTC, the lowest in CryptoQuant’s dataset.
Glassnode, however, sees the same signals and arrives at a far less dire conclusion.
In its weekly on-chain update, the firm acknowledges that the Bitcoin blockchain is “quiet,"" meaning transaction counts are down, fees are minimal, and miner revenue is subdued.
However, this suggests that it may not be a weakness, but rather a reflection of the network’s evolution. On-chain settlement volume remains high, but it’s concentrated in large-value transfers, suggesting the chain is increasingly being used by institutions and whales.
The derivatives market, Glassnode notes, now dwarfs on-chain activity, with futures and options volumes regularly exceeding spot by 7x–16x.
That shift has brought more sophisticated hedging, better collateral practices, and a more mature, if less frenetic, market structure.
France-based Flowdesk, a market maker and trading firm, has views that fall somewhere in between.
While noting thinning altcoin flows and flat market-making volumes, its June 19 update describes the market as “coiled,” not cracking.
Flowdesk highlights a surge in tokenized assets, such as Gold-backed XAUT (up 56% in volume), stablecoin growth, and increasing RWA activity.
To them, low volatility may simply be the calm before a directional breakout, which is not necessarily downwards.
But in the end, no one seems to hold a reliable map for what’s ahead.
Even Polymarket bettors aren't sure as there is  a near equal chance of BTC dropping to $90K in June or moving up to $115K-120K.
One thing is for sure: the tug-of-war between bullish institutional activities and waning retail demand potentially opens bitcoin up to dramatic moves on either side of the trade, which will likely dictate the market’s next chapter.
A new report from Presto Research argues that Crypto Treasury Companies (CTCs), such as Strategy and Metaplanet, are not just leveraged bitcoin ETFs, but a new form of financial engineering with less risk than many investors assume.
Strategy’s latest raise, which raised nearly $1 billion via perpetual preferred shares, shows how BTC’s volatility can be used to an issuer’s advantage.
These securities, along with convertible bonds and at-the-market equity sales, allow CTCs to fund aggressive crypto accumulation without triggering margin risk.
Presto points out that Strategy’s BTC is unpledged and Metaplanet’s bonds are unsecured, meaning collateral liquidation, the primary trigger in past crypto blowups like Celsius and Three Arrows, is largely absent here. That does not eliminate risk, but it changes the nature of it.
The real challenge, Presto argues, is not crypto exposure itself but the discipline to manage dilution, cash flow, and capital timing.
Metaplanet’s “bitcoin yield” metric, which measures BTC per fully diluted share, reflects that focus on shareholder value.
As long as CTCs can manage the financial mechanics behind their accumulation strategies, they will earn NAV premiums just like high-growth companies in traditional markets. But if they miscalculate, the same tools that fuel their rise could accelerate their fall.
Semler Scientific (Nasdaq: SMLR) has unveiled one of the most aggressive bitcoin accumulation roadmaps in corporate history, announcing plans to hold 10,000 BTC by the end of 2025, 42,000 by 2026, and a staggering 105,000 by the close of 2027.
The California-based medical device maker, which pivoted to a bitcoin treasury strategy last year, is effectively trying to increase its current bitcoin stash of 4,449 coins by more than two fold over the next 30 months.
It plans to do so using a mix of equity raises, debt financing, and operational cash flow.
There aren't specific details of how the company plans to fund the buy. Hwever, historically Semler’s primary mechanism for acquiring bitcoin was selling new shares under its at-the-market (ATM) program, which relies on the company trading at a premium to its net asset value (NAV).
According to data from Strategy-Tracker, Semler’s mNAV currently sits at 0.859x, meaning the market values the firm’s equity lower than its BTC holdings, which could be cutting off its ability to raise accretive capital.
How this dynamic plays out, would be worth watching as the firm initiates more bitcoin buying. Even as bitcoin has surged to all-time highs above $100,000, Semler shares are down nearly 40% on the year.

Sam Reynolds is a senior reporter based in Asia. Sam was part of the CoinDesk team that won the 2023 Gerald Loeb award in the breaking news category for coverage of FTX's collapse. Prior to CoinDesk, he was a reporter with Blockworks and a semiconductor analyst with IDC. 
“AI Boost” indicates a generative text tool, typically an AI chatbot, contributed to the article. In each and every case, the article was edited, fact-checked and published by a human. Read more about CoinDesk's AI Policy.
About
Contact
"
76,76.0,76.0,77,Bitcoin Cash Stages Surprise Run to Near $500 as Volumes Spike 500%,"{'name': 'CoinDesk', 'icon': 'https://encrypted-tbn0.gstatic.com/faviconV2?url=https://www.coindesk.com&client=NEWS_360&size=96&type=FAVICON&fallback_opts=TYPE,SIZE,URL', 'authors': ['Shaurya Malwa']}",https://www.coindesk.com/markets/2025/06/20/bitcoin-cash-stages-surprise-run-to-near-500-as-volumes-spike-500,https://www.coindesk.com/_next/image?url=https%3A%2F%2Fcdn.sanity.io%2Fimages%2Fs3y3vcno%2Fproduction%2Fcc054d4c9257675643467f58c48032aa05150205-743x457.png%3Fauto%3Dformat&w=3840&q=75,https://news.google.com/api/attachments/CC8iK0NnNXhSVGhuTkRKSFpXUnVWMlZTVFJDeUF4akNCU2dLTWdZQkFLb2hEd3c,"06/20/2025, 06:12 AM, +0000 UTC","Bitcoin Cash surged to a two-month high above $499 as bulls took control during an aggressive rally fueled by institutional demand and broader market uncertainty. The move puts BCH within striking distance of the psychologically critical $500 level — a zone last touched during April's breakout attempt.
If momentum persists, BCH could attempt to flip $500 into a long-term support — a move that could change its macro structure heading into Q3.
BCH rallied from $461.87 to a high of $492.08 over 24 hours, backed by strong inflows. The breakout began in earnest during the 13:00–14:00 window, when volume spiked to 152,140 units — more than five times the hourly average — confirming institutional buying.
The price rejected off the $500 barrier multiple times, slipping to $490.46 during the early morning session before stabilizing. A brief sell-off at 04:51 triggered a quick dip to $491.47, but price soon reclaimed $485, showing signs of resilience and consolidation just below key resistance.

Disclaimer: Portions of this article were generated with the assistance of AI tools and reviewed by CoinDesk’s editorial team for accuracy and adherence to our standards. For more information, see CoinDesk’s full AI Policy.
Shaurya is the Co-Leader of the CoinDesk tokens and data team in Asia with a focus on crypto derivatives, DeFi, market microstructure, and protocol analysis.Shaurya holds over $1,000 in BTC, ETH, SOL, AVAX, SUSHI, CRV, NEAR, YFI, YFII, SHIB, DOGE, USDT, USDC, BNB, MANA, MLN, LINK, XMR, ALGO, VET, CAKE, AAVE, COMP, ROOK, TRX, SNX, RUNE, FTM, ZIL, KSM, ENJ, CKB, JOE, GHST, PERP, BTRFLY, OHM, BANANA, ROME, BURGER, SPIRIT, and ORCA.He provides over $1,000 to liquidity pools on Compound, Curve, SushiSwap, PancakeSwap, BurgerSwap, Orca, AnySwap, SpiritSwap, Rook Protocol, Yearn Finance, Synthetix, Harvest, Redacted Cartel, OlympusDAO, Rome, Trader Joe, and SUN.
CoinDesk Analytics is CoinDesk's AI-powered tool that, with the help of human reporters, generates market data analysis, price movement reports, and financial content focused on cryptocurrency and blockchain markets. 
All content produced by CoinDesk Analytics is undergoes human editing by CoinDesk's editorial team before publication. The tool synthesizes market data and information from CoinDesk Data and other sources to create timely market reports, with all external sources clearly attributed within each article. 
CoinDesk Analytics operates under CoinDesk's AI content guidelines, which prioritize accuracy, transparency, and editorial oversight. Learn more about CoinDesk's approach to AI-generated content in our AI policy.
About
Contact
"
77,77.0,77.0,78,What Are Savvy Bitcoin and Ether Traders Preparing For as Summer Approaches?,"{'name': 'CoinDesk', 'icon': 'https://encrypted-tbn0.gstatic.com/faviconV2?url=https://www.coindesk.com&client=NEWS_360&size=96&type=FAVICON&fallback_opts=TYPE,SIZE,URL', 'authors': ['omkar godbole']}",https://www.coindesk.com/markets/2025/06/21/what-are-savvy-bitcoin-and-ether-traders-preparing-for-as-summer-approaches,https://www.coindesk.com/_next/image?url=https%3A%2F%2Fcdn.sanity.io%2Fimages%2Fs3y3vcno%2Fproduction%2F66ee6a19db0cce36d05e8c31e1de99ab88178783-1280x853.jpg%3Fauto%3Dformat&w=3840&q=75,https://news.google.com/api/attachments/CC8iI0NnNWlZM0JETURKUVZuaE1Na3BqVFJERUF4aW1CU2dLTWdB,"06/21/2025, 05:01 PM, +0000 UTC","Savvy bitcoin BTC$99,478.01 and ether ETH$2,187.12 traders are shoring up their defenses as the broader market continues to foresee bullish price action over the summer.
That's the message from an options-based strategy called 25-delta risk reversal, which involves the simultaneous purchase of a put option and sale of a call, or vice versa.
At the time of writing, risk reversals based on Deribit-listed bitcoin and ether options indicated that investors were positioning for downside volatility over the summer.
BTC's 25-delta risk reversals for June, July, and August tenors were negative, indicating a preference for put options, which offer downside protection, over calls or bullish bets, according to data source Amberdata. In ETH's case, puts were pricier out to the July end expiry.
Traders typically buy put options to hedge their long positions in the spot and futures markets, protecting themselves from potential price declines.
""Risk reversals in both BTC and ETH continue to show a preference for downside protection across June and September tenors. This suggests that long holders are actively hedging spot exposure and preparing for potential drawdowns,"" Singapore-based QCP Capital said in a market note.
The nervousness is evident from the over-the-counter liquidity platform Paradigm, where the top five BTC trades for the week include a put spread and a bearish risk reversal. Meanwhile, in ETH's case, a long position in the $2,450 put crossed the tape alongside a short strangle (volatility) trade.
Bitcoin, the leading cryptocurrency by market value, has spent over 40 days trading back and forth above $100,000, according to CoinDesk data. According to analysts, profit-taking by long-term holders and miner selling have counteracted the strong uptake for spot ETFs, leaving prices directionless.
""Bitcoin has recently tracked sideways, suggesting its current price may be too high for many retail investors. Open interest in BTC options has risen, with a positive and rising 25 delta put-call skew on 30-day contracts, which may imply that market participants are seeking short-term protection through put options,"" Coinbase Institutional's weekly report noted.
On Friday, BTC closed (UTC) below the 50-day simple moving average (SMA) to trade below the key support for the first time since mid-April. The breakdown may lead to more chart-driven selling, potentially resulting in a drop below $100,000.
Some observers, however, expect a rally to new record highs. According to market observer Cas Abbé, BTC's on-balance volume continues to indicate strong buying pressure, suggesting that prices could rise to $130,000-$135,000 by the end of the third quarter.
Omkar Godbole is a Co-Managing Editor on CoinDesk's Markets team based in Mumbai, holds a masters degree in Finance and a Chartered Market Technician (CMT) member.  Omkar previously worked at FXStreet, writing research on currency markets and as fundamental analyst at currency and commodities desk at Mumbai-based brokerage houses. Omkar holds small amounts of bitcoin, ether, BitTorrent, tron and dot.
About
Contact
"
78,78.0,78.0,79,Forecasting Bitcoin Price Cycle Peak With The 200-Week Moving Average,"{'name': 'Bitcoin Magazine', 'icon': 'https://encrypted-tbn0.gstatic.com/faviconV2?url=https://bitcoinmagazine.com&client=NEWS_360&size=96&type=FAVICON&fallback_opts=TYPE,SIZE,URL', 'authors': ['Matt Crosby']}",https://bitcoinmagazine.com/markets/bitcoin-price-200-week-moving-average,https://i.ytimg.com/vi/TC8GbMikiFw/mqdefault.jpg,https://news.google.com/api/attachments/CC8iK0NnNXhWM000Y2kxSFlVcGtWbEZwVFJDMEFSakFBaWdLTWdZQklZeVhOQVk,"06/20/2025, 01:29 PM, +0000 UTC",Forecasting Bitcoin Price Cycle Peak With The 200-Week Moving Average
79,79.0,79.0,80,BlackRock ETF scoops up 3.25% of Bitcoin supply as ‘new money’ dries up,"{'name': 'Cointelegraph', 'icon': 'https://encrypted-tbn1.gstatic.com/faviconV2?url=https://cointelegraph.com&client=NEWS_360&size=96&type=FAVICON&fallback_opts=TYPE,SIZE,URL', 'authors': ['Zoltan Vardai']}",https://cointelegraph.com/news/blackrock-etf-3-25-bitcoin-supply-new-money-dries-up,"https://images.cointelegraph.com/cdn-cgi/image/format=auto,onerror=redirect,quality=90,width=1434/https://s3.cointelegraph.com/uploads/2025-05/019724ba-0347-7103-acca-b663c55d7f37",https://news.google.com/api/attachments/CC8iK0NnNUNaeTFMVVRSR09GVXhNV1ppVFJERUF4aW5CU2dLTWdZSmNJeWxxZ2M,"06/20/2025, 01:51 PM, +0000 UTC",BlackRock ETF scoops up 3.25% of Bitcoin supply as ‘new money’ dries up
80,80.0,80.0,81,Bitcoin and Ethereum prices plummet as Middle East tensions rise,"{'name': 'dlnews.com', 'icon': 'https://encrypted-tbn1.gstatic.com/faviconV2?url=https://www.dlnews.com&client=NEWS_360&size=96&type=FAVICON&fallback_opts=TYPE,SIZE,URL', 'authors': ['Pedro Solimano']}",https://www.dlnews.com/articles/markets/bitcoin-and-ethereum-prices-plummet-as-middle-east-tensions-escalate/,https://www.dlnews.com/resizer/v2/4R76FLBIVFCH3PHMRU7CK5E7UM.jpg?auth=ca2d9cf853f4fd3bbde800fce0a04480ddeb6735e4981e7a875745c714569c68&width=1200&height=675&focal=2785%2C1176,https://news.google.com/api/attachments/CC8iK0NnNXVVbWhPWjFsMVVWazBNRFZvVFJDZkF4ampCU2dLTWdZQmdJVGpzZ1k,"06/18/2025, 08:34 AM, +0000 UTC","About us
Copy link
Geopolitical heat in the Middle East is melting crypto prices. 
Bitcoin has fallen 3% to about $105,000 since the conflict between Israel and Iran started on June 13, according to CoinGecko. Ethereum plunged 8% to around $2,500 and nearly $200 billion was erased from the crypto market in the past six days. 
Markets are reeling after US President Donald Trump hinted that the US could soon intervene in the conflict between Israel and Iran. Just last week, Israel launched a series of airstrikes in retaliation for attacks by Iran-backed militants.
“We know exactly where the so-called ‘Supreme Leader’ is hiding,” Trump posted on social media, referring to Iranian head of state Ali Khamenei. “Our patience is wearing thin.”
That political brinkmanship has sent tremors through capital markets. US stocks slipped, oil prices jumped, and gold plunged. 
Risk assets like stocks and crypto tend to fall — at least initially — when war breaks out because investors flee uncertainty. Armed conflict rattles global supply chains, can destabilise economies, and trigger inflation, especially if oil prices spike. Iran produces about 3.3 million barrels of oil daily, which is about 4% of global production. 
And in crypto, the impact of Trump’s latest warning was immediate and severe. Coinbase stock fell 4%, Strategy about 3%, and Circle — which went public last week, offering up a triple-digit jackpot for investors — plunged nearly 3%. They have since slightly recovered.
Odds of a US military strike on Iran before August soared to 70% on Polymarket.
To be sure, the longer term implications of a global conflict on Bitcoin’s price remain unclear. In fact, the top crypto tends to rebound after geopolitical shocks. 
In 2022, following Russia’s invasion of Ukraine, both Bitcoin and gold underperformed. According to Bitcoin analyst James Check, Bitcoin plunged 40% while gold lost 5% in the first year following Russia’s attack. 
“I should note that the US Federal Reserve was aggressively raising interest rates, and most markets were in a bear market,” Check wrote in his Monday newsletter, Checkonchain. 
Following Hamas’s October 7 attacks against Israel in 2023, gold and Bitcoin spiked. The precious metal appreciated 38% while Bitcoin gained 70%. 
“The Bitcoin ETFs launched a few months after the conflict, and gold was experiencing a major bid from global central banks,” said Check. 
For Check, there might be more at play than rising tensions in the Middle East. 
Still, eyes are on the skies in Tehran and Tel Aviv.
Pedro Solimanois a markets correspondent based in Buenos Aires. Got a tip? Email him atpsolimano@dlnews.com.
"
81,81.0,81.0,82,"XRP Soars 300% as Investors Trigger Massive Profit-Taking, Data Shows","{'name': 'Bitcoin.com News', 'icon': 'https://encrypted-tbn2.gstatic.com/faviconV2?url=https://news.bitcoin.com&client=NEWS_360&size=96&type=FAVICON&fallback_opts=TYPE,SIZE,URL', 'authors': ['Kevin Helms']}",https://news.bitcoin.com/xrp-soars-300-as-investors-trigger-massive-profit-taking-data-shows/,https://static.news.bitcoin.com/wp-content/uploads/2025/06/xrp-glassnode-data-300-gain-and-profit-taking.jpg,https://news.google.com/api/attachments/CC8iK0NnNWxURjlYTWsxbmVFcDZSa0ZhVFJDZkF4ampCU2dLTWdZcFpZNnVLUWM,"06/21/2025, 12:24 AM, +0000 UTC","XRP Soars 300% as Investors Trigger Massive Profit-Taking, Data Shows"
82,82.0,82.0,83,"Top 3 Price Prediction: Bitcoin, Ethereum, Ripple – BTC, ETH, XRP consolidate, traders await Trump’s decision","{'name': 'FXStreet', 'icon': 'https://encrypted-tbn3.gstatic.com/faviconV2?url=https://www.fxstreet.com&client=NEWS_360&size=96&type=FAVICON&fallback_opts=TYPE,SIZE,URL', 'authors': ['Manish Chhetri']}",https://www.fxstreet.com/cryptocurrencies/news/top-3-price-prediction-bitcoin-ethereum-ripple-btc-eth-and-xrp-consolidate-as-traders-await-trumps-decision-202506200336,https://editorial.fxsstatic.com/images/i/crypto-02_XtraLarge.jpg,https://news.google.com/api/attachments/CC8iK0NnNXJaMFIzYjJSNVVqUkxRbVpyVFJDZkF4ampCU2dLTWdhSk1aRG5JQWc,"06/20/2025, 03:36 AM, +0000 UTC","




Manish Chhetri

FXStreet



Bitcoin (BTC) price is hovering above the key support level on Friday; a breach below this level could trigger a sharp decline. Ethereum (ETH) and Ripple (XRP) followed BTC’s footsteps and stabilized around their crucial levels, with a failure below their support levels indicating a potential correction ahead.
Traders remain cautious as President Donald Trump is expected to decide within two weeks whether the US will intervene in the ongoing Israel-Iran conflict, a move that could decide the risk sentiment toward crypto markets.
Bitcoin price drew liquidity from its Fair Value Gap (FVG) around $108,064 on Monday and declined by 2.1% the following day. BTC has retested and found support multiple times around the 50-day Exponential Moving Average (EMA) at approximately $103,100, highlighting its strength as dynamic support. At the time of writing on Friday, it trades at around $104,500.
If BTC continues its correction and closes below the 50-day EMA at $103,100 on a daily basis, it could extend the decline to retest its key psychologically important level at $100,000.
The Relative Strength Index (RSI) momentum indicator on the daily chart reads 47, below its neutral level of 50, indicating that bearish momentum is gaining traction. The Moving Average Convergence Divergence (MACD) indicator displayed a bearish crossover last week. It also shows rising red histogram bars below its neutral level, indicating bearish momentum and giving credence to the downward trend.
BTC/USDT daily chart
However, if BTC closes above its FVG level at $108,064, it could extend the recovery toward retesting its May 22 all-time high of $111,980.
Ethereum price retested and found support around its 50-day EMA at $2,441 on Wednesday, consolidating at this level the following day. This level coincides with the lower consolidation boundary of $2,461, making it a key support zone. At the time of writing on Friday, it hovers at around $2,514.
If ETH closes below the 50-day EMA at $2,441, it could extend the decline to retest its next support level at $2,000.
The RSI on the daily chart momentum indicator reads 48, below its neutral level of 50, indicating that bearish momentum is gaining traction. The MACD indicator displayed a bearish crossover last week. It also shows rising red histogram bars below its neutral level, indicating bearish momentum and giving credence to the downward trend.
ETH/USDT daily chart
On the contrary, if ETH finds support around its 50-day EMA at $2,441 and recovers, it could extend the recovery to retest its upper consolidation boundary at $2,724.
XRP price attempted to close above the 50-day EMA at $2.24 on Monday but failed, subsequently declining by 3.53% the following day and consolidating around the $2.15 level until Thursday. At the time of writing on Friday, it hovers around $2.16.
If XRP faces a correction, it could extend the decline to retest its next daily support level at $1.96.
The RSI on the daily chart reads 44, below its neutral level and points downward, indicating strong bearish momentum. Moreover, the MACD indicator on the daily chart displayed a bearish crossover, signaling a sell and indicating a downward trend.
XRP/USDT daily chart
However, if XRP recovers and closes above the 50-day EMA at $2.24, it could extend the recovery toward the May 23 high of $2.47.
Bitcoin is the largest cryptocurrency by market capitalization, a virtual currency designed to serve as money. This form of payment cannot be controlled by any one person, group, or entity, which eliminates the need for third-party participation during financial transactions.
Altcoins are any cryptocurrency apart from Bitcoin, but some also regard Ethereum as a non-altcoin because it is from these two cryptocurrencies that forking happens. If this is true, then Litecoin is the first altcoin, forked from the Bitcoin protocol and, therefore, an “improved” version of it.
Stablecoins are cryptocurrencies designed to have a stable price, with their value backed by a reserve of the asset it represents. To achieve this, the value of any one stablecoin is pegged to a commodity or financial instrument, such as the US Dollar (USD), with its supply regulated by an algorithm or demand. The main goal of stablecoins is to provide an on/off-ramp for investors willing to trade and invest in cryptocurrencies. Stablecoins also allow investors to store value since cryptocurrencies, in general, are subject to volatility. 
Bitcoin dominance is the ratio of Bitcoin's market capitalization to the total market capitalization of all cryptocurrencies combined. It provides a clear picture of Bitcoin’s interest among investors. A high BTC dominance typically happens before and during a bull run, in which investors resort to investing in relatively stable and high market capitalization cryptocurrency like Bitcoin. A drop in BTC dominance usually means that investors are moving their capital and/or profits to altcoins in a quest for higher returns, which usually triggers an explosion of altcoin rallies.

Information on these pages contains forward-looking statements that involve risks and uncertainties. Markets and instruments profiled on this page are for informational purposes only and should not in any way come across as a recommendation to buy or sell in these assets. You should do your own thorough research before making any investment decisions. FXStreet does not in any way guarantee that this information is free from mistakes, errors, or material misstatements. It also does not guarantee that this information is of a timely nature. Investing in Open Markets involves a great deal of risk, including the loss of all or a portion of your investment, as well as emotional distress. All risks, losses and costs associated with investing, including total loss of principal, are your responsibility. The views and opinions expressed in this article are those of the authors and do not necessarily reflect the official policy or position of FXStreet nor its advertisers. The author will not be held responsible for information that is found at the end of links posted on this page. 
If not otherwise explicitly mentioned in the body of the article, at the time of writing, the author has no position in any stock mentioned in this article and no business relationship with any company mentioned. The author has not received compensation for writing this article, other than from FXStreet.
FXStreet and the author do not provide personalized recommendations. The author makes no representations as to the accuracy, completeness, or suitability of this information. FXStreet and the author will not be liable for any errors, omissions or any losses, injuries or damages arising from this information and its display or use. Errors and omissions excepted.
The author and FXStreet are not registered investment advisors and nothing in this article is intended to be investment advice. 

Information on these pages contains forward-looking statements that involve risks and uncertainties. Markets and instruments profiled on this page are for informational purposes only and should not in any way come across as a recommendation to buy or sell in these assets. You should do your own thorough research before making any investment decisions. FXStreet does not in any way guarantee that this information is free from mistakes, errors, or material misstatements. It also does not guarantee that this information is of a timely nature. Investing in Open Markets involves a great deal of risk, including the loss of all or a portion of your investment, as well as emotional distress. All risks, losses and costs associated with investing, including total loss of principal, are your responsibility. The views and opinions expressed in this article are those of the authors and do not necessarily reflect the official policy or position of FXStreet nor its advertisers. The author will not be held responsible for information that is found at the end of links posted on this page. 
If not otherwise explicitly mentioned in the body of the article, at the time of writing, the author has no position in any stock mentioned in this article and no business relationship with any company mentioned. The author has not received compensation for writing this article, other than from FXStreet.
FXStreet and the author do not provide personalized recommendations. The author makes no representations as to the accuracy, completeness, or suitability of this information. FXStreet and the author will not be liable for any errors, omissions or any losses, injuries or damages arising from this information and its display or use. Errors and omissions excepted.
The author and FXStreet are not registered investment advisors and nothing in this article is intended to be investment advice. 
The adoption of cryptocurrency-related financial products, including tokenized treasuries, is on overdrive globally, with the focus now shifting to robust networks such as Ripple's XRP Ledger (XRPL).
Sei extends gains above $0.21, decoupling the token from the broader crypto market amid low sentiment and macroeconomic uncertainty. The Wyoming Stable Token Commission selects Sei Network as a candidate blockchain for the WYST, the first fiat-backed stablecoin issued by a US state.
Bitcoin bulls step up, pushing the price above $106,000, as Trump said he would delay his decision about launching strikes on Iran for up to two weeks. Ethereum rebounds from the 200-day EMA support at $2,477 amid steady interest in the derivatives market.
Solana experiences a minor uptick of under 1% at press time on Friday, with multiple long shadow candles forming above $140 as bearish momentum fades off. The optimism surrounding Solana is on the rise, as evidenced by the SOL Open Interest reaching a weekly high.
Bitcoin (BTC) price remains steady above a key support level, trading slightly above $106,000 at the time of writing on Friday. The uncertainty looms as geopolitical tensions between Iran and Israel show no sign yet of an exit strategy from either side.
SPONSORED Discover the top brokers for trading EUR/USD in 2025. Our list features brokers with competitive spreads, fast execution, and powerful platforms. Whether you're a beginner or an expert, find the right partner to navigate the dynamic Forex market.
©2025 ""FXStreet"" All Rights Reserved
Note: All information on this page is subject to change. The use of this website constitutes acceptance of our user agreement. Please read our privacy policy and legal disclaimer.
Trading foreign exchange on margin carries a high level of risk and may not be suitable for all investors. The high degree of leverage can work against you as well as for you. Before deciding to trade foreign exchange you should carefully consider your investment objectives, level of experience and risk appetite. The possibility exists that you could sustain a loss of some or all of your initial investment and therefore you should not invest money that you cannot afford to lose. You should be aware of all the risks associated with foreign exchange trading and seek advice from an independent financial advisor if you have any doubts.
Opinions expressed at FXStreet are those of the individual authors and do not necessarily represent the opinion of FXStreet or its management. FXStreet has not verified the accuracy or basis-in-fact of any claim or statement made by any independent author: errors and omissions may occur. Any opinions, news, research, analyses, prices or other information contained on this website, by FXStreet, its employees, clients or contributors, is provided as general market commentary and does not constitute investment advice. FXStreet will not accept liability for any loss or damage, including without limitation to, any loss of profit, which may arise directly or indirectly from use of or reliance on such information.
"
83,83.0,83.0,84,"Trump Media stock price: DJT shares shrug off Bitcoin and Ethereum ETF news, down significantly in 2025","{'name': 'Fast Company', 'icon': 'https://encrypted-tbn3.gstatic.com/faviconV2?url=https://www.fastcompany.com&client=NEWS_360&size=96&type=FAVICON&fallback_opts=TYPE,SIZE,URL', 'authors': ['Michael Grothaus']}",https://www.fastcompany.com/91353484/djt-stock-price-today-trump-media-sinking-2025-crypto-etf,"https://images.fastcompany.com/image/upload/f_webp,q_auto,c_fit/wp-cms-2/2025/06/p-1-91353484-trump-media-stock-price-djt-bitcoin-ethereum-etf.jpg",https://news.google.com/api/attachments/CC8iK0NnNDFjekU1YkROWVMzUlNSbUZuVFJDZkF4ampCU2dLTWdhcGM1QndLUVk,"06/17/2025, 03:26 PM, +0000 UTC","Trump Media stock price: DJT shares shrug off Bitcoin and Ethereum ETF news, down significantly in 2025"
84,84.0,84.0,85,"Bitcoin, Dogecoin News: BTC May Drop Below $100K, XRP Risks DOGE-Like Price Slide","{'name': 'CoinDesk', 'icon': 'https://encrypted-tbn0.gstatic.com/faviconV2?url=https://www.coindesk.com&client=NEWS_360&size=96&type=FAVICON&fallback_opts=TYPE,SIZE,URL', 'authors': ['omkar godbole']}",https://www.coindesk.com/markets/2025/06/18/bitcoin-retests-50-day-average-support-xrp-risks-dogecoin-like-bearish-shift-in-momentum,https://www.coindesk.com/_next/image?url=https%3A%2F%2Fcdn.sanity.io%2Fimages%2Fs3y3vcno%2Fproduction%2F37c5323612027ca035f45d035408a06d07866d4d-1024x768.jpg%3Fauto%3Dformat&w=3840&q=75,https://news.google.com/api/attachments/CC8iL0NnNU5lREV3WVUxVmJURXdNVlZJVFJEZ0F4aUFCU2dLTWdrSmNZS25MT1NCdVFB,"06/18/2025, 12:08 PM, +0000 UTC","This is a daily technical analysis by CoinDesk analyst and Chartered Market Technician Omkar Godbole.
There is an old saying, ""Once is a chance, twice is a coincidence, and a third time is a trend.""
It applies to bitcoin BTC$99,478.01 right now. The cryptocurrency's price has fallen back to its 50-day simple moving average (SMA), which offered support on two occasions this month, leading to price bounces.
Therefore, the latest re-test of the average presents an opportunity for the bulls to establish a trend in which the 50-day SMA powers new legs higher. Conversely, the fall of the 50-day SMA support could invite stronger selling pressure, potentially leading to a dip below $100,000.
At press time, the bear case appears strong due to signs of bull fatigue, as evident from the recent shallow bounces from the 50-day SMA. The first test of the average on June 5 produced a bounce from roughly $100,500 to over $10,000. However, the second test of the SMA on June 17 saw prices bounce only from $103,000 to $109,000.
The past week's Doji candle also suggests bull fatigue above $100,000.
A high-volume move above $110,000 is needed to restore the immediate bullish outlook.
Payments-focused cryptocurrency XRP XRP$1.97 is trading at the lower end of the Ichimoku cloud, a momentum indicator based on several moving average variants and developed by a Japanese journalist in the 1960s.
Crossovers above and below the cloud are said to represent bullish and bearish shifts in momentum.
When an asset's price crosses below the cloud, as dogecoin DOGE$0.14914 did early this month, it typically signals a bearish trend. Traders often interpret this as a signal to consider selling or shorting the asset, especially if other macro or technical indicators confirm the signal.
XRP's 50-day SMA has already crossed below the 200-day SMA to confirm the so-called death cross, a bearish indicator. Therefore, a potential move below the Ichimoku cloud could prove costly for the bears, potentially opening the door for a slide below $2.
On the charts, support is seen directly at $ 1.60, the early April low. Coins like DOGE, ADA, and LINK have dropped below their respective Ichimoku clouds in recent days, resulting in price losses.



Omkar Godbole is a Co-Managing Editor on CoinDesk's Markets team based in Mumbai, holds a masters degree in Finance and a Chartered Market Technician (CMT) member.  Omkar previously worked at FXStreet, writing research on currency markets and as fundamental analyst at currency and commodities desk at Mumbai-based brokerage houses. Omkar holds small amounts of bitcoin, ether, BitTorrent, tron and dot.
About
Contact
"
85,85.0,85.0,86,This Rare Model Sees BTC Exploding To 330K,"{'name': 'Cointribune', 'icon': 'https://encrypted-tbn0.gstatic.com/faviconV2?url=https://www.cointribune.com&client=NEWS_360&size=96&type=FAVICON&fallback_opts=TYPE,SIZE,URL', 'authors': ['Luc Jose Adjinacou']}",https://www.cointribune.com/en/330000-bitcoin-realistic-or-overhyped/,https://www.cointribune.com/app/uploads/2025/06/Bitcoin-AVIV.png,https://news.google.com/api/attachments/CC8iK0NnNDRORFZQUkZKRlpqbFJSbGx1VFJERUF4aW1CU2dLTWdZcE5Zck5IUWs,"06/22/2025, 08:05 AM, +0000 UTC","
New Read to Earn quest available!

Home » News » Crypto News
What if Bitcoin hasn’t reached its peak yet ? While markets digest their recent fluctuations, a projection based on historical signals puts the bullish cycle into perspective. According to a technical analysis supported by the AVIV ratio, a little-known behavioral indicator, Bitcoin could reach up to $330,000. Analyst Gert van Lagen links this hypothesis to sustained accumulation dynamics, indicating that the current bull run may be far from over.
While whales accumulate and small holders flee out of fear, market technician Gert van Lagen recently highlighted on X a metric called the AVIV Ratio (Active Value to Invested Value), which measures the ratio between Bitcoin’s active capitalization, i.e., funds in motion, and its actual invested capitalization, excluding mining rewards.
#BTC –  A 3x move from here would be ordinary.Every cycle top coincided with the AVIV Ratio (orange) crossing the red line, its +3σ deviation.Today’s AVIV level is comparable to:→ $200 before $1.2k (2013)→ $3.7k before $20k (2017)→ $13k before $69k (2021) pic.twitter.com/xqlG1ebWej
According to him, this indicator, when it exceeds its threshold of +3 standard deviations (σ) above its historical average, systematically marks a cycle peak. He points out that this was the case during previous peaks : “BTC was worth $1,200 in 2013, nearly $20,000 in 2017, and about $69,000 in 2021”.
However, to date, the AVIV Ratio has not yet crossed this threshold, leading him to estimate that “the price could climb to at least $330,000 in this cycle before a top is reached”.
Van Lagen’s model draws attention for its ability to capture the imbalance between speculative activity and long-term investments. It is based on well-defined historical precedents. Here are the key points to remember :
This ratio, although still little known in mainstream circles, establishes itself as an interesting alternative tool to monitor the ongoing bullish cycle, complementing more traditional indicators.
Alongside technical signals, another phenomenon is attracting analysts’ attention : the decline in Bitcoin balances on OTC desks (over-the-counter), often used by institutional investors to buy or sell large volumes.
According to CryptoQuant data, these balances have dropped from 166,500 BTC to 137,400 BTC this year, a decrease of over 29,000 BTC in a few months. This marked decline is interpreted as a strategic accumulation move.
Moreover, this decline is mainly due to “Strategy’s aggressive buying” as well as the notable entry of Metaplanet, which acquired 10,000 BTC. Added to this are strong inflows into spot Bitcoin ETFs, whose cumulative net value now amounts to $128.18 billion, and BlackRock’s BTC holdings, estimated at more than $70 billion.
Alongside this silent accumulation, a second predictive model developed by Bitcoin researcher Sminston With strengthens the hypothesis of a high cycle peak. Based on a 365-day simple moving average integrated into a power law model, it projects a price between $220,000 and $330,000 for this cycle.
But yes, I'm sure this cycle has peaked. 🙄– – –Bitcoin cycles @ power law fit, a la 365-day SMAAt ~$110,000/coin today, the 365-dSMA is only touching the trendline; history shows each cycle moving 2-3x higher than this.Have a nice day! pic.twitter.com/jH51joDEIl
His analysis, statistically supported by a coefficient of determination R²=0.96, challenges the idea that Bitcoin’s volatility diminishes over the years. According to him, “bitcoin price cycles continue to show significant deviations from the trend, invalidating the idea of a progressively stabilizing market”.
These signals, although optimistic, must be approached with caution. Neither the decline in OTC balances nor the statistical models can guarantee a linear upward trajectory. However, they outline a still dynamic market potentially far from its peak, especially in a context of sustained institutional accumulation, as evidenced by BlackRock’s control of 3 % of the supply. The combination of indicators still far from saturation and a change in behavior among major investors could, if sustained, pave the way to price levels never seen before. The market remains volatile, models remain imperfect, but signals converge: the final phase of this bull run could be more spectacular.
Maximize your Cointribune experience with our ""Read to Earn"" program! For every article you read, earn points and access exclusive rewards. Sign up now and start earning benefits.
Diplômé de Sciences Po Toulouse et titulaire d'une certification consultant blockchain délivrée par Alyra, j'ai rejoint l'aventure Cointribune en 2019.
Convaincu du potentiel de la blockchain pour transformer de nombreux secteurs de l'économie, j'ai pris l'engagement de sensibiliser et d'informer le grand public sur cet écosystème en constante évolution. Mon objectif est de permettre à chacun de mieux comprendre la blockchain et de saisir les opportunités qu'elle offre. Je m'efforce chaque jour de fournir une analyse objective de l'actualité, de décrypter les tendances du marché, de relayer les dernières innovations technologiques et de mettre en perspective les enjeux économiques et sociétaux de cette révolution en marche.
The views, thoughts, and opinions expressed in this article belong solely to the author, and should not be taken as investment advice. Do your own research before taking any investment decisions.
Receive the latest and best crypto news directly to your inbox
in daily, weekly, or special format, to stay updated at your own pace
Receive the latest and best crypto news directly to your inbox
in daily, weekly, or special format, to stay updated at your own pace
"
86,86.0,86.0,87,Early Bitcoin adopter says BTC could have another 100X cycle,"{'name': 'Cointelegraph', 'icon': 'https://encrypted-tbn1.gstatic.com/faviconV2?url=https://cointelegraph.com&client=NEWS_360&size=96&type=FAVICON&fallback_opts=TYPE,SIZE,URL', 'authors': ['Biraajmaan Tamuly']}",https://cointelegraph.com/news/early-bitcoin-adopter-says-btc-could-have-another-100x-cycle,"https://images.cointelegraph.com/cdn-cgi/image/format=auto,onerror=redirect,quality=90,width=1434/https://s3.cointelegraph.com/uploads/2025-06/01977911-9e33-74d6-8f5d-8e6481b6608c",https://news.google.com/api/attachments/CC8iK0NnNW5jRmhyVVRsTVpWUnJURGRUVFJERUF4aW5CU2dLTWdZSkFZeUVpZ3c,"06/16/2025, 04:56 PM, +0000 UTC",Early Bitcoin adopter says BTC could have another 100X cycle
87,87.0,87.0,88,Here’s when Bitcoin analysts expect new BTC price volatility,"{'name': 'Cointelegraph', 'icon': 'https://encrypted-tbn1.gstatic.com/faviconV2?url=https://cointelegraph.com&client=NEWS_360&size=96&type=FAVICON&fallback_opts=TYPE,SIZE,URL', 'authors': ['William Suberg']}",https://cointelegraph.com/news/here-s-when-bitcoin-analysts-see-new-btc-price-volatility,"https://images.cointelegraph.com/cdn-cgi/image/format=auto,onerror=redirect,quality=90,width=1434/https://s3.cointelegraph.com/uploads/2025-03/01957196-c71d-7d9c-89f2-e8db6f253132",https://news.google.com/api/attachments/CC8iL0NnNUlSRmc1Y2sxTVZGcE5hRWRuVFJERUF4aW5CU2dLTWdrTk1vd3BIYWc4c0FF,"06/19/2025, 02:02 PM, +0000 UTC",Here’s when Bitcoin analysts expect new BTC price volatility
88,88.0,88.0,89,Watch These Bitcoin Price Levels as Cryptocurrency Back Near Record High,"{'name': 'Investopedia', 'icon': 'https://encrypted-tbn1.gstatic.com/faviconV2?url=https://www.investopedia.com&client=NEWS_360&size=96&type=FAVICON&fallback_opts=TYPE,SIZE,URL', 'authors': ['Tim Smith']}",https://www.investopedia.com/watch-these-bitcoin-price-levels-as-cryptocurrency-back-near-record-high-11752266,https://www.investopedia.com/thmb/duYHByf2r4GUS72GiG9UFva6kOk=/1500x0/filters:no_upscale():max_bytes(150000):strip_icc()/BTCUSDChart-aeb3522359804535bccfb1759285dd81.gif,https://news.google.com/api/attachments/CC8iJ0NnNVZWVkl3UjNFd2QycE1aMFl4VFJEZEFoandCaWdLTWdNZE1nbw,"06/11/2025, 07:00 AM, +0000 UTC"," Bitcoin (BTCUSD) has rallied over the past week to approach the record high it set last month, tracking the strong performance of U.S. equities and encouraging signals about the U.S. economy.

 The legacy cryptocurrency moved as high as $110,400 Wednesday morning after a closely watched inflation report showed that consumer prices rose less than expected last month, good news for investors who are hoping the Federal Reserve could be in a position to cut its benchmark interest rate this year. The price of bitcoin dropped to $108,800 recently, as U.S. stocks backed off their earlier highs as well.

 Once a fringe financial asset dismissed by the mainstream, cryptocurrencies have gained new legitimacy this year thanks in part to the support of President Donald Trump and several allies in Congress. The price of bitcoin has also been supported by surging demand from publicly traded companies, such as Strategy (MSTR), that use proceeds from equity sales to purchase bitcoin for corporate treasuries. Meanwhile, total assets in bitcoin exchange traded funds have ballooned to $132 billion this month, up from $91 billion in early April, pointing to growing institutional interest in the cryptocurrency.

 Bitcoin last hit a record high, of just under $112,000, on May 22. The digital currency has gained about 16% since the start of the year, far outpacing the performance of major stock indexes.

 Below, we take a closer look at Bitcoin’s chart and apply technical analysis to identify key price levels worth watching out for.

 After hitting its all-time high last month, bitcoin’s price consolidated within a flag, a chart pattern that indicates a continuation of the cryptocurrency's uptrend that started in early April.

 Indeed, the digital asset staged a decisive breakout above the pattern earlier this week, laying the groundwork for a new move higher. Meanwhile, the relative strength index confirms bullish price momentum, though the indicator remains below overbought levels, providing ample room for further upside.

 In another win for bitcoin bulls, the 50-day moving average (MA) crossed above the 200-day MA last month to form a bullish golden cross signal.

 Let’s identify two key overhead areas to watch amid the potential for further buying and also locate support levels worth monitoring during profit-taking periods.

 The first overhead area to watch sits around $112,000. This area on the chart will likely attract significant scrutiny near last month’s peak.

 A move higher could see bitcoin rally toward $137,000. We projected this target by extracting the price bars comprising the cryptocurrency’s uptrend that preceded the flag and repositioning them from the pattern’s breakout area.

 We selected this prior trend as it commenced following a breakout from a pennant pattern in late April, providing clues as to how the current breakout from a period of consolidation may unfold.

 During profit-taking, investors should initially monitor the $107,000 level. A retest of the prominent December and January peaks may be necessary before the cryptocurrency makes a meaningful move higher.

 Finally, a deeper retracement could see bitcoin’s price revisit the closely-watched $100,000 level. This area would likely provide support near the psychological round number and a trendline that connects a range of corresponding trading activity on the chart stretching back to last November.

 The comments, opinions, and analyses expressed on Investopedia are for informational purposes only. Read our warranty and liability disclaimer for more info.

 As of the date this article was written, the author does not own any of the above securities.

Coinglass. ""Bitcoin ETF Overview.""
"
89,89.0,89.0,90,Malicious Wallet Prompt Hijacks Coin Market Cap — Company Issues Urgent Alert,"{'name': 'Bitcoin.com News', 'icon': 'https://encrypted-tbn2.gstatic.com/faviconV2?url=https://news.bitcoin.com&client=NEWS_360&size=96&type=FAVICON&fallback_opts=TYPE,SIZE,URL'}",https://news.bitcoin.com/malicious-wallet-prompt-hijacks-coin-market-cap-company-issues-urgent-alert/,https://static.news.bitcoin.com/wp-content/uploads/2025/06/bbbbsoooo.png,https://news.google.com/api/attachments/CC8iK0NnNVNXRXR0YzBsamVuVk5TR1JOVFJDZkF4ampCU2dLTWdhUk1wRHFvUWs,"06/20/2025, 11:14 PM, +0000 UTC",Malicious Wallet Prompt Hijacks Coin Market Cap — Company Issues Urgent Alert
90,90.0,90.0,91,Israel Stock Market Rallies While Bitcoin Remains Resilient | US Crypto News,"{'name': 'BeInCrypto', 'icon': 'https://encrypted-tbn3.gstatic.com/faviconV2?url=https://beincrypto.com&client=NEWS_360&size=96&type=FAVICON&fallback_opts=TYPE,SIZE,URL', 'authors': ['Lockridge Okoth']}",https://beincrypto.com/bitcoin-israel-stock-market-us-crypto-news/,https://beincrypto.com/wp-content/uploads/2025/04/BMTUSDT_E7334A_2025-03-11_11-54-20-54.png,https://news.google.com/api/attachments/CC8iK0NnNDJXREJDT1dGc1dYRlNTSEIzVFJEZUFoanRCQ2dLTWdhVlFvcU9RUVU,"06/19/2025, 02:30 PM, +0000 UTC","We use cookies to improve your experience.            

Welcome to the US Crypto News Morning Briefing—your essential rundown of the most important developments in crypto for the day ahead.
Grab a coffee for an update on what is happening in the market today, particularly regarding Bitcoin (BTC). Amid ongoing geopolitical tension, the pioneer crypto continues to endure uncertainty, with recent developments expected to drive volatility.
The previous US Crypto News publication highlighted the S&P 500’s resilience despite escalating geopolitical tension. 
In the latest development, Iran has hit Israel’s economic infrastructure, attacking the Stock Exchange building in Tel Aviv, in a retaliatory move against Israel’s $475 billion capital market.
“The Israeli Stock Exchange building in Ramat Gan, east of Tel Aviv, was hit during Iran’s latest missile attack,” reports indicated.
Yesterday, Israeli-linked cyberattacks affected Iran’s banking system and destroyed tens of millions in digital assets.
BeInCrypto reported how the financial market is the new battleground in the Israel-Iran war, with blockchain as one of the fronts.
“And the market’s reaction? It wasn’t organic. It was engineered calm. Liquidity backstopped. AI algos throttled. Panic suppressed. Why? Because this isn’t just war. It’s controlled demolition. A financial power shift wrapped in the theatrics of missiles and speeches. Watch the money, not the headlines. The markets know what’s coming,” one user remarked.
However, in a surprising twist, markets rallied, with the TA‑125 hitting a 52-week high the same day. In the immediate aftermath, the TA-125 surged by over 0.53%, which is not a mean feat in terms of political uncertainty.
TA-125 is a stock market index in Israel tracking the performance of the 35 largest and most actively traded companies listed on the exchange.
Meanwhile, Ray Yossef, CEO of NoOnes and ex-CEO of Paxful, tells BeInCrypto that Bitcoin is still stuck in a narrow range near $105,000 despite geopolitical tension. The crypto executive says daily volatility remains under 2.1%, and there is no panic selling.
“Bitcoin no longer appears to function as a hedge asset; instead, it behaves more like a high-beta tech stock, caught in the macro winds but not really steering its own ship. The link between BTC and the Nasdaq 100 is still strong at 0.68,” Yossef added in a statement shared with BeInCrypto.
Bitcoin has held above the critical $100,000 level for over 40 days. The pioneer crypto shows impressive resilience amid rising geopolitical tensions and cautious central bank signals.
Against this backdrop, analysts say macroeconomic and institutional forces are now converging to support Bitcoin’s position as a long-term treasury asset.
This aligns with assertions from Robert Kiyosaki, who advocated for Bitcoin among other assets, as indicated in a recent US Crypto News publication.
“Despite the ongoing conflict between Israel and Iran, Bitcoin has remained incredibly resilient over the past week. BTC’s recent strength isn’t only a testament to its resilience or its growing appeal as a safe-haven asset, but also its growing importance as an alternative to the devaluing US dollar,” Elliot Johnson, CEO of the Bitcoin Treasury Corporation (BTCT), told BeInCrypto.
Johnson also pointed to the impact of institutional demand, noting that with both corporations and governments pouring billions into Bitcoin treasuries, led by Michael Saylor himself with his most recent $1.05 billion purchase, it is no wonder BTC remains firmly above $100,000.
Nic Puckrin, founder of The Coin Bureau, echoed that sentiment, saying that the $100,000 level is being cemented in investors’ minds as the base price and not just support.  
“Any retail investor panic selling now is becoming exit liquidity for the institutional buyers,” Puckrin noted.
On the macro side, markets were reassured by the Fed’s latest dot plot projecting two rate cuts in 2025. According to Puckrin, liquidity is coming, and when it floods in, Bitcoin will be the biggest beneficiary.
Bitcoin was trading for $104,708 as of this writing, up by a modest 0.5% in the last 24 hours.
Here’s a summary of more US crypto news to follow today:
Disclaimer
In adherence to the Trust Project guidelines, BeInCrypto is committed to unbiased, transparent reporting. This news article aims to provide accurate, timely information. However, readers are advised to verify facts independently and consult with a professional before making any decisions based on this content. Please note that our Terms and Conditions, Privacy Policy, and Disclaimers have been updated.
Want to know more?
Join our Telegram Group and get trading signals, a free trading course and daily communication with crypto fans!
Join Our Telegram

 Stay up to date on crypto
          
"
91,91.0,91.0,92,"Bitcoin price could fall under $100k, options data suggests","{'name': 'Crypto News', 'icon': 'https://encrypted-tbn2.gstatic.com/faviconV2?url=https://crypto.news&client=NEWS_360&size=96&type=FAVICON&fallback_opts=TYPE,SIZE,URL', 'authors': ['Crispus Nyaga']}",https://crypto.news/bitcoin-price-could-fall-under-100k-options-data-suggests/,https://crypto.news/app/uploads/2025/03/crypto-news-Zambia-Bitcoin-option01-1380x820.webp,https://news.google.com/api/attachments/CC8iK0NnNUNRbGg0TjJwaU5YWlpjRjlwVFJDckF4alBCU2dLTWdhQlFZZ0xvZ1U,"06/18/2025, 01:22 PM, +0000 UTC","
                200% Bonus: 100K Daily Giveaways, Instant Withdrawals, Best VIP Club, 3000+ Slots, Poker, Blackjack and More - Provably Fair            

                Join Drake At Stake - America's Social Casino. Claim $25 Stake Cash FREE - PLAY NOW            

        Share    
Bitcoin price has retreated in the past few days, and the futures market points to more downside, potentially to $100,000.
Bitcoin (BTC) dropped to $104,650 on Wednesday, June 18, marking a 6.52% decline from its highest level this year. Option traders are increasingly betting on further declines. Data from Deribit shows that the put-to-call volume ratio rose to 2.17, indicating that more traders are buying put options as a hedge.
A put option gives investors the right, but not the obligation, to sell an asset at a specific price within a defined time period. In this case, for contracts expiring on Friday, open interest in put options is concentrated at the $100,000 strike.
Investors remain cautious amid the escalating crisis in the Middle East. In a statement on Tuesday, Donald Trump suggested the U.S. may enter the conflict and potentially target Iran’s Supreme Leader, Ayatollah Ali Khamenei.
The conflict could fuel inflation in the U.S. and globally. Brent and West Texas Intermediate crude prices rose to $76 and $74, respectively, while global shipping costs have also jumped. As a result, the Federal Open Market Committee may opt for a wait-and-see approach, monitoring the impact of geopolitical tensions and Trump’s proposed tariffs.
On a more positive note, Bitcoin demand appears to be rising. Spot Bitcoin ETFs saw over $216 million in inflows on Tuesday, bringing total cumulative inflows to $46.26 billion. In a note, an XBTO analyst said:
“A hawkish signal from the Federal Reserve could strengthen the US dollar and trigger a test of the psychological $100,000 mark. The geopolitical situation remains a wildcard, where further deterioration would likely trigger another move down across risk assets.”
On the eight-hour chart, BTC has pulled back from a high of $110,500 to around $104,530. It has formed a double-top pattern with a neckline at $100,300, a formation often associated with bearish breakouts.
Bitcoin has also fallen below the 50-period Exponential Moving Average and is approaching the 23.6% Fibonacci retracement level. Meanwhile, the MACD indicator has dropped below the zero line.
As such, Bitcoin may continue falling, with the next level to watch being $100,300, about 4.2% below current prices. A break below that support could open the door to a deeper decline toward the 38.2% retracement level at $97,560.

        Read more about    

        Deep Dives    


                    Alt ZK solutions can save Ethereum | Opinion                



                    From the margins to the mainstream: The new capital frontier is not what you think it is | Opinion                



                    The full story behind the $90 million Nobitex hack that shattered Iran’s crypto illusion                



                    Ripple and XRP shock traders with whale demand, what’s next                



                    Russia’s crypto exchange Garantex moves millions despite stablecoin ban, blockchain data shows                



                    Cross-chain interoperability is key for seamless web3 UX | Opinion                



                    From DAO to ApeCo: ApeCoin community backs founder-led governance overhaul                



                    DeFi at a crossroads: The SEC’s new stance could change everything | Opinion                



                    Why Ethereum should not be ignored amidst massive institutional capital inflows                



                    Justin Sun and Trump — a billion-dollar crypto bromance built on deals and dinners                 


                Related News            


                    Crypto market plummets after US attacks Iran nuclear sites                



                    Virtuals Protocol hit by token drain, revenue drop, and user exodus                



                    Useless Coin price surges as smart money investors buy                


            Get crypto market analysis and curated news delivered right to your inbox every week.        

            You have successfully joined our subscriber list.        

"
92,92.0,92.0,93,Bitcoin hit a record high. Here's why.,"{'name': 'ABC News - Breaking News, Latest News and Videos', 'icon': 'https://encrypted-tbn3.gstatic.com/faviconV2?url=https://abcnews.go.com&client=NEWS_360&size=96&type=FAVICON&fallback_opts=TYPE,SIZE,URL', 'authors': ['Max Zahn']}",https://abcnews.go.com/Business/bitcoin-hits-record-high/story?id=122068331,https://s.abcnews.com/images/Business/bitcoin-ap-jef-250522_1747925855255_hpMain_16x9_1600.jpg,https://news.google.com/api/attachments/CC8iI0NnNTRTMm8wYjJ0RldUVmtTMXAzVFJDZkF4ampCU2dLTWdB,"05/22/2025, 07:00 AM, +0000 UTC","The price of bitcoin surged past $110,000 for the first time.
Bitcoin surged to a record high on Thursday, vaulting more than 3% in early trading and hurtling past $110,000 for the first time.
The price of bitcoin stood at $111,385 on Thursday, extending a sharp rise that stretches back to the November election of President Donald Trump, a cryptocurrency supporter and investor.
Ether, the second-largest cryptocurrency, jumped 6%. The $TRUMP memecoin, a crypto coin launched by the president in January, increased nearly 6%.
A surge in the value of some cryptocurrencies in recent days followed a Senate vote to advance the GENIUS Act, an industry-backed bill that aims to regulate some digital currency.
The measure establishes rules targeting stablecoins, a type of cryptocurrency pegged to the value of another asset, often the U.S. dollar.
If enacted, the bill could allow such crypto coins to become a mainstream tool for digital payments and other financial instruments, setting the stage for an influx of investment in digital currency.
Critics say the measure fails to address conflict-of-interest concerns exemplified by Trump, and it risks endangering consumers and the wider economy with a weak set of restrictions.
Trump, who also backs a cryptocurrency firm World Liberty Financial, has denied any wrongdoing involving his crypto ventures.
The record high for bitcoin also coincides with a spike in Treasury yields amid deficit concerns centered on a domestic policy bill passed by the U.S. House on Thursday.
The nonpartisan Congressional Budget Office on Tuesday found the tax policies backed by Trump would add $3.8 trillion to the national debt. The finding comes days after a U.S. credit downgrade at Moody's in part due to the country’s deficit.
Higher yields increase the cost of U.S. borrowing and add strain to the nation’s finances. In theory, investors may seek out alternatives to the U.S. dollar as debt yields face upward pressure.
Bryan Armour, the director of passive strategies research at financial firm Morningstar, attributed the recent rise in the price of bitcoin to both industry regulation and bond market fears.
“​​I suspect it’s a mix of regulatory adoption and fear for the dollar given the expectation of high government spending,” Armour said.
The price of bitcoin has surged about 40% since the presidential election. Over that period, the S&P 500 has declined 2%, while the tech-heavy Nasdaq has dropped 3%.
In July, Trump told the audience at a cryptocurrency conference in Nashville, Tennessee, that he wanted to turn the U.S. into the ""crypto capital of the planet.""
Trump promised to weaken federal oversight of cryptocurrency and establish the federal government's first strategic bitcoin reserve.
In March, Trump signed an executive order establishing the reserve of digital currencies, saying the move would position the U.S. “as a leader among nations in government digital asset strategy.”
On Thursday, Trump is set to attend a gala with hundreds of top investors in his memecoin, which an announcement described as an “intimate private dinner.”
The move elicited concern among some critics as a possible means of exchanging access to the president for financial gain.
24/7 coverage of breaking news and live events
"
93,93.0,93.0,94,"Public Keys: Circle and Coinbase Get GENIUS Bump, Bitcoin Treasuries on Shaky Ground?","{'name': 'Decrypt', 'icon': 'https://encrypted-tbn1.gstatic.com/faviconV2?url=https://decrypt.co&client=NEWS_360&size=96&type=FAVICON&fallback_opts=TYPE,SIZE,URL', 'authors': ['Stacy Elliott']}",https://decrypt.co/326330/public-keys-circle-coinbase-genius-bump-bitcoin-treasuries-shaky-ground,https://cdn.decrypt.co/resize/1024/height/512/wp-content/uploads/2025/06/usdc-circle-decrypt-gID_7.png,https://news.google.com/api/attachments/CC8iK0NnNXVTRXhuYlVwNFJuZEtaMmhPVFJDSEF4aVBCaWdLTWdZdEFJVE9tUU0,"06/20/2025, 09:04 PM, +0000 UTC","Public Keys: Circle and Coinbase Get GENIUS Bump, Bitcoin Treasuries on Shaky Ground?
$99,552.00
$2,191.58
$1.98
$610.09
$130.81
$0.9998
$0.264321
$0.149982
$2,191.41
$0.533606
$99,436.00
$34.00
$2,657.96
$451.61
$8.98
$2.41
$11.48
$0.999818
$0.224441
$48.03
$16.21
$2.72
$0.999449
$0.00001042
$79.03
$2,192.35
$2,346.55
$1.00
$0.130726
$297.65
$3.19
$3.98
$99,563.00
$6.15
$0.00000873
$0.48425
$221.45
$1.18
$49.42
$1.00
$302.04
$1.056
$0.079748
$3.85
$4.49
$158.56
$15.01
$1.86
$0.998265
$27.30
$0.648731
$0.584363
$4.45
$15.64
$8.55
$3.70
$99,367.00
$0.061763
$0.01893994
$0.1694
$0.07053
$0.996889
$0.567526
$0.9999
$4.14
$2.72
$0.231245
$2.07
$1.00
$0.156841
$10.77
$2,191.07
$0.262882
$0.799303
$88.93
$138.02
$1.094
$0.196081
$0.01560255
$2,496.04
$0.173819
$2,295.22
$1.00
$0.999687
$0.337686
$1.026
$0.999658
$1.38
$0.00001201
$9.27
$0.055699
$3,445.57
$0.867111
$1.31
$99,522.00
$3,421.16
$0.545366
$0.477992
$610.15
$2,338.47
$2,300.49
$0.253119
$99,479.00
$2.74
$1.11
$99,994.00
$2,303.96
$0.465877
$0.072299
$111.51
$0.518367
$1.98
$0.997638
$0.664889
$0.354929
$146.18
$0.01006397
$170.44
$1.99
$1.093
$0.748679
$2,368.36
$37.64
$0.997493
$0.00006222
$0.588478
$29.24
$0.644328
$99,283.00
$16.84
$0.227565
$0.144103
$0.209719
$0.00000056
$1.83
$0.01199811
$0.999733
$3.20
$99,250.00
$0.01071189
$0.486967
$0.00801857
$0.376147
$33.99
$0.997922
$0.484302
$2,191.30
$1.81
$99,590.00
$2,191.57
$0.084321
$0.299292
$2,339.83
$2,293.97
$2,192.33
$0.231531
$0.551278
$7.71
$0.01287956
$0.404506
$0.060996
$0.9998
$0.404369
$1.23
$1.00
$1.00
$44.55
$1.091
$0.990856
$2.19
$33.93
$0.0000004
$0.996736
$0.387635
$0.149844
$0.168623
$2,190.74
$4.94
$0.00001746
$0.03510945
$1.13
$0.431296
$0.466448
$11.87
$2,328.81
$0.099136
$2.00
$0.328707
$0.063291
$0.01664904
$0.00349946
$1.11
$0.03230289
$0.319011
$0.00543186
$19.25
$0.999701
$0.999109
$0.998525
$0.263504
$0.824687
$99,334.00
$0.996782
$0.999965
$0.03173771
$2,416.72
$98,776.00
$4.66
$0.0305084
$0.116125
$0.00347454
$1.24
$2,399.44
$2,191.83
$142.62
$0.00005162
$0.00000072
$9.54
$0.998466
$0.665189
$0.00274487
$1.71
$0.00000135
$0.109592
$1.016
$99,531.00
$0.406408
$2,192.20
$99.88
$0.00308517
$0.947049
$16.24
$2,000.54
$96,152.00
$0.169536
$0.053634
$0.543869
$0.247714
$1.00
$97,030.00
$0.004432
$5.47
$0.162293
$0.450609
$1.19
$13.33
$0.01461967
$18.12
Public Keys is a weekly roundup from Decrypt that tracks the key publicly traded crypto companies.
This week: Circle and Coinbase surge on stablecoin legislation movement, the Bitcoin treasury model raises concerns, and sources tell Decrypt that another crypto firm is eyeing an IPO this year.
It makes sense that this week’s Senate vote in favor of the GENIUS Act was great for stablecoin issuers—but Circle has gone above and beyond.
The company’s CRCL shares, which trade on the New York Stock Exchange, opened at $156.36 on Tuesday—the day of the Senate’s historic vote. Since then, the stock has skyrocketed, hitting a new peak just shy of $249 on Friday and finishing the day above $240.
For those keeping track, that means the company’s share price peaked at eight times that of its $31 IPO. It's been just over two weeks since CRCL started trading.
Circle has been helped along by the fact that Wall Street analysts can’t help but rate the company highly. Jeff Cantwell, a senior analyst at Seaport Research Partners, initiated coverage on CRCL today with a buy rating and $235 price target.
Circle made it to that target before the bell even rang, dipped, and then shot past it.
“Circle’s strategy is to build the largest, most widely used stablecoin network in the world... This strikes us as a ‘TAM/adoption’ story,” Cantwell wrote in a note shared with Decrypt. TAM is Wall Street shorthand for total addressable market. And Cantwell reckons most of his peers are underestimating just how big the stablecoin market will become.
“We think the overall stablecoin market cap will reach $500 billion by the end of next year; longer-term, we think it ultimately can reach $2 trillion,” he said. That would mean the $260 billion stablecoin market will double in the next six months.
Buckle up, kids.
For what it’s worth, Coinbase, which trades on the Nasdaq under the COIN ticker and co-founded USDC with Circle, has received its own GENIUS-inspired gains. Its stock rose about 30% this week and closed Friday above $308, up more than 4% on the day.
Michael Saylor, Strategy co-founder and chairman, famously quipped about Bitcoin, “There is no second best.” It’s even been turned into a song.
But it’s starting to look like Stategy’s Bitcoin treasury company blueprint is really difficult to follow—and that’s not for lack of Saylor & Co. trying to spread the gospel.
Earlier this week, Nasdaq-listed healthcare firm Semler Scientific appeared to be flashing warning signs to investors. On Tuesday, the company was valued at a razor-thin premium compared to its Bitcoin holdings. Its mNAV, or multiple-to-net asset value had fallen to 1.07.
mNAV is a rough measure of how much premium investors assign to its Bitcoin holdings.
Since Tuesday, Semler’s mNAV has improved slightly to 1.23, according to the company’s website.
That’s after the company said Friday morning that it wants to amass 105,000 Bitcoin by 2027. That pushed the stock to a closing price of $36.14, or 13% higher than its Wednesday close. But the company’s shares are still way below the $55.05 they were at the start of the year and half what they were in December, when shares were trading above $78.
Now financial services firm Fold is selling $250 million worth of shares in an effort to turn that cash into a BTC treasury. The company’s shares were trading for $4.57 when it made its announcement on Tuesday. By Friday afternoon, they had slipped to $4.50.
Funny enough, the Bitcoin treasury companies with the best unrealized gains are Tesla and Block, Inc.. The companies have an average cost basis of $33,539 and $30,405, respectively, which means their holdings have net unrealized gains that are more than three times what they paid.
Block has never sold any of its Bitcoin, but Tesla’s unrealized gains could have been even higher. Remember: The company sold 75% of its BTC in 2022, when BTC was trading around $24,000.
Edited by James Rubin
Your gateway into the world of Web3
The latest news, articles, and resources, sent to your inbox weekly.
© A next-generation media company. 2025 Decrypt Media, Inc.
"
94,94.0,94.0,95,Bitcoin Who? Wall Street Has a New Crypto Obsession,"{'name': 'Gizmodo', 'icon': 'https://encrypted-tbn1.gstatic.com/faviconV2?url=https://gizmodo.com&client=NEWS_360&size=96&type=FAVICON&fallback_opts=TYPE,SIZE,URL', 'authors': ['Luc Olinga']}",https://gizmodo.com/bitcoin-who-wall-street-has-a-new-crypto-obsession-2000618478,https://gizmodo.com/app/uploads/2024/09/An-image-of-Bitcoin-cryptocurrency.jpg,https://news.google.com/api/attachments/CC8iMkNnNVRPVGRYVEhaeWJVSktNV2xwVFJERUF4aW1CU2dLTWd1Sk1ZalFwT2RVMGppd3FR,"06/21/2025, 02:28 PM, +0000 UTC","For over a decade, Bitcoin has been the undisputed face of digital finance. When you think “crypto,” you think Bitcoin. Its surges and crashes have been treated as bellwethers for the entire industry. This year, it even set new records, solidifying its reign.
But for the past month, the crypto world hasn’t been talking about Bitcoin. The spotlight has been stolen by a company that most people have never heard of.
While Bitcoin’s price reached an all-time high this spring, its dominance is being challenged. Its market value, while still a colossal $2 trillion, is suddenly looking like yesterday’s news. Because in the world of finance, Wall Street and social media have a new darling: Circle Internet Group.
On June 5, Circle went public. Its IPO priced the stock at $31 a share, valuing the company at a respectable $6.3 billion. What happened next has been nothing short of explosive. In just eleven trading sessions, Circle’s stock skyrocketed 675%, pushing its market capitalization to over $48 billion.
To put that in perspective, Circle is now worth more than iconic industrial giants like Ford Motor Company and General Motors. The Big Three automakers in Detroit produce millions of physical cars per year. So, what does Circle produce to justify this staggering valuation?
The answer is surprisingly simple: a special type of cryptocurrency called a stablecoin.
Here’s how it works. You give Circle one U.S. dollar. In return, they give you one of their digital tokens, called USDC. This token is a stablecoin, meaning its value is pegged to a stable asset. In this case, the dollar you just gave them. It will always be worth $1 because, unlike Bitcoin or Ethereum, stablecoins aren’t designed to fluctuate in value. Circle then takes your actual dollar, invests it in safe, interest-bearing assets like short-term U.S. Treasury bonds, and pockets the yield. You get a digital dollar; they get the profit. That’s the entire business model.
What Wall Street is buying isn’t just a clever financial loop; it’s the hope that stablecoins are the future of money. The dream is that USDC will become as common as Visa or Mastercard for daily transactions, allowing people to move money cheaply and instantly without the volatility of other cryptocurrencies.
This hope is being fueled by a favorable wind from Washington. The Senate recently passed the “Genius Act,” a landmark piece of legislation that opens the door for banks, fintech companies like PayPal, and major retailers like Amazon to adopt stablecoins for payments. This is the first major, and notably friendly, crypto regulation approved by Congress. While it still needs to pass in the House, crypto advocates are optimistic.
Until now, stablecoins have mostly been used within the crypto world for trading or in decentralized finance (DeFi). But with this new legislation, Circle, which isn’t tied to a single financial institution, is perfectly positioned to become the big winner. Some are calling this the industry’s “iPhone moment.”
The Circle fever will likely rage on, at least until the company posts its first quarterly earnings. Only then will investors decide if the honeymoon continues.
In the meantime, if you want to sound like you know what’s happening on Wall Street and in the tech world, there’s a new name to drop.
Bitcoin who?

BitcoinCryptocurrenciesWall Street 

          Get the best tech, science, and culture news in your inbox daily.
        

          News from the future, delivered to your present.
        

      Please select your desired newsletters and submit your email to upgrade your inbox.
    

          The Trump family is building a crypto empire that puts their profits on a collision course with the presidency.
        

          Wall Street is valuing crypto firm Circle like the next big thing in tech. Its entire business? Holding your dollars and keeping the interest.
        

          The meme coin launched by the President-elect on January 18, just two days before his return to the White House, has lost more than half its value in less than five months.
        

          The NBA legend’s FTX settlement signals the end of crypto’s celebrity free ride.
        

          Two NYPD officers may have been involved in kidnapping an Italian tourist, according to a new report.
        

          President Trump's family has profited handsomely from crypto.
        
We may earn a commission when you buy through links on our sites.
©2025 GIZMODO USA LLC. All rights reserved.
Mode

                Follow us
              
Mode

                Follow us
              
"
95,95.0,95.0,96,"Bitcoin Cools, But Forks Are on Fire as BCH and BSV Torch the Charts: Analysis","{'name': 'Decrypt', 'icon': 'https://encrypted-tbn1.gstatic.com/faviconV2?url=https://decrypt.co&client=NEWS_360&size=96&type=FAVICON&fallback_opts=TYPE,SIZE,URL', 'authors': ['Jose Antonio Lanz Díaz']}",https://decrypt.co/326281/bitcoin-cools-forks-fire-bch-bsv-torch-charts-analysis,https://cdn.decrypt.co/resize/1024/height/512/wp-content/uploads/2025/05/Bitcoin-decrypt-style-17-gID_7.png,https://news.google.com/api/attachments/CC8iK0NnNUNVWEJ1U21aU2JHWm5ZbkJVVFJDSEF4aVBCaWdLTWdhcGRZek5yUVU,"06/20/2025, 06:25 PM, +0000 UTC","Bitcoin Cools, But Forks Are on Fire as BCH and BSV Torch the Charts: Analysis
$99,552.00
$2,191.58
$1.98
$610.09
$130.81
$0.9998
$0.264321
$0.149982
$2,191.41
$0.533606
$99,436.00
$34.00
$2,657.96
$451.61
$8.98
$2.41
$11.48
$0.999818
$0.224441
$48.03
$16.21
$2.72
$0.999449
$0.00001042
$79.03
$2,192.35
$2,346.55
$1.00
$0.130726
$297.65
$3.19
$3.98
$99,563.00
$6.15
$0.00000873
$0.48425
$221.45
$1.18
$49.42
$1.00
$302.04
$1.056
$0.079748
$3.85
$4.49
$158.56
$15.01
$1.86
$0.998265
$27.30
$0.648731
$0.584363
$4.45
$15.64
$8.55
$3.70
$99,367.00
$0.061763
$0.01893994
$0.1694
$0.07053
$0.996889
$0.567526
$0.9999
$4.14
$2.72
$0.231245
$2.07
$1.00
$0.156841
$10.77
$2,191.07
$0.262882
$0.799303
$88.93
$138.02
$1.094
$0.196081
$0.01560255
$2,496.04
$0.173819
$2,295.22
$1.00
$0.999687
$0.337686
$1.026
$0.999658
$1.38
$0.00001201
$9.27
$0.055699
$3,445.57
$0.867111
$1.31
$99,522.00
$3,421.16
$0.545366
$0.477992
$610.15
$2,338.47
$2,300.49
$0.253119
$99,479.00
$2.74
$1.11
$99,994.00
$2,303.96
$0.465877
$0.072299
$111.51
$0.518367
$1.98
$0.997638
$0.664889
$0.354929
$146.18
$0.01006397
$170.44
$1.99
$1.093
$0.748679
$2,368.36
$37.64
$0.997493
$0.00006222
$0.588478
$29.24
$0.644328
$99,283.00
$16.84
$0.227565
$0.144103
$0.209719
$0.00000056
$1.83
$0.01199811
$0.999733
$3.20
$99,250.00
$0.01071189
$0.486967
$0.00801857
$0.376147
$33.99
$0.997922
$0.484302
$2,191.30
$1.81
$99,590.00
$2,191.57
$0.084321
$0.299292
$2,339.83
$2,293.97
$2,192.33
$0.231531
$0.551278
$7.71
$0.01287956
$0.404506
$0.060996
$0.9998
$0.404369
$1.23
$1.00
$1.00
$44.55
$1.091
$0.990856
$2.19
$33.93
$0.0000004
$0.996736
$0.387635
$0.149844
$0.168623
$2,190.74
$4.94
$0.00001746
$0.03510945
$1.13
$0.431296
$0.466448
$11.87
$2,328.81
$0.099136
$2.00
$0.328707
$0.063291
$0.01664904
$0.00349946
$1.11
$0.03230289
$0.319011
$0.00543186
$19.25
$0.999701
$0.999109
$0.998525
$0.263504
$0.824687
$99,334.00
$0.996782
$0.999965
$0.03173771
$2,416.72
$98,776.00
$4.66
$0.0305084
$0.116125
$0.00347454
$1.24
$2,399.44
$2,191.83
$142.62
$0.00005162
$0.00000072
$9.54
$0.998466
$0.665189
$0.00274487
$1.71
$0.00000135
$0.109592
$1.016
$99,531.00
$0.406408
$2,192.20
$99.88
$0.00308517
$0.947049
$16.24
$2,000.54
$96,152.00
$0.169536
$0.053634
$0.543869
$0.247714
$1.00
$97,030.00
$0.004432
$5.47
$0.162293
$0.450609
$1.19
$13.33
$0.01461967
$18.12
Here's something you don't see every day: Bitcoin's lesser-known cousins are stealing the show while the king of crypto takes a nap.
Bitcoin Cash has gone absolutely ballistic, rocketing 98% since its low point in April and trying to break the $500 resistance mark for good. Meanwhile, Bitcoin SV—yes, that controversial fork led by Satoshi pretender Craig Wright—is quietly climbing.
This rotation reflects broader market dynamics, with the S&P 500 on Friday hitting 6,000 points for the first time since February, while the tech-heavy Nasdaq approaches its own record near 20,000 as short-term traders appear to have priced in the panic over the current geopolitical events.
The Federal Reserve's decision to keep interest rates steady at 4.25%-4.5% on Wednesday has created a wait-and-see environment, with policymakers noting that ""uncertainty about the economic outlook has diminished, but remains elevated.""
Meanwhile, oil prices climbed over 4% on Tuesday as the Iran-Israel conflict raged, with Brent crude settling at $76.45—a development that traditionally correlates with crypto volatility, but has yet to significantly impact digital asset prices in the days since.
Bitcoin is putting investors to sleep with a 2% to $103,154 over the last week. The flagship cryptocurrency has entered a critical consolidation phase after failing to reclaim the $108,000-$109,000 resistance zone.
For traders watching the tape, this sideways grind often comes before the fireworks—for good or bad.
The weekly chart reveals a market in equilibrium, with several key indicators painting a nuanced picture:
RSI (Relative Strength Index): At 62 on the weekly time frame, Bitcoin shows mild bullish momentum without approaching overbought territory. The RSI measures the speed and magnitude of price changes: readings above 70 typically indicate overbought conditions where traders might expect a pullback, while below 30 suggests oversold levels that could precede a bounce. Bitcoin's current reading indicates healthy bullish momentum that could support further upside.
ADX (Average Directional Index): Reading 26, the ADX has just crossed the crucial 25 threshold, suggesting a trend is beginning to form in longer time frames. This indicator measures trend strength regardless of direction: below 20 indicates no trend, 20-25 shows a developing trend, and above 25 confirms trend establishment. For momentum traders, this crossing above 25 could signal the start of a more decisive move.
Exponential Moving Averages (EMAs): Bitcoin currently trades above its 50-week EMA (the average price of the last 50 weeks—basically one year), but faces resistance from the convergence of multiple time frames. The 50-200 EMA spread remains positive, which technical analysts often interpret as a bullish market structure. When shorter-term averages stay above longer-term ones, it typically indicates sustained buying pressure.
Squeeze Momentum Indicator: The ""off"" status on the weekly chart suggests volatility has already been released, contradicting the daily chart's compression. This divergence between time frames often precedes significant moves as different trader cohorts position themselves.
Key Levels:
Bitcoin Cash is the week's star performer with a commanding 14.57% surge to $483, briefly breaking past the psychologically significant $500 level—but it’s been unable to maintain momentum. BCH social media mentions surged as the price began to recover, pushing it to a new peak for 2025.
The weekly chart presents a compelling bullish case with room for continuation, with some cautions needed, of course:
RSI at 63: This reading places BCH in what traders often call the ""power zone"" —strong enough to indicate genuine momentum, but not yet extended enough to trigger profit-taking. Historical analysis shows BCH tends to run until RSI reaches 75-80, suggesting approximately 20% additional upside potential before overbought conditions emerge. That would match the resistance of the current triangle that has been in place since April.
ADX at 18: While below the 25 trend confirmation level, this reading shows that markets are fighting to push prices forward. However, this might not be a bad signal, and interpretation will vary as the indicator is analyzed alongside other readings. Low ADX readings after a strong move often indicate consolidation before the next leg higher. Traders might interpret this as the market digesting gains before attempting the next resistance level.
Moving Average Configuration: BCH trades decisively above both its 50-week and 200-week EMAs, with increasing separation between them. This expanding gap, known as moving average divergence, typically indicates strong trending conditions. The 50-week EMA near $385 now serves as dynamic support, while the 200-week mark at $352 provides a floor for any deeper corrections.
Key Levels:

BSV's 6% weekly gain to $31.47 since last Friday's low might look like small potatoes next to BCH's moonshot, but context is everything. The controversial fork is now trading 30% above its June lows despite persistent skepticism, finishing the week as the seventh-best performing cryptocurrency among the top 100. However, today's correction is giving signs of a flat performance if the week's shadows are not considered.
BSV's chart is like reading tea leaves, but here's what technical traders are seeing.
The RSI at 43 is slightly bearish but not terrible. Think of it as a car running on fumes, but not quite empty. Some contrarian traders love buying when RSI is this low, as they're betting on a bounce. History shows BSV often bottoms between 35-40, so we're in the danger zone where brave souls start nibbling.
Also, the ADX at 19 is yet another weak trend reading that creates a coiled spring scenario. When ADX readings remain below 20 for extended periods, the eventual breakout (in either direction) tends to be violent. Range traders might play the boundaries, while trend followers await confirmation above 25.
As for the price averages, BSV keeps failing to break past the 50-day average around $34.87, showing that bears are still pretty much in control of prices in longer time trends.
Key Levels:
Edited by Andrew Hayward
Your gateway into the world of Web3
The latest news, articles, and resources, sent to your inbox weekly.
© A next-generation media company. 2025 Decrypt Media, Inc.
"
96,96.0,96.0,97,"Semler Scientific plans Bitcoin holdings of 105,000 BTC by 2027","{'name': 'Cointelegraph', 'icon': 'https://encrypted-tbn1.gstatic.com/faviconV2?url=https://cointelegraph.com&client=NEWS_360&size=96&type=FAVICON&fallback_opts=TYPE,SIZE,URL', 'authors': ['Brayden Lindrea']}",https://cointelegraph.com/news/semler-scientific-plans-105000-bitcoin-by-2027,"https://images.cointelegraph.com/cdn-cgi/image/format=auto,onerror=redirect,quality=90,width=1434/https://s3.cointelegraph.com/uploads/2025-04/0196575f-3945-79fd-9a32-098bef517157",https://news.google.com/api/attachments/CC8iL0NnNVNTMjFRWTNOemJHbGljVWxTVFJERUF4aW5CU2dLTWdrQlVJS25wV1UxOHdB,"06/20/2025, 12:43 AM, +0000 UTC","Semler Scientific plans Bitcoin holdings of 105,000 BTC by 2027"
97,97.0,97.0,98,Bitcoin price surges to fresh record ahead of Trump's crypto dinner,"{'name': 'NBC News', 'icon': 'https://encrypted-tbn1.gstatic.com/faviconV2?url=https://www.nbcnews.com&client=NEWS_360&size=96&type=FAVICON&fallback_opts=TYPE,SIZE,URL', 'authors': ['Rob Wile']}",https://www.nbcnews.com/business/markets/bitcoin-price-surges-fresh-record-ahead-trump-crypto-dinner-rcna208505,https://media-cldnry.s-nbcnews.com/image/upload/rockcms/2024-11/241118-trump-crypto-conference-vl-430p-a11121.jpg,https://news.google.com/api/attachments/CC8iK0NnNVVSekpyVkdoVWVEa3dWVXRzVFJERUF4aW1CU2dLTWdZTnRZN05QUVk,"05/22/2025, 07:00 AM, +0000 UTC","
Profile
Sections
Local
tv
Featured
More From NBC
Follow NBC News
 news Alerts
There are no new alerts at this time
Talk about timing. 
Less than 24 hours before President Donald Trump was set to host a gala for crypto investors, the price of bitcoin hit an all-time high — a confluence of events likely to bolster Trump's reputation as a champion of digital assets even as the dinner has raised ethical concerns. 
Around 12 p.m. Thursday, bitcoin's price had settled at about $111,300. It hit an all-time high of $$111,875 at approximately 3:30 a.m., the crypto publication CoinDesk reported. 
Trump is scheduled to preside over a dinner at his property outside Washington, D.C., on Thursday that will convene the top recent holders of his $TRUMP coin cryptocurrency. 
More than 200 mostly anonymous crypto buyers, many of them from overseas, spent a total of $394 million on the so-called memecoin, with purchases ranging from $55,000 to $37.7 million, according to the blockchain analytics company Nansen. 
The gala has been in the works for months — part of Trump's push to both reward and continue to curry favor with the crypto crowd. It's a group that gave millions to the president's campaign and ended up as the largest single donor bloc during the 2024 electoral contest. 
While some bitcoin backers have been left disappointed by the lack of commitment to purchasing the token on the open market as a means of backing a strategic reserve, Trump has reined in the aggressive regulatory enforcement of the crypto industry that was a hallmark of the Biden administration.    
Yet even some longtime bitcoin investors were caught by surprise when Trump announced his $TRUMP coin on the eve of his inauguration. Even as its price has declined following an initial surge, Trump and his family pocketed millions from the coins' sales.   
Critics have decried the memecoin dinner as raising conflicts of interest, foreign-influence concerns and even constitutional issues. The top buyer, Justin Sun, is a Chinese national previously sought by U.S. law enforcement officials. 
Trump has sidestepped these complaints. While $TRUMP coin is overseen by Trump's private corporate organization, White House officials said in an earlier statement to NBC News, ""The President is working to secure GOOD deals for the American people, not for himself"" through events like the dinner, and that he ""only acts in the best interests of the American public.""
That appears to include an ongoing focus on the crypto sector.  It comes as bitcoin's price has surged amid renewed fears about the global economy and a worldwide government borrowing glut and subsequent sell-off in bonds.
For some, it's made alternative assets like bitcoin more attractive.     
Yet even as the token's price scales new heights, there remains debate about whether it can truly serve as an effective hedge against broader market volatility.
With a handful of exceptional episodes, bitcoin's price has in recent years tended to track those of other tech stocks — but with even wider price swings. It's also been tightly correlated with Federal Reserve interest rate decisions: When the Fed has cut rates, bitcoin's price has surged. When they've sought to keep rates higher, its price has declined. 
These trends have run counter to the narrative pushed by some bitcoin backers that the cryptocurrency can serve as a hedge against inflation or an alternative to the U.S. dollar. 
But the latest surge in bitcoin's price has come even as many tech stocks and the broader S&P 500 have declined. Some of the lift has been bolstered by the passage of the GENIUS Act, which is designed to give official government approval to the issuance of privately backed digital tokens that help crypto exchanges process transactions.  
While the bill is ostensibly tailored to address these so-called stablecoins, any increase in the pool of buyers naturally serves to support bitcoin's price — and give renewed hope that the digital token can achieve a kind of escape velocity against almost any economic backdrop. 
""It's not going away, it’s going to be part of a lot of portfolios, even if it's just 2-3%,"" said Wedbush Securities finance group managing director Dan Ives. ""It’s still a risky asset, but the deregulatory environment has changed the way people view crypto as an investment.""
Rob Wile is a Pulitzer Prize-winning journalist covering breaking business stories for NBCNews.com.
© 2025 NBCUniversal Media, LLC
"
98,98.0,98.0,99,"BTC News: Bitcoin Steady Above $104K as Traders Eye Move to $145,000 in H2","{'name': 'CoinDesk', 'icon': 'https://encrypted-tbn0.gstatic.com/faviconV2?url=https://www.coindesk.com&client=NEWS_360&size=96&type=FAVICON&fallback_opts=TYPE,SIZE,URL', 'authors': ['Shaurya Malwa']}",https://www.coindesk.com/markets/2025/06/20/bitcoin-steady-above-104k-as-traders-eye-historically-bullish-second-half,https://www.coindesk.com/_next/image?url=https%3A%2F%2Fcdn.sanity.io%2Fimages%2Fs3y3vcno%2Fproduction%2Feab60955ba93e8536f337c1f5fdd3e3c0327575b-5616x3744.jpg%3Fauto%3Dformat&w=3840&q=75,https://news.google.com/api/attachments/CC8iK0NnNVpUVkJHTjJRMkxWTTNSWGhKVFJERUF4aW1CU2dLTWdhcHBaTE91UVk,"06/20/2025, 05:54 AM, +0000 UTC","Crypto markets drifted lower on Thursday, caught between hawkish macro guidance, looming global trade deadlines, and fading volatility. Bitcoin BTC$99,473.28 hovered near $104,700 during Asia hours, slipping 1.2% over 24 hours, while ether ETH$2,185.36 traded just below $2,860, down 1.8% on the day.
The soft price action tracks with broader macro unease following Wednesday’s FOMC hold, where the Fed kept rates unchanged but reiterated a cautious, inflation-sensitive stance.
Historically subdued during the June-July stretch, crypto markets have entered a lull with BTC front-end implied volumes slipping under 40%, erasing the risk premium from recent geopolitical tension, Singapore-based QCP Capital noted in a Thursday market broadcast.
Open interest across BTC and ETH perps remains flat, and option markets skew negative, with puts trading at a premium to calls – a sign of traders hedging against short-term pullbacks.
“There’s been no change to the technical picture, which remains supportive of another push to the topside,” said Joel Kruger, strategist at LMAX Group, in an email to CoinDesk. “BTC continues to consolidate bullishly, and a move through recent highs could set up a run toward $145,000.”
Ether still lags its 2021 highs but is gaining momentum, he added. “Clearing $2,900 could bring $3,400 into play,” Kruger said.
One bright spot for crypto is the U.S. Senate’s passage of a stablecoin framework, which adds another building block to what is becoming a more regulatory-friendly global environment. That’s reinforced a broader institutional conviction.
“Globally, we’re seeing continued progress that promises greater clarity and a more welcoming environment for institutional crypto adoption,” Kruger added.
Still, the near-term setup remains cautious. Month-end OPEX flows, systematic rebalancing, and a lack of fresh catalysts could keep BTC stuck in its $ 102,000–$ 108,000 band for now.
But with H2 historically strong for crypto, some desks are already looking ahead. “The worst may be behind us,” Kruger said. “And the next leg up could catch many off guard.”
Shaurya is the Co-Leader of the CoinDesk tokens and data team in Asia with a focus on crypto derivatives, DeFi, market microstructure, and protocol analysis.Shaurya holds over $1,000 in BTC, ETH, SOL, AVAX, SUSHI, CRV, NEAR, YFI, YFII, SHIB, DOGE, USDT, USDC, BNB, MANA, MLN, LINK, XMR, ALGO, VET, CAKE, AAVE, COMP, ROOK, TRX, SNX, RUNE, FTM, ZIL, KSM, ENJ, CKB, JOE, GHST, PERP, BTRFLY, OHM, BANANA, ROME, BURGER, SPIRIT, and ORCA.He provides over $1,000 to liquidity pools on Compound, Curve, SushiSwap, PancakeSwap, BurgerSwap, Orca, AnySwap, SpiritSwap, Rook Protocol, Yearn Finance, Synthetix, Harvest, Redacted Cartel, OlympusDAO, Rome, Trader Joe, and SUN.
About
Contact
"
99,99.0,99.0,100,Bitcoin Suddenly Braced For A Crypto Price Game-Changer—Predicted To ‘Unleash’ Trillions,"{'name': 'Forbes', 'icon': 'https://encrypted-tbn2.gstatic.com/faviconV2?url=https://www.forbes.com&client=NEWS_360&size=96&type=FAVICON&fallback_opts=TYPE,SIZE,URL', 'authors': ['Billy Bambrough']}",https://www.forbes.com/sites/digital-assets/2025/06/16/trump-primes-bitcoin-for-a-congress-crypto-price-game-changer-predicted-to-unleash-trillions/,https://imageio.forbes.com/specials-images/imageserve/684e81bf0e44075472228161/Trump--Donald-Trump--Congress--bitcoin--bitcoin-price--crypto--stablecoins--Congress-/960x0.jpg?height=474&width=711&fit=bounds,https://news.google.com/api/attachments/CC8iK0NnNVZWMk5qTTNaUmFHYzJSVGRQVFJERUF4aW1CU2dLTWdZaEVaQUxGZ2c,"06/16/2025, 10:28 AM, +0000 UTC","ByBilly Bambrough

ByBilly Bambrough,
 Senior Contributor. 
06/16 update below. This post was originally published on June 15
Bitcoin and crypto have surged this year as traders bet U.S. president Donald Trump’s administration will further boost the bitcoin price (helped by Treasury secretary Scott Bessent issuing a surprise crypto market prediction).
Front-run Donald Trump, the White House and Wall Street by subscribing now to Forbes’ CryptoAsset & Blockchain Advisor where you can ""uncover blockchain blockbusters poised for 1,000% plus gains!""
The bitcoin price has traded above $100,000 per bitcoin since early May after rebounding from Trump’s tariff-induced slump as rumors swirl of a looming, “extraordinary” White House update.
Now, as traders await an imminent Federal Reserve bombshell, the U.S. Senate is poised to vote on the Trump administration’s landmark stablecoin bill, with Trump promising it will lead to the U.S. “dominating” bitcoin and crypto and expected to open up the crypto market to “trillions of tokenized dollars.""
Sign up now for the free CryptoCodex—A daily five-minute newsletter for traders, investors and the crypto-curious that will get you up to date and keep you ahead of the bitcoin and crypto market bull run
U.S. president Donald Trump has made it a priority of his administration to get stablecoin ... More legislation passed, something that's helped support the bitcoin price and crypto market in recent months.
This week, the U.S. Senate voted 68 to 30 to move forward the so-called Genius Act that would regulate stablecoins, setting the bipartisan bill up for a final vote that’s scheduled for Tuesday, June 17.
06/16 update: Amazon and Walmart are among some of the biggest companies weighing whether to launch their own stablecoins or forge partnership with stablecoin companies, according to a Wall Street Journal report citing anonymous sources.
Travel company Expedia and unnamed airlines were also said to be considering creating their own stablecoins to ease the cost and speed of transactions as a result of stablecoin legislation that’s expected to be passed by U.S. lawmakers.
If individual companies decide they'd prefer to launch their own stablecoins rather than use those issued by the likes of Tether and Circle or use those in development by Wall Street banks, it could disrupt the entire financial system, starting with the companies who make the most from processing fees: Visa and Mastercard.
In May, a report revealed Mark Zuckerberg is planning to add crypto support for Meta’s 3 billion global users. Meta is ""in discussions with crypto firms to introduce stablecoins as a means to manage payouts,"" Fortune reported, citing anonymous sources.
Meta, which runs the Facebook, Instagram and WhatsApp platforms and is developing a shared virtual reality it calls the metaverse, is still licking its wounds from its failed attempt to upend the global financial system with its libra-diem crypto-inspired currency that was torpedoed by regulators in 2019.
“The version of the Genius Act that we will invoke cloture on today reflects months of hard work and negotiations from members on both sides of the aisle,” Republican majority leader John Thune said in comments reported by Politico, adding, ""it’s time to move forward and pass this legislation.""
If sent onto Trump’s desk for his signature, the Genius Act would provide a legal and regulatory framework for stablecoins—a form of bitcoin-inspired cryptocurrency that’s usually pegged to the U.S. dollar and used to move money around the world more quickly and cheaply than traditional payment rails.
""This clarity could unlock trillions in financial and payment rails innovation,"" Samir Kerbage, chief investment officer at Hashdex Asset Management, said in emailed comments, and pointing to stablecoin transaction volume that has recently surpassed Visa and Mastercard.
“A finalized framework [for stablecoin legislation] in the U.S. could unleash a new wave of institutional adoption and product innovation, possibly bringing trillions of tokenized dollars to the market in the years to come.”
The stablecoin market—dominated by Tether’s USDT and Circle’s USDC—has rocketed from almost zero 10 years ago to $250 billion today, with Wall Street, the world’s biggest retailers and Silicon Valley technology giants this year scrambling to grab a slice of the red-hot market.
Treasury secretary Scott Bessent echoed a report from analysts with Standard Chartered Bank this week when he predicted U.S. stablecoin legislation would boost the market 10-fold to around $2 trillion.
Meanwhile, U.S. president Donald Trump said he’s proud to be considered the first “crypto president” during a pre-recorded address to Coinbase’s State of Crypto Summit, telling attendees that after passing the Genius Act stablecoin legislation he wants to create a “clear and simple market frameworks that will allow America to dominate the future of crypto and bitcoin.”
Trump has fully embraced bitcoin and crypto over the last year, following through on his campaign promise to create a U.S. strategic bitcoin reserve via an executive order in March and also launching his own memecoin and U.S. dollar-pegged stablecoin via his family’s World Liberty Financial project.
Sign up now for CryptoCodex—A free, daily newsletter for the crypto-curious
The bitcoin price has surged over the last year, topping $100,000 as U.S. president Donald Trump ... More embraces crypto and sparking a flurry of bullish bitcoin price predictions.
Trump’s growing ties to crypto, which Forbes found has added around $1 billion to his personal wealth, has been used by Democratic Party lawmakers to campaign against the Genius Act, with Democratic representative Jamie Raskin from Maryland warning last month that Trump’s crypto ventures offered the “perfect opportunity for foreign government, corporate and individual funds to be funneled into Donald Trump’s bank account and his family’s finances.”
Bitcoin and crypto traders expecting clarity on stablecoin regulation has helped support the bitcoin price in recent months that’s been rocked along with stock markets by trade tensions.
“Bitcoin appears to be consolidating above $100,000,” David Morrison, senior market analyst at Trade Nation, said in emailed comments, pointing to the settling market turmoil caused by Trump’s global trade war.
“Recent moves to strengthen regulation across stablecoins have also helped.”
"
100,,,1,"Bitcoin surges to new highs above $118,000 as investors go risk-on","{'name': 'Yahoo Finance', 'icon': 'https://encrypted-tbn1.gstatic.com/faviconV2?url=https://finance.yahoo.com&client=NEWS_360&size=96&type=FAVICON&fallback_opts=TYPE,SIZE,URL', 'authors': ['Ines Ferre']}",https://finance.yahoo.com/news/bitcoin-surges-to-new-highs-above-118000-as-investors-go-risk-on-182648233.html,https://s.yimg.com/ny/api/res/1.2/sTxchlN02o.9fq8OiAI7Rw--/YXBwaWQ9aGlnaGxhbmRlcjt3PTY0MDtoPTQyNw--/https://s.yimg.com/os/creatr-uploaded-images/2025-06/d8ac60a0-5375-11f0-bff5-401d1d56499f,https://news.google.com/api/attachments/CC8iL0NnNTNVVzVSWVhSQ1kwY3hNMkpaVFJDM0FSaVRBaWdCTWdrQllKQ0xwV2ZRVUFF,"07/11/2025, 10:20 AM, +0000 UTC","Bitcoin surges to new highs above $118,000 as investors go risk-on"
101,,,2,"Crypto investors look ahead to policy wins, propelling bitcoin to record high","{'name': 'Reuters', 'icon': 'https://encrypted-tbn2.gstatic.com/faviconV2?url=https://www.reuters.com&client=NEWS_360&size=96&type=FAVICON&fallback_opts=TYPE,SIZE,URL', 'authors': ['Niket Nishant', 'Hannah Erin Lang', 'Manya Saini']}",https://www.reuters.com/business/bitcoins-record-high-lifts-crypto-stocks-renewed-regulatory-optimism-2025-07-11/,https://www.reuters.com/resizer/v2/KQLX3XESZ5KNRH7DHILJYSOM5A.jpg?auth=ad4ec8d5b1adaa82b418fccf6b1959396cf64bf65f7c43584fac04647dc6fd9a&height=628&width=1200&quality=80&smart=true,https://news.google.com/api/attachments/CC8iK0NnNURVRGxsU1ZNd2VIWktZa2RsVFJDaUFSaTNBaWdCTWdZQklJb0p3Z1E,"07/11/2025, 06:09 PM, +0000 UTC","Crypto investors look ahead to policy wins, propelling bitcoin to record high"
102,,,3,"Why is Bitcoin up today? $120,000 milestone in reach as cryptocurrency enjoys summer rally","{'name': 'Fast Company', 'icon': 'https://encrypted-tbn3.gstatic.com/faviconV2?url=https://www.fastcompany.com&client=NEWS_360&size=96&type=FAVICON&fallback_opts=TYPE,SIZE,URL', 'authors': ['Michael Grothaus']}",https://www.fastcompany.com/91366551/bitcoin-price-today-120000-why-btc-up-crypto-rally-explained,,,"07/11/2025, 12:17 PM, +0000 UTC","Why is Bitcoin up today? $120,000 milestone in reach as cryptocurrency enjoys summer rally"
103,,,4,"Bitcoin Pegs Record; ETFs, Miners Basing Ahead Of Crypto Week Legislation Blitz","{'name': ""Investor's Business Daily"", 'icon': 'https://encrypted-tbn0.gstatic.com/faviconV2?url=https://www.investors.com&client=NEWS_360&size=96&type=FAVICON&fallback_opts=TYPE,SIZE,URL', 'authors': ['Harrison Miller']}",https://www.investors.com/news/bitcoin-record-high-12000-crypto-week-genius-act-clarity-act-anti-cbdc/,https://www.investors.com/wp-content/uploads/2017/12/stock-bitcoin-09-adobe.jpg,https://news.google.com/api/attachments/CC8iK0NnNTZkV3d3UWpORWIwWnRNMlJoVFJDZkF4amlCU2dLTWdZdGRZNnVNUVk,"07/11/2025, 01:49 PM, +0000 UTC","Bitcoin Pegs Record; ETFs, Miners Basing Ahead Of Crypto Week Legislation Blitz"
104,,,5,"Bitcoin surges to a fresh all-time high above $118,000","{'name': 'Business Insider', 'icon': 'https://encrypted-tbn3.gstatic.com/faviconV2?url=https://www.businessinsider.com&client=NEWS_360&size=96&type=FAVICON&fallback_opts=TYPE,SIZE,URL', 'authors': ['Jennifer S.']}",https://www.businessinsider.com/bitcoin-price-today-btc-113k-crypto-rally-stablecoins-btc-2025-7,https://i.insider.com/6841d196c19ab3675c10bae4?width=700,https://news.google.com/api/attachments/CC8iK0NnNUZhV0pvVW01R05tWjJNemsxVFJDMUFSaVdBaWdCTWdZQmNKQ2tOZ1U,"07/11/2025, 12:03 PM, +0000 UTC","Bitcoin extended a record-setting rally into a third day on Friday, jumping above $118,000 for the first time ever.
The price of the world's biggest cryptocurrency climbed more 7% to as high as $118,661 early Friday. Its first record high of the week cam on Wednesday, when it briefly surpassed the $112,000 mark. It went on to jump above $113,000 on Thursday before embarking on a steeper rally into early Friday trading hours. 
The digital currency is now up 26.1% from levels at the start of the year.
Bitcoin's swift climb has come alongside a broader shift in sentiment as traders recover from Monday's fresh tariff talk from President Donald Trump. Major indexes on Thursday were teetering near record highs, with earnings season on the horizon and bullishness building for strong second-quarter results.
Bitcoin likely picked up on ""positive 'risk on' vibes from equities,"" David Morrison, senior market analyst at Trade Nation, said.
""This is an indication that upside momentum may start to pick up, allowing Bitcoin to rally further. But so far, gains have been slow and steady rather than spectacular,"" Morrison said.
Gerry O'Shea, the head of global market insights at Hashdex Asset Management, said he believed bitcoin's latest all-time highs signaled more upside to come.
""While the macro environment will continue to remain uncertain, we believe the bull market is far from over and new catalysts, including more institutional platforms allowing access to bitcoin, may help drive the price of BTC to $140,000 or higher this year,"" O'Shea said in a statement.
Investors are also looking ahead to ""crypto week"" to begin on July 14. Lawmakers during the week will mull several pieces of legislation aimed at digital assets.
Bitcoin has trended steadily higher this year, but has been volatile since Trump won the November election. Its price has soared as Trump promised to loosen regulations in the sector and appointed crypto-friendly members in his administration. But the crypto also followed the broader market in selling off amid tariff volatility this spring.
Check out Business Insider's picks for  best cryptocurrency exchanges
Check out Business Insider's picks for  best cryptocurrency exchanges





Jump to
"
105,,,6,"Bitcoin flies to new all-time highs, topping $118,000 as institutions pile into ETFs","{'name': 'CNBC', 'icon': 'https://encrypted-tbn0.gstatic.com/faviconV2?url=https://www.cnbc.com&client=NEWS_360&size=96&type=FAVICON&fallback_opts=TYPE,SIZE,URL', 'authors': ['Tanaya Macheel']}",https://www.cnbc.com/2025/07/11/crypto-market-today.html,https://image.cnbcfm.com/api/v1/image/106857628-1616445109133-gettyimages-1231864131-omarques_21032021_finance_2.jpeg?v=1752231704&w=1600&h=900,https://news.google.com/api/attachments/CC8iK0NnNXNTM2h5YjBKSFZscEdaVXg2VFJDZkF4ampCU2dLTWdhZG80eHNPUVU,"07/11/2025, 11:16 AM, +0000 UTC","Bitcoin flies to new all-time highs, topping $118,000 as institutions pile into ETFs"
106,,,7,Bitcoin Just Hit a New All-Time High. But Is the Leading Cryptocurrency a Buy?,"{'name': 'The Motley Fool', 'icon': 'https://encrypted-tbn2.gstatic.com/faviconV2?url=https://www.fool.com&client=NEWS_360&size=96&type=FAVICON&fallback_opts=TYPE,SIZE,URL', 'authors': ['Alex Carchidi']}",https://www.fool.com/investing/2025/07/11/bitcoin-just-hit-a-new-all-time-high-but-is-the-le/,,,"07/11/2025, 03:51 PM, +0000 UTC","Founded in 1993, The Motley Fool is a financial services company dedicated to making the world smarter, happier, and richer. The Motley Fool reaches millions of people every month through our premium investing solutions, free guidance and market analysis on Fool.com, top-rated podcasts, and non-profit The Motley Fool Foundation.
Founded in 1993, The Motley Fool is a financial services company dedicated to making the world smarter, happier, and richer. The Motley Fool reaches millions of people every month through our premium investing solutions, free guidance and market analysis on Fool.com, personal finance education, top-rated podcasts, and non-profit The Motley Fool Foundation.
Founded in 1993, The Motley Fool is a financial services company dedicated to making the world smarter, happier, and richer. The Motley Fool reaches millions of people every month through our premium investing solutions, free guidance and market analysis on Fool.com, top-rated podcasts, and non-profit The Motley Fool Foundation.
Founded in 1993, The Motley Fool is a financial services company dedicated to making the world smarter, happier, and richer. The Motley Fool reaches millions of people every month through our premium investing solutions, free guidance and market analysis on Fool.com, personal finance education, top-rated podcasts, and non-profit The Motley Fool Foundation.

       You're reading a free article with opinions that may differ
       from The Motley Fool's Premium Investing Services. Become a Motley Fool member today to
       get instant access to our top analyst recommendations, in-depth research, investing resources,
       and more. Learn More

Key Points
Break out the party hats, because Bitcoin (BTC 3.99%) just set a fresh record, reaching $118,856 on July 10 and leaving its old $111,560 peak in the dust.
Hitting a new all-time high always tempts investors to either pile in or bolt for the exits. Making good on either of these impulses is suboptimal. The smarter path is to continue to accumulate this coin methodically while others act impulsively.
Let's explore why Bitcoin is just as worth buying now as when its price was a lot lower.
The coin's price on any given day is just an arbitrary value denominated in fiat currencies like dollars, and that doesn't change simply because the price is higher than it has ever been before. The more important factor to examine is Bitcoin's supply, or lack thereof.
About 94% of all possible bitcoins have already been mined, and roughly 20% of the supply is believed to be lost forever through misplaced keys or forgotten crypto wallets. Even better for holders, April 2024's halving slashed the daily output of new coins from 900 to 450 coins. And the next halving, which should occur late in the first quarter or early in the second of 2028, will halve the daily output once more.
In other words, the supply situation facing buyers of this asset is never going to be any better than it is right now, and it is not particularly easy to come by at the moment.
Furthermore, demand for Bitcoin is no longer driven by enthusiasts, but rather by institutional investors who have vast sums of capital and who tend to prefer to keep it allocated for longer than the average retail investor.
Bitcoin exchange-traded funds (ETFs) vacuumed up $4.6 billion in net inflows in June alone, meaning there's that much less public float for new investors to purchase without pushing the coin's price upward.
Major companies are also looking to build or maintain their crypto allocations. Tesla holds 11,509 coins, worth almost $1.4 billion. Beyond that, new Bitcoin treasury companies copying the approach of Strategy are sprouting up with the sole purpose of buying and storing coins using as much leverage as they can get their hands on, further choking supply.
Image source: Getty Images.
These new types of holders will only sell if they are forced to by their creditors, and that situation is nowhere near happening.
At the same time, many governments are either looking into or already accumulating Bitcoin. An executive order in March mandated the creation of the U.S. Strategic Bitcoin Reserve (SBR), earmarking coins forfeited in legal proceedings for permanent federal custody. Though the SBR is not yet implemented, and it faces some legal barriers before it can be, the point here is that powerful people are pulling the levers with the goal of getting Bitcoin onto their sovereign balance sheets.
The result of all these forces is a multifront squeeze in which every marginal buyer must bid against institutions, treasury companies, corporations, and sovereigns for a pool of coins that is constantly growing more slowly.
And that's the stuff that dramatic price squeezes are made of.
The fear of being in a bubble is inevitable when an asset posts new highs, and Bitcoin is no exception.
The most important thing to recognize is that today's backdrop looks healthier than in 2021 during the last crypto bull market. Back then, leverage and cash-flushed retail buyers ruled the day, making for a chaotic experience that didn't quite fit into what most had calculated.
Now, ETF-driven demand, balance sheet strategies, and significantly increased regulatory clarity are fueling the rally. Notably, there is evidence that ETF inflows continue even during price pullbacks, suggesting patient capital is replacing speculators and taking actions that support the coin's long-term price appreciation.
And on the sentiment front, investors seem to be fairly cautious on average rather than being irrationally exuberant, which one would expect during a bubble. So the conditions are fairly different from 2021, and most of the bubble indicators are not showing anything concerning just yet.
It's also necessary to recognize that despite its new highs, Bitcoin's price could still fall by a lot under the right set of conditions. If inflation rears its head in the U.S. again, it is unclear whether the crypto would behave as an inflation hedge, or whether the bearish monetary policy that would follow an uptick in inflation would undermine its recent gains.
On that note, a crash in the coin's price doesn't disprove anything about its investment thesis, but it could still derail your portfolio if you aren't prepared for it.
The antidote to medium-term bumpiness like this is dollar-cost averaging, wherein investors commit to buying a fixed sum of an asset on a fixed schedule, ignoring day-to-day moves and lengthening their investment time horizon by a few years. If the market soars, these small, regular buys keep fear of missing out (FOMO) in check. And if prices tank, you buy more units automatically, so you get the upside in the long run all the same.
With supply tightening, institutions rushing in, and sovereign buyers lining up, today's record price is likely just a soon-to-be-forgotten signpost along the highway, just like price levels of most of the past all-time highs.
Keep your eyes on the horizon, at least three to five years out, and take action now to make sure that you will be profitable then.
Alex Carchidi has positions in Bitcoin and Tesla. The Motley Fool has positions in and recommends Bitcoin and Tesla. The Motley Fool has a disclosure policy.
Stocks Mentioned
*Average returns of all recommendations since inception. Cost basis and return based on previous market day close.
Related Articles

        Invest better with The Motley Fool. Get stock recommendations, portfolio guidance, and more from The Motley Fool's premium services.
      
Making the world smarter, happier, and richer.
© 1995 - 2025 The Motley Fool. All rights reserved.
Market data powered by Xignite and Polygon.io.
About The Motley Fool
Our Services
Around the Globe
Free Tools
Affiliates & Friends
"
107,,,8,"Bitcoin Surges 6.8% to $118,668 on Institutional Demand","{'name': 'AInvest', 'icon': 'https://encrypted-tbn0.gstatic.com/faviconV2?url=https://www.ainvest.com&client=NEWS_360&size=96&type=FAVICON&fallback_opts=TYPE,SIZE,URL'}",https://www.ainvest.com/news/bitcoin-surges-6-8-118-668-institutional-demand-2507/,https://cdn.ainvest.com/aigc/hxcmp/images/compress-1af9860397d38001.png,https://news.google.com/api/attachments/CC8iK0NnNURhMWxUTTA1WVdYSkJXbWRTVFJDZkF4ampCU2dLTWdhQllwZ2xxUWM,"07/11/2025, 06:01 PM, +0000 UTC","News/
Articles/
Articles Details
Quickly understand the history and background of various well-known coins
Bitcoin (BTC) has achieved its sixth consecutive all-time high in under two days, reaching a level of $118,668 on July 11. The leading cryptocurrency has climbed around 6.8%, following a spectacular breakout above the $110,000 resistance mark. This bullish trend began on July 10, when BTC surpassed $113,800 — its second all-time high within 24 hours. The surge has been driven by strong institutional appetite, ongoing spot BTC ETF inflows, and general market optimism.
Market conditions are set for BTC’s explosive growth. Analysts attribute the current price action to a mix of technical and macroeconomic factors. Expectations of future cuts in U.S. Federal Reserve rates have boosted risk appetite. Meanwhile, strong performance in equity markets has spilled over into crypto. Matrixport’s earlier forecast predicted that there could be a rally to $116,000 and beyond in July — already an attainable goal. Their prediction was based on past seasonally robust summer performance typically experienced with BTC.
With technical breakouts steepening and the momentum accelerating, the majority of analysts now anticipate that Bitcoin will reach the $120,000 mark by the end of July. If this resistance level is broken, the next likely target area is the range between $130,000 and $140,000. Despite this bullish backdrop, traders are also watching closely for potential corrections in light of the strength of the recent rally. However, sentiment remains extremely positive due to robust capital inflows and favorable regulatory news.
The meteoric rise of Bitcoin can be attributed to a confluence of factors, including growing institutional adoption, regulatory optimism, and increasing mainstream acceptance. As more companies and individuals recognize the potential of cryptocurrencies, the demand for Bitcoin has soared, driving its price to unprecedented heights. The recent regulatory optimism has also played a significant role in bolstering investor confidence, as governments around the world begin to acknowledge the legitimacy of digital currencies.
The rapid ascent of Bitcoin has not been without its challenges. The volatility of the cryptocurrency market has led to significant liquidations. Despite these setbacks, the overall sentiment remains bullish, with many analysts predicting that Bitcoin's price could continue to climb in the coming weeks and months. The surge in Bitcoin's price has also had a ripple effect on other cryptocurrencies, with Ethereum, the second-largest digital currency by market capitalization, pushing past $3,000 for the first time since February. This broader rally in the crypto market has been driven by a combination of factors, including increased institutional investment, growing adoption of blockchain technology, and a renewed interest in decentralized finance (DeFi) platforms.
As Bitcoin continues to break new ground, the question on everyone's mind is whether this latest surge is sustainable. While some analysts remain cautious, pointing to the inherent volatility of the cryptocurrency market, others are more optimistic, citing the growing institutional adoption and regulatory clarity as key factors that could support Bitcoin's price in the long term. According to the analyst's forecast, Bitcoin's price could continue to climb, potentially reaching new all-time highs in the coming months.
In conclusion, Bitcoin's recent surge past $118,000 marks a significant milestone in the history of cryptocurrencies. As the digital currency continues to gain traction and acceptance, it is poised to play an increasingly important role in the global financial landscape. While the future of Bitcoin remains uncertain, one thing is clear: the world is watching, and the possibilities are endless.
﻿
No comments yet
"
108,,,9,"Amid Fresh Bitcoin All Time Highs, Bearish Signals Are Mounting (Cryptocurrency:BTC-USD)","{'name': 'Seeking Alpha', 'icon': 'https://encrypted-tbn3.gstatic.com/faviconV2?url=https://seekingalpha.com&client=NEWS_360&size=96&type=FAVICON&fallback_opts=TYPE,SIZE,URL', 'authors': ['Mike Fay']}",https://seekingalpha.com/article/4800727-amid-fresh-bitcoin-all-time-highs-bearish-signals-are-mounting,https://static.seekingalpha.com/cdn/s3/uploads/getty_images/184064999/image_184064999.jpg?io=getty-c-w1536,https://news.google.com/api/attachments/CC8iK0NnNWpkRE42Y1ZFelIwZFZUMVU0VFJEVUF4aVBCU2dLTWdhZHdZN1ZQQVU,"07/11/2025, 06:28 PM, +0000 UTC","    juliannafunk
 
juliannafunk
In October 2017, a biotech diagnostic company named Bioptix rebranded to Riot Blockchain. The stock doubled. That entity is currently known as Riot Platforms, Inc. (RIOT); a survivor of the 2017 'race to be a blockchain company' trend
This article was written by
Analyst’s Disclosure:I/we have a beneficial long position in the shares of BTC-USD, ETH-USD, SOL-USD, BTBT, FBTC either through stock ownership, options, or other derivatives. I wrote this article myself, and it expresses my own opinions. I am not receiving compensation for it (other than from Seeking Alpha). I have no business relationship with any company whose stock is mentioned in this article. I'm not an investment advisor.
Seeking Alpha's Disclosure: Past performance is no guarantee of future results. No recommendation or advice is being given as to whether any investment is suitable for a particular investor. Any views or opinions expressed above may not reflect those of Seeking Alpha as a whole. Seeking Alpha is not a licensed securities dealer, broker or US investment adviser or investment bank. Our analysts are third party authors that include both professional investors and individual investors who may not be licensed or certified by any institute or regulatory body.
"
109,,,10,Bitcoin Price Blasts Nears $120K: Inside BTC’s Historic Rally,"{'name': 'Fingerlakes1.com', 'icon': 'https://encrypted-tbn1.gstatic.com/faviconV2?url=https://www.fingerlakes1.com&client=NEWS_360&size=96&type=FAVICON&fallback_opts=TYPE,SIZE,URL'}",https://www.fingerlakes1.com/2025/07/11/bitcoin-price-120k-crypto-rally-234729833/,https://www.fingerlakes1.com/wp-content/uploads/2025/05/bitcoin-120k-bull.webp,https://news.google.com/api/attachments/CC8iK0NnNUlhV3gxVkc4MGEydEVjSFpsVFJDM0FSaVRBaWdCTWdhQkVaWUhHUXM,"07/11/2025, 03:39 PM, +0000 UTC","Bitcoin is rewriting the record books again. On Thursday, the world’s largest cryptocurrency continued to push towards $120,000 for the first time ever.
The move extends a Bitcoin July rally fueled by surging institutional interest, macroeconomic uncertainty, and AI-driven investment flows.
The historic spike in BTC marks a pivotal moment for digital assets, with analysts pointing to a confluence of strategic bets on Bitcoin as “digital gold,” expanding AI tech infrastructure, and a weakening dollar pushing demand toward decentralized assets.
The reasons behind Bitcoin’s meteoric rise in July 2025 are multi-faceted:
As traditional safe havens like gold stagnate, Bitcoin is increasingly being adopted by high-net-worth individuals and sovereign funds alike.
“BTC is no longer a speculative bet—it’s a calculated macro hedge,” said one portfolio strategist at a major investment bank.
Even tech-focused investors are piling in, noting how Bitcoin’s decentralized nature complements the rise of AI-led automation and decentralized computing power.
Some analysts are urging caution, warning of potential volatility after such a steep climb. Others believe the surge is sustainable, especially if ETF inflows continue and the U.S. Federal Reserve maintains a hawkish pause.
“This cycle is being driven by fundamentals, not hype,” said crypto economist Laila Mahdi. “Unlike 2021, Bitcoin’s move towards $120K is being supported by global asset reallocation, not meme-fueled speculation.”
Keep an eye on:
Bitcoin’s breakout is a clear signal that crypto markets are entering a new phase of maturity.
With institutional capital flowing in and AI growth turbocharging sentiment, $120,000 may not be the ceiling—it might just be the floor for Bitcoin’s next chapter.
Get the latest headlines delivered to your inbox each morning. Sign up for our Morning Edition to start your day. FL1 on the Go! Download the free FingerLakes1.com App for iOS (iPhone, iPad).
This content is brought to you by the FingerLakes1.com Team. Support our mission by visiting www.patreon.com/fl1 or learn how you send us your local content here.
Top

© 2025 Fingerlakes1.com, Inc.

© 2025 Fingerlakes1.com, Inc.
"
110,,,11,What is Crypto Week? What to expect for Bitcoin price?,"{'name': 'The Economic Times', 'icon': 'https://encrypted-tbn3.gstatic.com/faviconV2?url=https://m.economictimes.com&client=NEWS_360&size=96&type=FAVICON&fallback_opts=TYPE,SIZE,URL'}",https://m.economictimes.com/news/international/us/what-is-crypto-week-what-to-expect-in-bitcoin/articleshow/122394464.cms,"https://img.etimg.com/thumb/width-420,height-315,imgsize-354170,resizemode-75,msid-122394471/news/international/us/what-is-crypto-week-what-to-expect-in-bitcoin/bitcoin-price.jpg",https://news.google.com/api/attachments/CC8iL0NnNUlSVEJDUm1kaFNub3djbFp0VFJDNkFoaWtBeWdLTWdtWllaTFRKQ2lEendF,"07/11/2025, 07:06 PM, +0000 UTC","Crypto Week is here and Bitcoin is breaking all records. Ether, XRP, and Solana prices are also surging.

(Catch all the US News, UK News, Canada News, International Breaking News Events, and Latest News Updates on The Economic Times.)
Download The Economic Times News App to get Daily International News Updates.
(Catch all the US News, UK News, Canada News, International Breaking News Events, and Latest News Updates on The Economic Times.)
Download The Economic Times News App to get Daily International News Updates.
Explore More Stories
China the big winner as Trump slaps massive copper tariffs to crush Canada
NDP to get new leader in March 2026, race starts in September, 6 names doing the rounds
Living dinosaur caught in Canada? 120-year-old sturgeon stuns anglers in BC river
Canadian armed forces members charged in Quebec militia land seizure plot
Alberta government orders removal of sexually explicit books from school libraries
Nissan suspends US production of three models for Canada amid tariff dispute
Canada’s unemployment rate soars to 9-year high; nearly 10,000 jobs lost at Ontario colleges
Ontario teen charged with attempted murder and sexual assault after 8-year-old girl found injured in woods
Stanley park Christmas train cancelled after 26 years, burn fund faces $500K crisis
Two planes crash mid-air near Winnipeg killing student pilots in rare training tragedy
Canada’s Air Transat joins world’s greenest airlines in global emissions ranking
Trump's America is Canada's biggest threat, shocking poll shows
Carney orders deep cuts ahead of first federal budget amid soaring defense budget
Hegseth rolls out US ‘drone dominance’ plan
Lavrov calls out West over Ukraine
Trump, Xi to meet soon? Rubio reveal...
India dodges Trump’s tariffs, SBI’s mega QIP
Russian FM underlines UN Charter as the basis for strategic association
‘100,000 Russians dead since Jan 2025’: Rubio
Protesters burn Trump effigy in fiery anti-tariff rally in Brazil
UK-France 'one-in-one-out' deal: What it means for migrants
Omar Abdullah thanks Mamata Banerjee support for J&K
Kapil Sharma’s cafe attacked in Canada by K-terrorist
Hegseth rolls out US ‘drone dominance’ plan
Lavrov calls out West over Ukraine
Trump, Xi to meet soon? Rubio reveal...
India dodges Trump’s tariffs, SBI’s mega QIP
Russian FM underlines UN Charter as the basis for strategic association
‘100,000 Russians dead since Jan 2025’: Rubio
Protesters burn Trump effigy in fiery anti-tariff rally in Brazil
UK-France 'one-in-one-out' deal: What it means for migrants
Omar Abdullah thanks Mamata Banerjee support for J&K
Kapil Sharma’s cafe attacked in Canada by K-terrorist
Hot on Web
In Case you missed it
Top Searched Companies
Top Calculators
Top Prime Articles
Top Slideshow
Top Commodities
Private Companies
Top Story Listing
Top Definitions
Most Searched IFSC Codes
Latest News
Follow us on:
Find this comment offensive?
Choose your reason below and click on the Report button. This will alert our moderators to take action
Reason for reporting:
Your Reason has been Reported to the admin.
Log In/Connect with:
Will be displayed
Will not be displayed
Will be displayed
Stories you might be interested in
"
111,,,12,"Bitcoin Price Today: Bitcoin Rises To $117,947","{'name': 'Forbes', 'icon': 'https://encrypted-tbn2.gstatic.com/faviconV2?url=https://www.forbes.com&client=NEWS_360&size=96&type=FAVICON&fallback_opts=TYPE,SIZE,URL', 'authors': ['Farran Powell']}",https://www.forbes.com/advisor/investing/cryptocurrency/bitcoin-price-today/,https://www.forbes.com/advisor/wp-content/uploads/2021/06/bitcoin-20210617.jpg,https://news.google.com/api/attachments/CC8iK0NnNDBTbGhFVFZWM2RIVjVibFp2VFJDZkF4ampCU2dLTWdhQkFJeFBLUVU,"07/11/2025, 04:22 PM, +0000 UTC","You might be using an unsupported or outdated browser. To get the best possible experience please use the latest version of Chrome, Firefox, Safari, or Microsoft Edge to view this website.
Have a question for Farran Powell or our other editors? 
Ask here for a chance to be featured in a story.
Send a note to Farran Powell, Johanna Leggatt and our other editors. We read every email.
Keep reading Forbes Advisor for the chance to see the answer to your question in one of our upcoming stories. Our editors also may be in touch with follow-up questions.
Bitcoin (BTC) traded at $117,947 as of 10:16 a.m. ET. That’s up 6.01% over the past 24 hours and 24.92% year to date. The original crypto’s 52-week intraday high clocked in at $118,856 on July 11, 2025, while its 52-week intraday low of $49,121 occurred on August 5, 2024.
By comparison, Ethereum (ETH) trades at $2,994, with a 24-hour change of 7% and a year-to-date change of -11%.

Year to date, bitcoin is up 24.92%, posting a 102.33% gain over the past 12 months.
Since bitcoin’s launch 16 years ago, the world’s first cryptocurrency has completely shifted global financial markets and amassed $2.35 trillion in market capitalization.
Read more: Top 10 Cryptocurrencies
The chart above reflects daily data and does not include intraday highs or lows.
Since its introduction in 2009 by an anonymous figure known as Satoshi Nakamoto, bitcoin, as the first cryptocurrency, has paved the way for many others. It marked the beginning of a new era in digital finance.
To put it simply, bitcoin is a digital currency. It’s one way for you to send or receive payments digitally without relying on a centralized financial institution, such as a bank. In other words, digital transactions can happen between different people anywhere in the world without intermediaries slowing things down.
Bitcoin is one of the most successful “real-world” applications of blockchain technology, a decentralized public ledger maintained by a network of users. Key to its application is its proof-of-work model. It’s a consensus method that also uses cryptography, replacing the need for a centralized authority to approve transactions.
For its proof-of-work consensus mechanism, miners validate coin transactions by using powerful computers to solve complex mathematical problems. The process then adds new blocks of verified data to the blockchain. Each block connects to the one before it. This creates a secure and traceable chain of transactions, making it difficult to tamper with.
Bitcoin miners currently receive 3.125 BTC—worth $368,583—for each new block they validate. But it should be noted that this reward halves around every four years and crypto mining takes a lot of computer processing power.
For scarcity, bitcoin has a capped supply of 21 million coins. As of July 11, 2025, there are 19.89 million bitcoins in circulation.
Bitcoin is often dubbed digital gold, and some of its constructs are to mimic it in terms of creating scarcity. Given bitcoin’s fixed supply, that in part creates demand, affecting its price.
In the world of investing, bitcoin is classified as an independent asset class. Other examples of alternative assets include investing in real estate, farmland, gold, silver and other commodities, to name a few.
Because bitcoin doesn’t represent ownership of physical assets or generate earnings, revenue or cash flow, its price is determined exclusively by supply and demand.
Demand is driven by investor sentiment, economic conditions and public perceptions. In recent years, bitcoin has become increasingly validated as an asset because of its institutional adoption.
According to a 2024 study conducted by Fidelity Digital Assets, 67% of institutional investors saw a place for digital assets like bitcoin within investment portfolios.
“What makes [bitcoin] even more of a no-brainer is the fact that institutions like MicroStrategy, BlackRock and even sovereign wealth funds are buying and holding. Michael Saylor isn’t crazy—he’s early. We’re also seeing governments starting to consider bitcoin as a potential reserve asset, which is monumental. This is no longer a niche idea,” says Pablo Gerboles Parrilla, director of Alive DevOps, a software development company that works with blockchain technology.
Bitcoin’s track record is still too short to call it an inflation hedge. However, it does show characteristics of a hedge-like asset, particularly when traditional markets experience price declines.
A May 2023 S&P Global report titled “Are Crypto Markets Correlated With Macroeconomic Factors?” found that key drivers for crypto performance include market confidence, adoption, technology developments and liquidity conditions.
The first recorded bitcoin price came in late 2009 when users in the BitcoinTalk online forum exchanged 5,050 BTC for $5.02 via PayPal. This transaction valued bitcoin at about $0.00099 per BTC, or less than a tenth of a cent.
The first known bitcoin commercial transaction occurred when a Florida software engineer traded two Papa Johns pizzas (worth about $41 at the time) for 10,000 bitcoins on May 22, 2010. That day is now commemorated as Bitcoin Pizza Day.
As of July 11, 2025, that famous bitcoin pizza transaction is worth a staggering $1,179,466,674.
Since the launch of bitcoin in January 2009, a halving event has only occurred four times. Each time 210,000 blocks of transactions are added to the bitcoin blockchain, the network automatically undergoes a process known as halving.
Bitcoin miners receive a set amount of BTC as a reward for their services in validating a block. But that reward is cut in half each time a halving occurs. In other words, about once every four years, bitcoin miners get a 50% pay cut.
Bitcoin halving is an essential part of limiting bitcoin’s supply and theoretically supporting its price.
Generally, bitcoin experiences a bullish rally following a halving. The proof is in the pudding when we look at the historical data.
The table below shows positive double-digit gains or more one year after each halving.
You can purchase bitcoin through well-known cryptocurrency exchanges like Binance.US, Coinbase and Kraken. If you don’t already have an account for purchasing bitcoin, the steps will look something like this:
Bitcoin wallets come in two main forms: hot and cold. Hot wallets are online or exchange wallets, and cold wallets are generally hardware-based—they can often look like USB drives.

Read more: Best Crypto Wallets
Beyond purchasing bitcoin directly, investors can also gain exposure to the bitcoin market through bitcoin-focused investment funds.
In January 2024, the U.S. Securities and Exchange Commission approved multiple spot bitcoin ETFs—funds that hold actual bitcoin rather than futures contracts and trade on major U.S. exchanges.
This approval signaled a significant milestone for the cryptocurrency, offering institutional legitimacy and advancing it beyond its early image as a purely speculative and volatile asset.
As of the time of this writing, the most popular bitcoin ETFs by assets under management are iShares Bitcoin Trust (IBIT), Fidelity Wise Origin Bitcoin (FBTC), which launched a day after the SEC approved bitcoin spot ETFs, as well as the ever-popular Grayscale Bitcoin Trust (GBTC).
After the SEC’s landmark ruling, GBTC was converted into an ETF. Before that, GBTC was a publicly traded vehicle offering exposure to bitcoin, with a high expense ratio of 2%. The conversion reduced expense ratios on the fund to 1.5%, which is still higher than Fidelity’s FBTC and BlackRock’s IBIT, both at 0.25%.
One BTC equals one bitcoin, currently valued at $117,947. Unlike fiat currencies such as the U.S. dollar, which can be printed at will by central banks, bitcoin has a fixed supply capped at 21 million coins. Currently, there are 19.89 million bitcoins in circulation.



Farran Powell is the managing editor of investing at Forbes Advisor. She was previously the assistant managing editor of investing at U.S. News & World Report. Her work has appeared in numerous publications including TheStreet, Mansion Global, CNN, CNN Money, DNAInfo, Yahoo! Finance, MSN Money, and the New York Daily News. She holds a BSc from the London School of Economics and an MA from the University of Texas at Austin.
"
112,,,13,Bitcoin Price Levels to Watch After Cryptocurrency Hits First Record High Since May,"{'name': 'Investopedia', 'icon': 'https://encrypted-tbn1.gstatic.com/faviconV2?url=https://www.investopedia.com&client=NEWS_360&size=96&type=FAVICON&fallback_opts=TYPE,SIZE,URL'}",https://www.investopedia.com/bitcoin-price-levels-to-watch-after-cryptocurrency-hits-first-record-high-since-may-11769503,https://www.investopedia.com/thmb/IvKJteXq5nBKcWDHwhLqNapZoDc=/1500x0/filters:no_upscale():max_bytes(150000):strip_icc()/BTCUSDChart-307a0eeddfc74b86b2d4aa1bb9d70867.gif,https://news.google.com/api/attachments/CC8iK0NnNVhiRTVPU0ZoVFVEWXdhVXBwVFJEVUFoaUhCeWdLTWdhUkVwYk1rUW8,"07/10/2025, 02:01 PM, +0000 UTC",Bitcoin Price Levels to Watch After Cryptocurrency Hits First Record High Since May
113,,,14,Bitcoin reaches new record high ahead of US House's ‘Crypto Week’,"{'name': 'Euronews.com', 'icon': 'https://encrypted-tbn3.gstatic.com/faviconV2?url=https://www.euronews.com&client=NEWS_360&size=96&type=FAVICON&fallback_opts=TYPE,SIZE,URL', 'authors': ['Doloresz Katanich']}",https://www.euronews.com/business/2025/07/11/bitcoin-reaches-new-record-high-ahead-of-us-houses-crypto-week,https://static.euronews.com/articles/stories/09/36/74/73/1536x864_cmsv2_45798421-61db-55bb-92d2-b15d2852cabf-9367473.jpg,https://news.google.com/api/attachments/CC8iK0NnNWlaWEEwTVVSMWFEQmhUQzFRVFJDZkF4ampCU2dLTWdhbFJaTE5JUWM,"07/11/2025, 10:11 AM, +0000 UTC","Radio Schuman
This is Radio Schuman, your new go-to podcast to spice up your weekday mornings with relevant news, insights, and behind-the-scenes from Brussels and beyond.
Brussels, My Love?
From the economy to the climate and the EU's role in world affairs, this talk show sheds light on European affairs and the issues that impact on our daily lives as Europeans. Tune in to understand the ins and outs of European politics. 
No Comment
No agenda, no argument, no bias, No Comment. Get the story without commentary.
My Wildest Prediction
Dare to imagine the future with business and tech visionaries
The Big Question
Deep dive conversations with business leaders
Euronews Tech Talks
Euronews Tech Talks goes beyond discussions to explore the impact of new technologies on our lives. With explanations, engaging Q&As, and lively conversations, the podcast provides valuable insights into the intersection of technology and society.
Water Matters
Europe's water is under increasing pressure. Pollution, droughts, floods are taking their toll on our drinking water, lakes, rivers and coastlines. Join us on a journey around Europe to see why protecting ecosystems matters, how our wastewater can be better managed, and to discover some of the best water solutions.   Video reports, an animated explainer series and live debate - find out why Water Matters, from Euronews.
Climate Now
We give you the latest climate facts from the world’s leading source, analyse the trends and explain how our planet is changing. We meet the experts on the front line of climate change who explore new strategies to mitigate and adapt.
Radio Schuman
This is Radio Schuman, your new go-to podcast to spice up your weekday mornings with relevant news, insights, and behind-the-scenes from Brussels and beyond.
Brussels, My Love?
From the economy to the climate and the EU's role in world affairs, this talk show sheds light on European affairs and the issues that impact on our daily lives as Europeans. Tune in to understand the ins and outs of European politics. 
No Comment
No agenda, no argument, no bias, No Comment. Get the story without commentary.
My Wildest Prediction
Dare to imagine the future with business and tech visionaries
The Big Question
Deep dive conversations with business leaders
Euronews Tech Talks
Euronews Tech Talks goes beyond discussions to explore the impact of new technologies on our lives. With explanations, engaging Q&As, and lively conversations, the podcast provides valuable insights into the intersection of technology and society.
Water Matters
Europe's water is under increasing pressure. Pollution, droughts, floods are taking their toll on our drinking water, lakes, rivers and coastlines. Join us on a journey around Europe to see why protecting ecosystems matters, how our wastewater can be better managed, and to discover some of the best water solutions.   Video reports, an animated explainer series and live debate - find out why Water Matters, from Euronews.
Climate Now
We give you the latest climate facts from the world’s leading source, analyse the trends and explain how our planet is changing. We meet the experts on the front line of climate change who explore new strategies to mitigate and adapt.
Bitcoin has reached a new all-time high, trading at more than $118,000 (€100,000) on Friday. It followed an enthusiastic trading day on the US stock markets on Thursday, where the main index for tech companies, the Nasdaq, hit a record value.
Interest in Bitcoin was fuelled by a bullish, optimistic trading outlook across risk assets and an appetite for investment in tech companies, such as Nvidia, which recently surged to a $4 trillion valuation. 
Bitcoin’s all-time high also comes days before what the US House of Representatives, one of Congress’ two chambers, has labelled as “Crypto Week”, starting on 14 July. This is when lawmakers are expected to debate a series of bills that could define the regulatory framework for the industry in the United States. 
Bitcoin gained more than 20% this year against the US dollar. 
Bloomberg’s data shows that investors poured around $1.2 billion (€1bn) into Bitcoin ETFs (exchange-traded funds) on Thursday, pushing the price to a new high beyond $116,000 before the rally continued on Friday. 
Much of the investments pouring into crypto came through ETFs. Cryptocurrency-based ETFs make it easier for investors to gain exposure to cryptocurrencies without having to buy them directly. These funds have exploded in popularity since bitcoin ETFs began trading in US markets last year.
The strong interest in crypto boosted the price of the second-biggest crypto asset, too. Ethereum gained more than 6%, and traded at around $3,000 (€2,600) on Friday.
Meanwhile, the US President continues to expand his crypto-related offerings. Trump was once a bitcoin sceptic but has since warmly embraced the cryptocurrency industry.
On Tuesday, his family business Trump Media filed paperwork at the Securities and Exchange Commission for approval to launch the ""Crypto Blue Chip ETF"" later this year.
This is a new exchange-traded fund tied to the prices of five popular cryptocurrencies. The proposed ETF would have 70% of its holdings in bitcoin, 15% in Ethereum, and 8% in Solana, a cryptocurrency popular in the meme coin community.
The Trump administration has pushed for crypto-friendly regulations and laws, in line with the president’s ambitions to make the US the world capital for crypto.
""If we didn't have it, China would,"" Trump said.


Browse today's tags
"
114,,,15,XRP Price Spike Outpaces Bitcoin as Open Interest Nears 6-Month High,"{'name': 'Decrypt', 'icon': 'https://encrypted-tbn1.gstatic.com/faviconV2?url=https://decrypt.co&client=NEWS_360&size=96&type=FAVICON&fallback_opts=TYPE,SIZE,URL', 'authors': ['Mat Di Salvo']}",https://decrypt.co/329814/xrp-price-spike-outpaces-bitcoin-open-interest-6-month-high,https://cdn.decrypt.co/resize/1024/height/512/wp-content/uploads/2025/06/xrp-decrypt-style-02-gID_7.jpg,https://news.google.com/api/attachments/CC8iK0NnNUlWbm95WWpsSWNtRnBXbEpmVFJDZkFSaS1BaWdCTWdhZEZJakxJUVU,"07/11/2025, 04:12 PM, +0000 UTC","XRP Price Spike Outpaces Bitcoin as Open Interest Nears 6-Month High
$117,991.00
$3,005.23
$2.84
$693.84
$164.31
$0.999965
$0.210887
$0.301355
$3,004.29
$0.739601
$46.66
$117,737.00
$3,600.80
$3.51
$0.381043
$15.79
$536.80
$21.30
$0.201976
$9.04
$3,218.65
$0.0000138
$3.00
$3,005.19
$97.07
$0.99989
$46.68
$1.001
$4.07
$331.13
$118,034.00
$0.00001297
$1.001
$8.87
$4.52
$308.36
$0.490893
$399.45
$5.06
$2.61
$0.103169
$1.18
$5.54
$49.36
$0.920438
$199.67
$18.73
$1.00
$0.0902
$0.350583
$1.00
$4.77
$0.02505688
$1.059
$0.238395
$0.626004
$0.420216
$10.26
$0.229197
$3.79
$16.39
$0.748437
$4.46
$1.098
$0.339627
$3,006.73
$2.65
$0.00002325
$0.082323
$117,792.00
$115.81
$1.69
$4.75
$174.34
$0.507188
$11.50
$0.999754
$1.00
$0.0231397
$3,149.29
$2.03
$3,422.79
$1.001
$1.32
$4.53
$1.28
$12.88
$0.69353
$0.376641
$0.01723966
$0.073468
$0.771252
$1.79
$0.723631
$3,210.88
$3,157.41
$117,781.00
$1.00
$1.025
$3,164.87
$1.00
$0.100233
$12.33
$0.524958
$0.00010116
$1.11
$117,707.00
$0.161104
$3,350.94
$694.27
$119,074.00
$0.650244
$3,249.35
$0.557162
$2.53
$0.99939
$184.51
$3,350.63
$0.821873
$214.61
$0.01778319
$0.871906
$2.85
$0.194674
$22.56
$0.0151597
$0.296962
$111.75
$10.74
$43.58
$2.01
$0.815719
$0.120386
$0.00000173
$3,008.32
$4.09
$0.998313
$46.77
$0.00000068
$0.251586
$3,211.08
$0.61622
$3,159.83
$1.086
$117,475.00
$0.387568
$117,718.00
$0.00916006
$3,005.86
$0.316472
$0.999104
$0.55046
$0.01718812
$0.059067
$0.997726
$0.416873
$0.565765
$0.564723
$1.74
$2.98
$117,838.00
$1.56
$0.685693
$0.151813
$0.210677
$26.95
$46.80
$0.999799
$3,005.58
$0.098075
$0.999278
$0.00488596
$0.00831393
$0.632237
$3,196.65
$1.001
$0.223129
$0.421749
$48.24
$1.20
$0.99995
$6.36
$1.43
$7.82
$0.00000045
$15.67
$0.062157
$0.317861
$0.366937
$3,318.51
$6.60
$0.171927
$0.059052
$0.00002133
$2.55
$0.0045737
$1.71
$1.094
$117,791.00
$1.00
$0.154878
$0.0412421
$3,290.65
$0.555546
$1.001
$2,999.29
$0.082373
$0.379445
$3,006.16
$0.00722559
$0.384962
$0.999847
$1.25
$0.03680405
$3,000.51
$0.899478
$117,806.00
$0.00006479
$0.536697
$0.01839875
$179.47
$0.768673
$0.238389
$21.05
$128.81
$1.23
$3,623.98
$11.30
$25.88
$0.999749
$0.00384345
$0.77073
$0.319221
$0.00368449
$0.00457649
$0.999639
$21.29
$1.001
$0.999632
$0.67129
$0.03051946
$1.00
$117,501.00
$2,367.77
$3,139.25
$6.89
$0.114643
$1.02
As Bitcoin breaks new records, the third biggest digital coin by market cap, XRP, is actually making larger 24-hour gains.
The coin is right now the biggest winner out of the top 10 cryptocurrencies, having surged by over 12% in 24 hours, according to CoinGecko. Its price currently stands at $2.79.
And open interest for the coin now stands at a monthly high of $7.2 billion, per data from CoinGlass, not far off its January all-time high mark of $8.3 billion. It's the highest open interest mark for XRP in nearly six months, bouncing back from a recent low of about $3 billion in April.
In the world of derivatives, open interest is the collective value of futures contracts that have not yet been settled by traders.
Over the past seven days, XRP is also the biggest gainer, just outpacing Dogecoin with a nearly 27% gain during that span.
The coin is one of the oldest in the space, and despite still being 18% off its $3.40 all-time high mark from 2018, XRP has made headlines again following the election win of President Donald Trump. It even had a close call with matching its record mark back in January, but fell just short of beating its seven-year-old peak.
Fintech Ripple, whose founders created XRP, donated to a pro-crypto super PAC during the election cycle and are working to help shape crypto policy in Washington. President Trump campaigned heavily on a ticket to help the digital asset space, and has made numerous moves to support the industry since retaking office.
Bitcoin's price hit new all-time high marks on Wednesday and Thursday before surging again to a new record Friday. The leading cryptocurrency was recently priced at $117,321, after hitting a new record price of $118,667.
A rise in the flagship coin's price has brought the rest of the crypto market with it, although while Bitcoin sits near its own recently set peak, many other coins and tokens are still far off from setting their own respective records.
Your gateway into the world of Web3
The latest news, articles, and resources, sent to your inbox weekly.
© A next-generation media company. 2025 Decrypt Media, Inc.
"
115,,,16,"Bitcoin (BTC) Price Pumps While Dominance Drops, Signaling Potential 'Utility Season' for Altcoins","{'name': 'Blockchain News', 'icon': 'https://encrypted-tbn1.gstatic.com/faviconV2?url=https://blockchain.news&client=NEWS_360&size=96&type=FAVICON&fallback_opts=TYPE,SIZE,URL'}",https://blockchain.news/flashnews/bitcoin-btc-price-pumps-while-dominance-drops-signaling-potential-utility-season-for-altcoins,https://image.blockchain.news/features/DC3788979712BF4DFF603597AAC46E7C52F8B5EF76BC21453D757F37CDB271FE.jpg,https://news.google.com/api/attachments/CC8iK0NnNUdOR0pGWlVodVh6RnVhRGxsVFJDN0FoallCQ2dLTWdhWkFJcEpPZ1E,"07/11/2025, 02:41 PM, +0000 UTC","According to @rovercrc, the current market shows Bitcoin (BTC) price increasing while its market dominance is simultaneously decreasing. This specific pattern is interpreted as a significant indicator of an upcoming 'utility season,' suggesting that capital may be rotating from Bitcoin into altcoins, particularly those with strong utility, potentially leading to outperformance in the altcoin market.
In the ever-volatile world of cryptocurrency trading, a recent observation from Crypto Rover has sparked significant interest among traders. According to Crypto Rover's tweet on July 11, 2025, Bitcoin is experiencing a notable pump in its price, while its market dominance is simultaneously declining. This dynamic is being hailed as a strong indicator of an impending 'utility season' in the crypto markets, where altcoins focused on real-world utility could see increased attention and capital inflows. For traders, this shift presents intriguing opportunities to diversify portfolios beyond BTC, potentially capitalizing on altcoin rallies as Bitcoin's dominance wanes.
To delve deeper into this trading signal, let's break down what Bitcoin dominance means and why its decline amid a BTC price pump is noteworthy. Bitcoin dominance measures BTC's share of the total cryptocurrency market capitalization. When dominance dumps while Bitcoin pumps, it often suggests that money is flowing into alternative cryptocurrencies, or altcoins, at a faster rate than into BTC itself. As of the tweet's timestamp, this pattern aligns with historical precedents where such divergences preceded altcoin seasons. Traders monitoring on-chain metrics might notice increased trading volumes in pairs like ETH/BTC or SOL/BTC, indicating a rotation of funds. For instance, if Bitcoin's price surges by 5-10% in a 24-hour period while dominance drops by 1-2%, it could signal the start of a broader market uptrend driven by utility-focused projects. This is particularly relevant for day traders and swing traders looking to enter positions in undervalued altcoins with strong fundamentals, such as those in DeFi, NFTs, or AI-integrated blockchain solutions.
From a trading perspective, the concept of 'utility season' refers to periods where cryptocurrencies demonstrating practical use cases outperform speculative assets. Crypto Rover's insight points to this as a big sign, encouraging traders to scout for tokens with real-world applications. For example, projects like Chainlink (LINK) or Polygon (MATIC) often benefit from such seasons due to their roles in oracle services and scaling solutions. Traders should watch for key support and resistance levels: if BTC holds above $60,000 amid declining dominance, altcoins could test their monthly highs. Incorporating technical indicators like the Relative Strength Index (RSI) on altcoin charts can help identify overbought or oversold conditions. Moreover, on-chain data such as transaction volumes and wallet activity can provide confirmation; a spike in unique addresses for utility tokens would validate the season's arrival. Risk management is crucial here—setting stop-loss orders around 5-7% below entry points can protect against sudden reversals, especially in a market where Bitcoin's movements still dictate overall sentiment.
Beyond immediate trading tactics, this development has broader implications for institutional flows and market sentiment. As Bitcoin pumps, drawing in retail and institutional investors, a dumping dominance often correlates with increased venture capital into altcoin ecosystems. Traders attuned to macroeconomic factors, such as interest rate changes or regulatory news, can leverage this for long-term positions. For instance, if global stock markets show positive correlations with crypto, as seen in past bull runs, utility tokens might experience amplified gains. SEO-optimized strategies for traders include monitoring search trends for terms like 'Bitcoin dominance chart' or 'altcoin season indicators' to gauge community interest. Ultimately, this signal from Crypto Rover underscores the importance of agility in crypto trading, where recognizing shifts from BTC-centric rallies to altcoin utility plays can yield substantial returns. By staying informed through verified sources and real-time metrics, traders can position themselves advantageously in what could be a transformative phase for the cryptocurrency landscape.
To wrap up this analysis, the interplay between Bitcoin's price action and its dominance metric serves as a pivotal trading barometer. With no immediate real-time data contradicting this narrative, the focus remains on sentiment-driven opportunities. Traders are advised to diversify into utility-focused assets while keeping an eye on BTC's stability. This could mark the onset of a vibrant utility season, promising exciting prospects for those prepared to act on these insights.
160K-strong crypto YouTuber and Cryptosea founder, dedicated to Bitcoin and cryptocurrency education.
Welcome to your premier source for the latest in AI, cryptocurrency, blockchain, and AI search tools—driving tomorrow's innovations today.

                        Disclaimer: Blockchain.news provides content for informational purposes only. In no event shall blockchain.news be responsible for any direct, indirect, incidental, or consequential damages arising from the use of, or inability to use, the information provided. This includes, but is not limited to, any loss or damage resulting from decisions made based on the content. Readers should conduct their own research and consult professionals before making financial decisions.
                    
"
116,,,17,Bitcoin price all-time high: What’s behind crypto’s record-breaking rally – and how high could it go?,"{'name': 'Yahoo', 'icon': 'https://encrypted-tbn1.gstatic.com/faviconV2?url=https://uk.finance.yahoo.com&client=NEWS_360&size=96&type=FAVICON&fallback_opts=TYPE,SIZE,URL', 'authors': ['Anthony Cuthbertson']}",https://uk.finance.yahoo.com/news/bitcoin-price-time-high-behind-123517676.html,https://s.yimg.com/ny/api/res/1.2/3BYwSdiau3S58LmeLTVsiw--/YXBwaWQ9aGlnaGxhbmRlcjt3PTY0MDtoPTQyNw--/https://media.zenfs.com/en/the_independent_577/4fb6948da1a824795924e5c6ba1f526f,https://news.google.com/api/attachments/CC8iK0NnNUxVbUozUVd0eVNuQk9kekpCVFJDckF4aUFCU2dLTWdZcEU1Q3RNUVk,"07/11/2025, 08:06 AM, +0000 UTC",Bitcoin price all-time high: What’s behind crypto’s record-breaking rally – and how high could it go?
117,,,18,It’s not just Bitcoin: Altcoin XRP’s price is also rising. Here’s a possible reason why,"{'name': 'Fast Company', 'icon': 'https://encrypted-tbn3.gstatic.com/faviconV2?url=https://www.fastcompany.com&client=NEWS_360&size=96&type=FAVICON&fallback_opts=TYPE,SIZE,URL', 'authors': ['Michael Grothaus']}",https://www.fastcompany.com/91366701/xrp-price-rises-today-news-bitcoin-record-high-heres-why,,,"07/11/2025, 03:30 PM, +0000 UTC",It’s not just Bitcoin: Altcoin XRP’s price is also rising. Here’s a possible reason why
118,,,19,"Bitcoin, Ether, XRP, Solana price predictions: Cryptocurrency experts raise red flag, caution Crypto inves","{'name': 'The Economic Times', 'icon': 'https://encrypted-tbn3.gstatic.com/faviconV2?url=https://m.economictimes.com&client=NEWS_360&size=96&type=FAVICON&fallback_opts=TYPE,SIZE,URL'}",https://m.economictimes.com/news/international/us/bitcoin-ether-xrp-solana-price-predictions-cryptocurrency-experts-raise-red-flag-caution-crypto-investors/articleshow/122394842.cms,"https://m.economictimes.com/thumb/msid-122394889,width-1200,height-900,resizemode-4,imgsize-66104/bitcoin-price-today.jpg",https://news.google.com/api/attachments/CC8iK0NnNUtNRk5sZW1RMGIyeEdSSGs0VFJEQ0FSaURBaWdCTWdZcGRZeXRyUVU,"07/11/2025, 07:41 PM, +0000 UTC","Bitcoin, Ether, XRP, Solana prices are hitting the roof but cryptocurrency experts have warned Crypto investors about a potential threat. Details here.

(Catch all the US News, UK News, Canada News, International Breaking News Events, and Latest News Updates on The Economic Times.)
Download The Economic Times News App to get Daily International News Updates.
(Catch all the US News, UK News, Canada News, International Breaking News Events, and Latest News Updates on The Economic Times.)
Download The Economic Times News App to get Daily International News Updates.
Explore More Stories
Trump's 35% tariff on Canada: Here's what will get more expensive for Americans — and what won't
China the big winner as Trump slaps massive copper tariffs to crush Canada
NDP to get new leader in March 2026, race starts in September, 6 names doing the rounds
Living dinosaur caught in Canada? 120-year-old sturgeon stuns anglers in BC river
Canadian armed forces members charged in Quebec militia land seizure plot
Alberta government orders removal of sexually explicit books from school libraries
Nissan suspends US production of three models for Canada amid tariff dispute
Canada’s unemployment rate soars to 9-year high; nearly 10,000 jobs lost at Ontario colleges
Ontario teen charged with attempted murder and sexual assault after 8-year-old girl found injured in woods
Stanley park Christmas train cancelled after 26 years, burn fund faces $500K crisis
Two planes crash mid-air near Winnipeg killing student pilots in rare training tragedy
Canada’s Air Transat joins world’s greenest airlines in global emissions ranking
Trump's America is Canada's biggest threat, shocking poll shows
Hegseth rolls out US ‘drone dominance’ plan
LIVE | Trump & First Lady visits flood affected areas in Kerrville
Lavrov calls out West over Ukraine
Trump, Xi to meet soon? Rubio reveal...
India dodges Trump’s tariffs, SBI’s mega QIP
Russian FM underlines UN Charter as the basis for strategic association
‘100,000 Russians dead since Jan 2025’: Rubio
Protesters burn Trump effigy in fiery anti-tariff rally in Brazil
UK-France 'one-in-one-out' deal: What it means for migrants
Omar Abdullah thanks Mamata Banerjee support for J&K
Hegseth rolls out US ‘drone dominance’ plan
LIVE | Trump & First Lady visits flood affected areas in Kerrville
Lavrov calls out West over Ukraine
Trump, Xi to meet soon? Rubio reveal...
India dodges Trump’s tariffs, SBI’s mega QIP
Russian FM underlines UN Charter as the basis for strategic association
‘100,000 Russians dead since Jan 2025’: Rubio
Protesters burn Trump effigy in fiery anti-tariff rally in Brazil
UK-France 'one-in-one-out' deal: What it means for migrants
Omar Abdullah thanks Mamata Banerjee support for J&K
Hot on Web
In Case you missed it
Top Searched Companies
Top Calculators
Top Definitions
Top Commodities
Top Slideshow
Private Companies
Top Prime Articles
Top Story Listing
Latest News
Follow us on:
Find this comment offensive?
Choose your reason below and click on the Report button. This will alert our moderators to take action
Reason for reporting:
Your Reason has been Reported to the admin.
Log In/Connect with:
Will be displayed
Will not be displayed
Will be displayed
Stories you might be interested in
"
119,,,20,"Bitcoin Price Hits New All-Time High as Coinbase, Strategy Shares Rise","{'name': 'Investopedia', 'icon': 'https://encrypted-tbn1.gstatic.com/faviconV2?url=https://www.investopedia.com&client=NEWS_360&size=96&type=FAVICON&fallback_opts=TYPE,SIZE,URL', 'authors': ['Kyle Torpey']}",https://www.investopedia.com/bitcoin-price-hits-new-all-time-high-as-coinbase-strategy-shares-rise-11769370,,,"07/09/2025, 09:57 PM, +0000 UTC","Bitcoin Price Hits New All-Time High as Coinbase, Strategy Shares Rise"
120,,,21,"Cardano Founder Charles Hoskinson Predicts Bitcoin Price to $250,000 Driven by New Regulation","{'name': 'Coinspeaker', 'icon': 'https://encrypted-tbn3.gstatic.com/faviconV2?url=https://www.coinspeaker.com&client=NEWS_360&size=96&type=FAVICON&fallback_opts=TYPE,SIZE,URL', 'authors': ['Benjamin Godfrey']}",https://www.coinspeaker.com/hoskinson-bitcoin-250k-prediction/,https://www.coinspeaker.com/wp-content/uploads/2025/07/hoskinson-bitcoin-250k-prediction.png,https://news.google.com/api/attachments/CC8iK0NnNUllblpYU1cxUlNuSkNTVUZCVFJERUF4aW1CU2dLTWdZUlk1U0hvZ2c,"07/11/2025, 10:49 AM, +0000 UTC","
© 2025 Coinspeaker LTD.
ALL RIGHTS RESERVED.

Cardano founder says Bitcoin price will reach $250,000, supported by the implementation of the GENIUS Stablecoin Act, and the Digital Asset Market Structure.
Leading crypto asset Bitcoin     

BTC
$115 951



24h volatility:
4.2%


Market cap:
$2.31 T



Vol. 24h:
$56.12 B



	 recently hit an outstanding all-time high (ATH), but Cardano     

ADA
$0.68



24h volatility:
8.5%


Market cap:
$24.48 B



Vol. 24h:
$1.01 B



	 founder Charles Hoskinson has said that there is a bigger bull run ahead. Taking to X on July 11, the digital asset innovator claimed that Bitcoin could hit $250,000, spurred by the regulations surrounding cryptocurrencies like stablecoins.
He claims that the GENIUS Stablecoin Act, which first gained a 62-32 procedural vote from the US Senate, and the Digital Asset Market Clarity, aka CLARITY Act, will play crucial roles in this bold prediction.




https://twitter.com/IOHK_Charles/status/1943471085896483225
The United States Senate already passed the GENIUS Act on June 17, marking a big win for the broader cryptocurrency sector. The said bill is designed to regulate stablecoins at the federal level. Similarly, the CLARITY Act provides precise, functional requirements for crypto market participants. Customer protection is its priority while fostering innovation.
The House will consider and vote on both the CLARITY Act and the GENIUS Act during the upcoming “Crypto Week,” scheduled to kick off on July 14. Once these bills receive the required support, Hoskinson believes a “gigachad bull run” is on the horizon. In the meantime, Bitcoin is trading at $117,705.65, corresponding with a 5.84% increase over the last 24 hours.
Its 24-hour trading volume has reached $116.5 billion due to an 88.26% spike within the same period. Bitcoin market capitalization has suddenly moved from $2.21 trillion, as recorded the previous day, to $2.34 trillion. Hoskinson’s bullish prediction about the BTC price has been around for a while. Back in April, he predicted that Bitcoin could hit $250,000 by the end of this year or in 2026.
In this case, he pegged the growth of the coin on growing interest from large technology firms like Apple Inc (NASDAQ: AAPL) and Microsoft Corp (NASDAQ: MSFT). Then, in June, Hoskinson went higher in his optimistic view of the flagship cryptocurrency. This time around, he noted that Bitcoin price could hit $500,000, based on DeFi progress and the expansion of the global crypto ecosystem.
Whether $250,000 or $500,000 level for Bitcoin, the broader crypto market is enthusiastic about the prospects of a mega price rally.
While the broader ecosystem anticipates the new ATH for BTC, attention may be given to TOKEN6900. Touted as one of the best crypto presales of the season, this new token project has brought the right value proposition to users.
The project developers paid keen attention, designing the TOKEN6900 project to track liquidity, GDP, oil reserves, or corporate earnings.
Imagine an asset with no intrinsic value, no backing, and no plans. You may think that this means no good, but ”If you buy TOKEN6900 expecting utility, congratulations — you’re the utility,” the project’s developers stated.
Current Presale Stats:
Markedly, 40% of the tokens are going to marketing, 5% to staking rewards, 10% to liquidity, an allocation to developer moon bag, and 15% to core coding development.
Users can purchase the TOKEN6900 token via cryptocurrencies or a credit card. If you are interested, you should closely monitor the presale and consider acting before the subsequent price adjustment.
In the meantime, the team will adjust the price of TOKEN6900 in the presale by a small amount, taking into account the time remaining: 1 day, 1 hour, 6 minutes, and a few seconds.
Disclaimer: Coinspeaker is committed to providing unbiased and transparent reporting. This article aims to deliver accurate and timely information but should not be taken as financial or investment advice. Since market conditions can change rapidly, we encourage you to verify information on your own and consult with a professional before making any decisions based on this content.
Benjamin Godfrey is a blockchain enthusiast and journalist who relishes writing about the real life applications of blockchain technology and innovations to drive general acceptance and worldwide integration of the emerging technology. His desire to educate people about cryptocurrencies inspires his contributions to renowned blockchain  media and sites.
Godfrey Benjamin on X
July 11th, 2025
July 11th, 2025
July 11th, 2025
July 11th, 2025
Copyright © 2025 Coinspeaker LTD. All rights reserved.
Reproduction in whole or in part in any form or medium without express written permission of Coinspeaker LTD is prohibited.
"
121,,,22,"Bitcoin $120K expectations add fuel to ETH, HYPE, UNI and SEI","{'name': 'Cointelegraph', 'icon': 'https://encrypted-tbn1.gstatic.com/faviconV2?url=https://cointelegraph.com&client=NEWS_360&size=96&type=FAVICON&fallback_opts=TYPE,SIZE,URL', 'authors': ['Rakesh Upadhyay']}",https://cointelegraph.com/news/bitcoin-dollar120k-expectations-add-fuel-to-eth-hype-uni-and-sei,"https://images.cointelegraph.com/cdn-cgi/image/format=auto,onerror=redirect,quality=90,width=1434/https://s3.cointelegraph.com/uploads/2025-07/0197fa81-4952-7630-87c0-6b095f22d2ad",https://news.google.com/api/attachments/CC8iL0NnNUdabkZMVmtSbWQyUllTR05NVFJERUF4aW5CU2dLTWdrRmdJUUlQcVUxVWdF,"07/11/2025, 05:51 PM, +0000 UTC","Bitcoin $120K expectations add fuel to ETH, HYPE, UNI and SEI"
122,,,23,"Bitcoin sets another record above $113,000 as investors jump into risk assets, liquidate shorts","{'name': 'CNBC', 'icon': 'https://encrypted-tbn0.gstatic.com/faviconV2?url=https://www.cnbc.com&client=NEWS_360&size=96&type=FAVICON&fallback_opts=TYPE,SIZE,URL', 'authors': ['Tanaya Macheel']}",https://www.cnbc.com/2025/07/10/crypto-market-today.html,https://image.cnbcfm.com/api/v1/image/107069560-1654078537245-gettyimages-1235570446-porzycki-cryptocu210928_npIa0.jpeg?v=1752170670&w=1600&h=900,https://news.google.com/api/attachments/CC8iOkNnNDVOa2RNWjBsVWRWcDBSMlpJVFJDZkF4ampCU2dLTWhFRkVJS09MU2NlOGtpdW1SWnNpOWVZQ2c,"07/10/2025, 06:32 PM, +0000 UTC","Bitcoin sets another record above $113,000 as investors jump into risk assets, liquidate shorts"
123,,,24,Bitcoin Price Reaches Pivotal Moment—Is $120K Next?,"{'name': 'Decrypt', 'icon': 'https://encrypted-tbn1.gstatic.com/faviconV2?url=https://decrypt.co&client=NEWS_360&size=96&type=FAVICON&fallback_opts=TYPE,SIZE,URL', 'authors': ['Stacy Elliott']}",https://decrypt.co/329674/bitcoin-price-reaches-pivotal-moment-is-120k-next,https://cdn.decrypt.co/resize/1024/height/512/wp-content/uploads/2025/07/Bitcoin_bull-gID_7.png,https://news.google.com/api/attachments/CC8iK0NnNW9jalYzVTNkcE5UQlVOSFZqVFJDZkFSaS1BaWdCTWdZWk1vcjFHQW8,"07/11/2025, 11:08 AM, +0000 UTC","Bitcoin Price Reaches Pivotal Moment—Is $120K Next?
$117,991.00
$3,005.23
$2.84
$693.84
$164.31
$0.999965
$0.210887
$0.301355
$3,004.29
$0.739601
$46.66
$117,737.00
$3,600.80
$3.51
$0.381043
$15.79
$536.80
$21.30
$0.201976
$9.04
$3,218.65
$0.0000138
$3.00
$3,005.19
$97.07
$0.99989
$46.68
$1.001
$4.07
$331.13
$118,034.00
$0.00001297
$1.001
$8.87
$4.52
$308.36
$0.490893
$399.45
$5.06
$2.61
$0.103169
$1.18
$5.54
$49.36
$0.920438
$199.67
$18.73
$1.00
$0.0902
$0.350583
$1.00
$4.77
$0.02505688
$1.059
$0.238395
$0.626004
$0.420216
$10.26
$0.229197
$3.79
$16.39
$0.748437
$4.46
$1.098
$0.339627
$3,006.73
$2.65
$0.00002325
$0.082323
$117,792.00
$115.81
$1.69
$4.75
$174.34
$0.507188
$11.50
$0.999754
$1.00
$0.0231397
$3,149.29
$2.03
$3,422.79
$1.001
$1.32
$4.53
$1.28
$12.88
$0.69353
$0.376641
$0.01723966
$0.073468
$0.771252
$1.79
$0.723631
$3,210.88
$3,157.41
$117,781.00
$1.00
$1.025
$3,164.87
$1.00
$0.100233
$12.33
$0.524958
$0.00010116
$1.11
$117,707.00
$0.161104
$3,350.94
$694.27
$119,074.00
$0.650244
$3,249.35
$0.557162
$2.53
$0.99939
$184.51
$3,350.63
$0.821873
$214.61
$0.01778319
$0.871906
$2.85
$0.194674
$22.56
$0.0151597
$0.296962
$111.75
$10.74
$43.58
$2.01
$0.815719
$0.120386
$0.00000173
$3,008.32
$4.09
$0.998313
$46.77
$0.00000068
$0.251586
$3,211.08
$0.61622
$3,159.83
$1.086
$117,475.00
$0.387568
$117,718.00
$0.00916006
$3,005.86
$0.316472
$0.999104
$0.55046
$0.01718812
$0.059067
$0.997726
$0.416873
$0.565765
$0.564723
$1.74
$2.98
$117,838.00
$1.56
$0.685693
$0.151813
$0.210677
$26.95
$46.80
$0.999799
$3,005.58
$0.098075
$0.999278
$0.00488596
$0.00831393
$0.632237
$3,196.65
$1.001
$0.223129
$0.421749
$48.24
$1.20
$0.99995
$6.36
$1.43
$7.82
$0.00000045
$15.67
$0.062157
$0.317861
$0.366937
$3,318.51
$6.60
$0.171927
$0.059052
$0.00002133
$2.55
$0.0045737
$1.71
$1.094
$117,791.00
$1.00
$0.154878
$0.0412421
$3,290.65
$0.555546
$1.001
$2,999.29
$0.082373
$0.379445
$3,006.16
$0.00722559
$0.384962
$0.999847
$1.25
$0.03680405
$3,000.51
$0.899478
$117,806.00
$0.00006479
$0.536697
$0.01839875
$179.47
$0.768673
$0.238389
$21.05
$128.81
$1.23
$3,623.98
$11.30
$25.88
$0.999749
$0.00384345
$0.77073
$0.319221
$0.00368449
$0.00457649
$0.999639
$21.29
$1.001
$0.999632
$0.67129
$0.03051946
$1.00
$117,501.00
$2,367.77
$3,139.25
$6.89
$0.114643
$1.02
Bitcoin hasn't stopped rising after breaking through to a new all-time high yesterday. As of this writing, BTC has surpassed $118,000 after having gained 6.2% in the past day, according to CoinGecko data.
More than $81 billion worth of Bitcoin has changed hands in the past 24 hours. Bitcoin hasn't seen this kind of volume since January, ahead of President Donald Trump's second inauguration, and in late February, when Bitcoin sank to $84,000.
Kushal Manupati, Binance's regional growth and operations lead in South Asia, said it's notable that this rally isn't purely driven by retail traders.
""Bitcoin inching towards the $120,000 mark, hitting an all-time high at $118,000, marks a pivotal moment for the virtual digital assets industry,"" he said in a statement shared with Decrypt. ""Institutions are showing confidence to enter the space at scale, bringing not just liquidity but long-term credibility to the space.""
Zooming out from crypto markets, analysts at Singapore-based crypto trading firm QCP Capital said the repeated cycles of tariff threats and postponements has left business sentiment unfazed by the latest round of trade letters going out from the White House.
And there's an optimistic signal coming from precious metals—and no, it's not gold.
""A key signal lies in copper prices, often referred to as Doctor Copper for their predictive power in macroeconomic health,"" the analysts wrote in their latest note. ""Prices have climbed alongside industrial demand and improving liquidity conditions.""
Sure enough, Copper Futures have picked up 8.42% in the past 5 days, according to TradingView.
Now that Bitcoin has found brand new price territory, traders are trying to gauge how long the euphoria will last. Exchange flows—the amount of BTC being moved onto exchanges, presumably for trading—have continued the steady decline they've seen since October.
They've now dropped to $2.39 million, according to CryptoQuant, the lowest figure in the past three years.
Ryan Lee, chief analyst at Bitget Research, said strong stock market performance, steady money supply, and the passage of the One Big Beautiful Bill Act are all flashing bullish for Bitcoin.
""Given these conditions, Bitcoin is well-positioned to break its previous high in July, with upside potential toward $120,000 by month-end,"" he said.
Your gateway into the world of Web3
The latest news, articles, and resources, sent to your inbox weekly.
© A next-generation media company. 2025 Decrypt Media, Inc.
"
124,,,25,Bitcoin price today: inks new record high near $119k as ETF inflows surge,"{'name': 'Investing.com', 'icon': 'https://encrypted-tbn2.gstatic.com/faviconV2?url=https://www.investing.com&client=NEWS_360&size=96&type=FAVICON&fallback_opts=TYPE,SIZE,URL', 'authors': ['Vahid Karaahmetovic']}",https://www.investing.com/news/cryptocurrency-news/bitcoin-price-today-hits-new-record-high-above-118k-as-etf-inflows-surge-4131193,https://i-invdn-com.investing.com/news/moved_LYNXMPEKA01G9_L.jpg,https://news.google.com/api/attachments/CC8iK0NnNXZVblkxVFRkaU1GaEdSM3BxVFJEQ0F4aXFCU2dLTWdZVmdwQVRMUVk,"07/11/2025, 02:03 PM, +0000 UTC",Bitcoin price today: inks new record high near $119k as ETF inflows surge
125,,,26,Bitcoin Outperforms Gold Stocks 21.72% in Q2 2025 With 4.4 Billion Realized Cap Increase,"{'name': 'AInvest', 'icon': 'https://encrypted-tbn0.gstatic.com/faviconV2?url=https://www.ainvest.com&client=NEWS_360&size=96&type=FAVICON&fallback_opts=TYPE,SIZE,URL'}",https://www.ainvest.com/news/bitcoin-outperforms-gold-stocks-21-72-q2-2025-4-4-billion-realized-cap-increase-2507/,https://cdn.ainvest.com/aigc/hxcmp/images/compress-1af9789a19538001.png,https://news.google.com/api/attachments/CC8iK0NnNVBhMUUwWDNWVmFrRkdXRzE2VFJDZkF4ampCU2dLTWdZQmtaQ3RNUWM,"07/11/2025, 05:02 PM, +0000 UTC","News/
Articles/
Articles Details
Quickly understand the history and background of various well-known coins
Bitcoin has outperformed both gold and stocks in the second quarter of 2025, marking a significant rebound in risk assets. The cryptocurrency not only surpassed the performance of traditional safe-haven assets like gold but also exceeded the gains seen in the stock market. This surge in Bitcoin's value has been accompanied by a notable increase in its Realized Capitalization (Realized Cap), which reflects actual capital inflows into the asset. The Realized Cap of Bitcoin has been on an upward trajectory, indicating substantial capital inflows. The latest price surge saw a $4.4 billion increase in the Realized Cap, confirming that the move was backed by real conviction rather than mere speculative hype.
The Realized Cap is a capitalization model that calculates the total value of Bitcoin by assuming that the 'true' value of each coin in circulation is equal to the price at which it was last transacted on the network. This method differs from the traditional market cap, which assigns the current spot price to all tokens in the supply. The Realized Cap, therefore, provides a more accurate measure of the amount of capital that investors have collectively put into the cryptocurrency. In contrast, the market cap represents the current value that holders are carrying.
The Bitcoin Market Value to Realized Value (MVRV) Ratio, which measures the ratio between the Bitcoin market cap and Realized Cap, is currently around 2.25. This ratio has historically shown resistance around the 2.75 mark, which corresponds to a spot price of $130,900. Analysts predict that this level will be the first selling pressure point for Bitcoin. Despite the recent pullback, with the price coming down to $110,900, the overall trend remains bullish.
The crypto market delivered a 21.72% return in the second quarter, tripling the gains of the S&P 500. This performance has shifted retail interest towards altcoins, while institutions have increased their holdings in Bitcoin. The surge in Bitcoin's value has been driven by a combination of factors, including increased institutional investment and a growing conviction among investors about the cryptocurrency's long-term potential. The $4.4 billion inflow into Bitcoin, as indicated by the Realized Cap, underscores the strength of this conviction.
Gold and the S&P 500 recorded new all-time highs during the quarter, even though the consequences of Donald Trump’s latest tariff policies threatened their growth at the beginning of the period under review. Trump employed a blanket approach in his tariff policies, imposing massive taxes on the country’s traditional rivals, geopolitical competitors, and allies. The new administration’s actions took many by surprise and shocked global markets. Bitcoin, gold, and other safe-haven assets crashed because of the multifaceted trade war that the new policy triggered.
The markets have rebounded after the initial decline to reclaim the initial losses. The ongoing rebound followed President Trump’s potential reconsideration of the tariff policies after he announced a 90-day pause to allow countries to negotiate trade deals with the US. Analysts consider that a strategic move that was part of the original plan. In the meantime, the tariff pause triggered a Bitcoin-led rebound, with key metrics signaling a bullish outlook for the top cryptocurrency. For instance, Bitcoin maintained a tight correlation with global M2 money supply in Q2 2025, with a projection that suggests it will continue and boost Bitcoin’s upward momentum.
Meanwhile, on-chain data confirmed Bitcoin’s growing bullish sentiment, with increased institutional adoption and purchases by hedge funds and crypto mining companies reflecting continued accumulation. Additionally, long-term holders are increasing their Bitcoin positions in an expression of confidence among non-speculative investors. The performance of Bitcoin in the second quarter highlights its growing appeal as a store of value and a hedge against inflation. As traditional markets face volatility and uncertainty, investors are increasingly turning to cryptocurrencies like Bitcoin as a means of preserving and growing their wealth. The shift in retail interest towards altcoins also suggests a broader acceptance of cryptocurrencies as a viable asset class, with investors seeking to diversify their portfolios beyond Bitcoin.
In summary, Bitcoin's outperformance in the second quarter of 2025 is a testament to its growing acceptance and appeal as a store of value. The surge in its Realized Cap, coupled with increased institutional investment, indicates that the cryptocurrency's recent gains are backed by real conviction rather than speculative hype. As the market continues to evolve, Bitcoin's role as a leading risk asset is likely to become even more pronounced. 
﻿
No comments yet
"
126,,,27,This Financial Advisor Who Called Bitcoin's Rise Just Made Another Bold $500K Price Prediction,"{'name': 'Finance Magnates', 'icon': 'https://encrypted-tbn1.gstatic.com/faviconV2?url=https://www.financemagnates.com&client=NEWS_360&size=96&type=FAVICON&fallback_opts=TYPE,SIZE,URL'}",https://www.financemagnates.com/trending/this-financial-advisor-who-called-bitcoins-rise-just-made-another-bold-500k-price-prediction/,https://images.financemagnates.com/images/Bitcoin%20bag%20with%20some%20coins%20and%20up%20and%20down%20arrow_id_44726439-f045-4b78-ae83-e29b417c2d24_size900.jpg,https://news.google.com/api/attachments/CC8iK0NnNTBPRmRCTUZneVZFMVlhRFpmVFJDbkFSaXVBaWdCTWdhTmc0aU5NUVE,"07/11/2025, 09:37 AM, +0000 UTC","
      Subscribe to our News & Services
    

          Subscribe to our News & Services
        

            FM ALL News
          

            FM Crypto
          

            Follow us on Twitter
          

            Follow us on Linkedin
          
The Bitcoin
(BTC) price has entered a price discovery phase following its three-day march
two new record highs, currently trading at approximately $117,600 as of Friday,
July 11, 2025. This represents a solid 6% gain in the past 24 hours, with the
cryptocurrency demonstrating remarkable stability amid broader financial market
uncertainty.
The current
Bitcoin news landscape is dominated by unprecedented institutional
adoption, record inflows to ETF instruments and liquidations of short
positions. Moreover, the most up-to-date Bitcoin price predictions for 2025 and
beyond suggest that the crypto may soon break through psychological barriers
and jumb by more than 300% to exceed $500,000 by 2030.
Bitcoin
price today reflects a market in fundamental transformation, with the
cryptocurrency demonstrating institutional-grade resilience despite
geopolitical tensions and traditional market volatility. The digital asset has
maintained its position well above the crucial $100,000 psychological milestone
since June.
The
macroeconomic environment, shaped
by trade wars and the Federal Reserve's policies, has become so favorable
to Bitcoin that it has already surged 8% this week, setting new all-time highs
(ATH). On
Thursday, it climbed above $116,000, and on Friday, it rose further to over
$118,000.
For one
Bitcoin, the current price across major exchanges hovers around $117,600 at the
time of writing, with the asset moving into the price discovery zone as
institutional players establish long-term positions.
Recent
price action shows Bitcoin trading with heightened volatility compared
to previous cycles, with technical indicators suggesting continued
institutional accumulation. The MACD indicator displays strengthening momentum,
indicating growing buying pressure from sophisticated investors who view any
dips as strategic entry points.
Trading
data reveals substantial
institutional engagement, with Bitcoin ETFs experiencing consistent inflows
and corporate treasuries continuing to add Bitcoin to their balance sheets. Bitcoin
and Ethereum (ETH) ETFs recorded the second-largest day of inflows on record,
according to data from Farside Investments.
𝗕𝗶𝘁𝗰𝗼𝗶𝗻 𝗘𝗧𝗙 𝗙𝗹𝗼𝘄 (𝗨𝗦$ 𝗺𝗶𝗹𝗹𝗶𝗼𝗻) – 2025-07-10TOTAL NET FLOW: 1,175.6IBIT: 448.5FBTC: 324.3BITB: 77.2ARKB: 268.7BTCO: 0EZBC: 0BRRR: 0HODL: 15.2BTCW: 0GBTC: -40.2BTC: 81.9For all the data & disclaimers visit:https://t.co/Wg6Qpn0Pqw
Based on my
technical analysis, Bitcoin has finally broken out decisively from the
consolidation range that had been forming since mid-May, confined between
$100,000 and $112,000. As
I noted in my earlier reports, a move above this resistance zone was
essential for BTC to enter a true price discovery phase, navigating uncharted
territory.
So far, it
has done just that, testing $118,092 as a new ATH on Binance. What’s next? By
nature, price discovery phases are difficult to analyze. In my view, a healthy
move would be a pullback toward $112,000 to test it as a new support level
(following the principle of role reversal), before continuing its upward trend.
However, if market hype kicks in, the rally could accelerate rapidly and push
prices significantly higher.
The RSI
indicates that Bitcoin is currently in overbought territory. That said, if BTC wants to continue its climb, it may well ignore this signal, eBspecially given that the latest analyst forecasts are highly bullish.
You may
also like: Why
Dogecoin Price Is Surging? Breaking News and Price Predictions for July 2025
The Bitcoin
price prediction landscape presents overwhelmingly bullish signals as
the cryptocurrency navigates through its institutional adoption phase.
However,
renowned financial advisor Ric Edelman, who accurately predicted Bitcoin's
institutional breakthrough last year, suggests the cryptocurrency may be
approaching the beginning of its most significant price appreciation cycle. His
analysis indicates Bitcoin has been building institutional foundations, and the
next major move could align with revolutionary portfolio allocation shifts.
Edelman
was a guest of Natalie Brunell’s Coin Stories where he talked about 6 myths
about Bitcoin, price projections and portfolio allocations:
“I’m
actually pretty conservative. A lot of other folks say $1 million by 2030,”
commented Edelman. “Michael Saylor says $5 million. But not too many others
share their math. I do pretty openly. I’ll tell you very quickly and easily how
I get there. If you take a look at the world’s global assets, the total value
of everything, the value of stocks, bonds, real estate, gold, oil, commodities,
you name it, add up the total value of everything, it’s about $800 trillion.”
If all the
current asset holders were to allocate just 1% of their portfolios to Bitcoin,
the resulting capital flow could reach $8 trillion. According to this
reasoning, such a shift in investment would drive Bitcoin’s price to
approximately $500,000, Edelman predicts.
Long-term
price predictions from Edelman and other analysts suggest:
The ongoing
evolution of traditional investment strategies continues to be a
primary driver of Bitcoin price sentiment and market dynamics. Recent
developments indicate financial advisors are actively pursuing unprecedented
crypto allocations that could fundamentally alter Bitcoin's market
capitalization.
Edelman also
released a new research urging financial advisors to allocate 10% to 40%
of client portfolios to cryptocurrency, with Bitcoin representing the largest
component. The advisor emphasized that crypto's maturation from speculative
asset to mainstream investment vehicle supports these dramatic
allocation increases.
These
allocation discussions involve replacing traditional bond holdings with
crypto assets and recognizing Bitcoin's role as a portfolio diversifier.
Financial expert analysis suggests that if advisors obtain the institutional
buy-in they're seeking, massive capital flows could materialize
within months rather than years.
The
traditional 60/40 portfolio model faces fundamental obsolescence due
to increased life expectancy and the need for higher-return assets, with crypto
filling the gap left by underperforming bonds.
Extended
Bitcoin price prediction models present consistently bullish scenarios based
on institutional adoption and global asset allocation trends. Edelman's
mathematical approach suggests Bitcoin could reach minimum prices of $500,000
by 2030 based purely on 1% global portfolio allocation.
More
aggressive projections from industry leaders like Michael
Saylor suggest even higher targets, with some forecasting Bitcoin
reaching $5 million per coin by the end of the decade. These
predictions assume continued growth in institutional adoption and favorable
regulatory environments.
Scenario analysis indicates:
You may
also like: Kiyosaki
Predicts Bitcoin at $1 Million by 2030 as Economic Crisis Looms. How
High Can BTC Price Go?
The Bitcoin
price currently reflects a market in institutional equilibrium, balancing
traditional investment paradigms against revolutionary portfolio allocation
strategies. At almost $118,000, Bitcoin maintains critical psychological
support levels while awaiting catalysts that could drive the next significant
price movement.
Key factors
to monitor include financial advisor adoption timelines, regulatory
developments, and broader institutional investment sentiment. The combination
of reduced volatility and institutional buying suggests a period of strategic
accumulation before the next major trend emerges.
Market
participants should focus on portfolio allocation announcements from
major financial advisory firms and any developments in crypto-friendly
legislation, as these factors will likely determine Bitcoin's medium-term price
trajectory. The cryptocurrency's ability to maintain current support levels
while institutional clarity emerges will be crucial for sustained
price appreciation toward Edelman's $500,000 target.
The Bitcoin
(BTC) price has entered a price discovery phase following its three-day march
two new record highs, currently trading at approximately $117,600 as of Friday,
July 11, 2025. This represents a solid 6% gain in the past 24 hours, with the
cryptocurrency demonstrating remarkable stability amid broader financial market
uncertainty.
The current
Bitcoin news landscape is dominated by unprecedented institutional
adoption, record inflows to ETF instruments and liquidations of short
positions. Moreover, the most up-to-date Bitcoin price predictions for 2025 and
beyond suggest that the crypto may soon break through psychological barriers
and jumb by more than 300% to exceed $500,000 by 2030.
Bitcoin
price today reflects a market in fundamental transformation, with the
cryptocurrency demonstrating institutional-grade resilience despite
geopolitical tensions and traditional market volatility. The digital asset has
maintained its position well above the crucial $100,000 psychological milestone
since June.
The
macroeconomic environment, shaped
by trade wars and the Federal Reserve's policies, has become so favorable
to Bitcoin that it has already surged 8% this week, setting new all-time highs
(ATH). On
Thursday, it climbed above $116,000, and on Friday, it rose further to over
$118,000.
For one
Bitcoin, the current price across major exchanges hovers around $117,600 at the
time of writing, with the asset moving into the price discovery zone as
institutional players establish long-term positions.
Recent
price action shows Bitcoin trading with heightened volatility compared
to previous cycles, with technical indicators suggesting continued
institutional accumulation. The MACD indicator displays strengthening momentum,
indicating growing buying pressure from sophisticated investors who view any
dips as strategic entry points.
Trading
data reveals substantial
institutional engagement, with Bitcoin ETFs experiencing consistent inflows
and corporate treasuries continuing to add Bitcoin to their balance sheets. Bitcoin
and Ethereum (ETH) ETFs recorded the second-largest day of inflows on record,
according to data from Farside Investments.
𝗕𝗶𝘁𝗰𝗼𝗶𝗻 𝗘𝗧𝗙 𝗙𝗹𝗼𝘄 (𝗨𝗦$ 𝗺𝗶𝗹𝗹𝗶𝗼𝗻) – 2025-07-10TOTAL NET FLOW: 1,175.6IBIT: 448.5FBTC: 324.3BITB: 77.2ARKB: 268.7BTCO: 0EZBC: 0BRRR: 0HODL: 15.2BTCW: 0GBTC: -40.2BTC: 81.9For all the data & disclaimers visit:https://t.co/Wg6Qpn0Pqw
Based on my
technical analysis, Bitcoin has finally broken out decisively from the
consolidation range that had been forming since mid-May, confined between
$100,000 and $112,000. As
I noted in my earlier reports, a move above this resistance zone was
essential for BTC to enter a true price discovery phase, navigating uncharted
territory.
So far, it
has done just that, testing $118,092 as a new ATH on Binance. What’s next? By
nature, price discovery phases are difficult to analyze. In my view, a healthy
move would be a pullback toward $112,000 to test it as a new support level
(following the principle of role reversal), before continuing its upward trend.
However, if market hype kicks in, the rally could accelerate rapidly and push
prices significantly higher.
The RSI
indicates that Bitcoin is currently in overbought territory. That said, if BTC wants to continue its climb, it may well ignore this signal, eBspecially given that the latest analyst forecasts are highly bullish.
You may
also like: Why
Dogecoin Price Is Surging? Breaking News and Price Predictions for July 2025
The Bitcoin
price prediction landscape presents overwhelmingly bullish signals as
the cryptocurrency navigates through its institutional adoption phase.
However,
renowned financial advisor Ric Edelman, who accurately predicted Bitcoin's
institutional breakthrough last year, suggests the cryptocurrency may be
approaching the beginning of its most significant price appreciation cycle. His
analysis indicates Bitcoin has been building institutional foundations, and the
next major move could align with revolutionary portfolio allocation shifts.
Edelman
was a guest of Natalie Brunell’s Coin Stories where he talked about 6 myths
about Bitcoin, price projections and portfolio allocations:
“I’m
actually pretty conservative. A lot of other folks say $1 million by 2030,”
commented Edelman. “Michael Saylor says $5 million. But not too many others
share their math. I do pretty openly. I’ll tell you very quickly and easily how
I get there. If you take a look at the world’s global assets, the total value
of everything, the value of stocks, bonds, real estate, gold, oil, commodities,
you name it, add up the total value of everything, it’s about $800 trillion.”
If all the
current asset holders were to allocate just 1% of their portfolios to Bitcoin,
the resulting capital flow could reach $8 trillion. According to this
reasoning, such a shift in investment would drive Bitcoin’s price to
approximately $500,000, Edelman predicts.
Long-term
price predictions from Edelman and other analysts suggest:
The ongoing
evolution of traditional investment strategies continues to be a
primary driver of Bitcoin price sentiment and market dynamics. Recent
developments indicate financial advisors are actively pursuing unprecedented
crypto allocations that could fundamentally alter Bitcoin's market
capitalization.
Edelman also
released a new research urging financial advisors to allocate 10% to 40%
of client portfolios to cryptocurrency, with Bitcoin representing the largest
component. The advisor emphasized that crypto's maturation from speculative
asset to mainstream investment vehicle supports these dramatic
allocation increases.
These
allocation discussions involve replacing traditional bond holdings with
crypto assets and recognizing Bitcoin's role as a portfolio diversifier.
Financial expert analysis suggests that if advisors obtain the institutional
buy-in they're seeking, massive capital flows could materialize
within months rather than years.
The
traditional 60/40 portfolio model faces fundamental obsolescence due
to increased life expectancy and the need for higher-return assets, with crypto
filling the gap left by underperforming bonds.
Extended
Bitcoin price prediction models present consistently bullish scenarios based
on institutional adoption and global asset allocation trends. Edelman's
mathematical approach suggests Bitcoin could reach minimum prices of $500,000
by 2030 based purely on 1% global portfolio allocation.
More
aggressive projections from industry leaders like Michael
Saylor suggest even higher targets, with some forecasting Bitcoin
reaching $5 million per coin by the end of the decade. These
predictions assume continued growth in institutional adoption and favorable
regulatory environments.
Scenario analysis indicates:
You may
also like: Kiyosaki
Predicts Bitcoin at $1 Million by 2030 as Economic Crisis Looms. How
High Can BTC Price Go?
The Bitcoin
price currently reflects a market in institutional equilibrium, balancing
traditional investment paradigms against revolutionary portfolio allocation
strategies. At almost $118,000, Bitcoin maintains critical psychological
support levels while awaiting catalysts that could drive the next significant
price movement.
Key factors
to monitor include financial advisor adoption timelines, regulatory
developments, and broader institutional investment sentiment. The combination
of reduced volatility and institutional buying suggests a period of strategic
accumulation before the next major trend emerges.
Market
participants should focus on portfolio allocation announcements from
major financial advisory firms and any developments in crypto-friendly
legislation, as these factors will likely determine Bitcoin's medium-term price
trajectory. The cryptocurrency's ability to maintain current support levels
while institutional clarity emerges will be crucial for sustained
price appreciation toward Edelman's $500,000 target.

    Share this article
  

      Get all the top financial news delivered straight to your inbox. Stay informed, stay ahead.
    
By subscribing, you agree to our Terms of Use and Privacy Policy. You may unsubscribe at any time.
Follow Us
Looking for a Service?
Looking for a Service?

    Finance Magnates is a global B2B provider of multi-asset trading news,
    research and events with special focus on electronic trading, banking, and
    investing. Copyright © 2025 ""Finance Magnates CY Ltd."" All
    rights reserved.For more information, read our

    Terms,  Cookies 
    and
    Privacy Notice
     Manage Cookies
"
127,,,28,"XRP News Today: Bitcoin Hits New All-Time High at $111,980 Amid Tariff Uncertainty Clearance","{'name': 'AInvest', 'icon': 'https://encrypted-tbn0.gstatic.com/faviconV2?url=https://www.ainvest.com&client=NEWS_360&size=96&type=FAVICON&fallback_opts=TYPE,SIZE,URL'}",https://www.ainvest.com/news/xrp-news-today-bitcoin-hits-time-high-111-980-tariff-uncertainty-clearance-2507/,https://cdn.ainvest.com/aigc/hxcmp/images/compress-1af9856e03d38002.png,https://news.google.com/api/attachments/CC8iK0NnNDVZbnAxUWxoelJXZE5VR2htVFJDZkF4ampCU2dLTWdhcFJKU3VIUWs,"07/11/2025, 05:58 PM, +0000 UTC","News/
Articles/
Articles Details
Quickly understand the history and background of various well-known coins
Bitcoin, Ethereum, and XRP have experienced a significant rally, driven by the clearing of tariff uncertainty and the potential for further gains. Bitcoin, the largest cryptocurrency, hit a new all-time high on Wednesday, July 9, retesting the peak at $111,980. Since then, it has entered price discovery, inching closer to the $120,000 level. The next target for Bitcoin is the 127.20% Fibonacci retracement level of the rally from the April low of $74,508 to the July all-time high of $118,869, which is $130,935. Currently, Bitcoin is trading 11% away from this target.
A key momentum indicator, the MACD, shows green histogram bars above the neutral line, indicating underlying positive momentum in Bitcoin’s price trend. The RSI suggests that BTC is currently overvalued, and traders should watch this indicator closely for a potential trend reversal. If the RSI slips back under 70, it could generate a sell signal.
Ethereum and XRP are also rallying alongside Bitcoin. Ethereum kicked off a bull run in response to Bitcoin’s break above the May 22 peak of $111,980, rallying past the psychologically important resistance at $3,000 on Friday. XRP climbed to a peak of $2.70 on July 11, the highest level for the altcoin in nearly four months. Both Ethereum and XRP enjoy a relatively high correlation with BTC, catalyzing gains in Ether and XRP alongside Bitcoin.
Ethereum’s next target is the $3,500 level, above the resistance at $3,478, the 23.6% Fibonacci retracement of the drop from the December 2024 peak of $4,122 to the April low of $1,391. Ether is currently 17% under its $3,500 target, and consistent demand from institutional traders could drive the altcoin higher. XRP is trading above key resistance at $2.70, at $2.77 at the time of writing. The native token of the XRP Ledger could continue its upward momentum, as the momentum indicators on the daily timeframe are bullish. Rallying consecutively for six days, XRP has yielded over 20% gains for holders.
The network realized profit/loss metric helps track whether traders are taking profits. Bitcoin traders are consistently taking more profits on their holdings as BTC rallies higher. Ether recorded a large spike in profit-taking, and XRP traders are taking profits at a slower pace compared to June 2025. Bitcoin has recorded a decrease in the number of holders, while Ethereum and XRP have noted an increase in 2025. The decrease in Bitcoin’s holders corresponds to the increase in price, meaning traders are likely redistributing their holdings, while large wallet holders and institutions are accumulating further.
Bitcoin’s retail traders holding less than 1 BTC have shed their holdings, while traders with 10 to 100 and 100 to 1,000 BTC have increased their exposure. BTC whales are scooping up more Bitcoin, while small wallet investors and retail traders distribute their holdings.
Trump administration officials had initially suggested that the U.S. would strike several deals with trade partners by Wednesday, July 9. However, instead of announcements, the President set new rates for different countries while delaying the imposition of tariffs until August 1, the next key date for crypto traders to watch. Japan, South Korea, and several other nations face at least 25% tariffs starting from August; Brazil faces 50% tariffs, among others. The country has warned of reciprocal tariffs, with no further measures for now. The U.S. is imposing 35% tariffs on Canada, starting August 1. Southeast Asian countries face between 30% and 40% tariffs. Stock markets responded positively to the news and the Trump effect pushed Bitcoin to a new peak.
Petr Kozyakov, co-founder and CEO at Mercuryo, noted that Bitcoin has surged past $118,000 to a new all-time high amid sustained institutional demand for the biggest cryptocurrency, which has been such a driving force in this current market cycle. While altcoins are also in the green with Ethereum spiking past the $3,000 mark, the underlying ‘orange pill’ narrative remains steadfastly in place. Bitcoin’s growing status as a store of value is one that more and more big players and institutions are simply unable to ignore. This is evidenced by sustained inflows into spot bitcoin ETFs this week.
Nick Jones, founder and CEO of Zumo, added that with Bitcoin setting a fresh record high, the market is booming. The rise is underpinned by increasing institutional adoption and resurgent retail demand, reflecting confidence that crypto has arrived in the mainstream and is now reshaping finance.
﻿
No comments yet
"
128,,,29,10 AI Chatbots Predict Bitcoin's Year-End Price — One Eyes a $225K Finish,"{'name': 'Bitcoin.com News', 'icon': 'https://encrypted-tbn2.gstatic.com/faviconV2?url=https://news.bitcoin.com&client=NEWS_360&size=96&type=FAVICON&fallback_opts=TYPE,SIZE,URL', 'authors': ['Jamie Redman']}",https://news.bitcoin.com/10-ai-chatbots-predict-bitcoins-year-end-price-one-eyes-a-225k-finish/,https://static.news.bitcoin.com/wp-content/uploads/2025/07/one.png,https://news.google.com/api/attachments/CC8iL0NnNDRSVU56TFdWM056UklXbEk1VFJDZkF4ampCU2dLTWdtZFE1QXFvbWhjandF,"07/11/2025, 06:31 PM, +0000 UTC",10 AI Chatbots Predict Bitcoin's Year-End Price — One Eyes a $225K Finish
129,,,30,"BTC Price at Record Leaves Crypto Stocks Mixed as MSTR, GLXY Gain, COIN Falls","{'name': 'CoinDesk', 'icon': 'https://encrypted-tbn0.gstatic.com/faviconV2?url=https://www.coindesk.com&client=NEWS_360&size=96&type=FAVICON&fallback_opts=TYPE,SIZE,URL', 'authors': ['James Van Straten']}",https://www.coindesk.com/markets/2025/07/11/bitcoin-surge-lifts-crypto-stocks-in-us-europe,https://www.coindesk.com/_next/image?url=https%3A%2F%2Fcdn.sanity.io%2Fimages%2Fs3y3vcno%2Fproduction%2F48a6143d6c17b7ac62718798516eb7294714bbab-2400x1600.jpg%3Fauto%3Dformat&w=3840&q=75,https://news.google.com/api/attachments/CC8iK0NnNXlSMlZoZUdJd04yRnZkbWRGVFJDM0FSaVRBaWdCTWdhUnBJZ3FPZ1k,"07/11/2025, 03:33 PM, +0000 UTC","Bitcoin's {{BTC}} climb to a record left crypto stocks with mixed reactions as some companies closely tied to the industry advanced while others fell.
The largest cryptocurrency by market capitalization rose more than 4% on Thursday, closing in on $118,000. It was recently trading at $117,700, up 5.78% over 24 hours.
Strategy (MSTR), the holder of the biggest BTC stash among publicly traded companies, rallied 3.2%, and Galaxy Digital (GLXY), which provides institutional services in crypto trading, added 4%.  In Japan, Metplanet (3350), which is mimicking Strategy's strategy of buying bitcoin for its treasury, rose 2.9% and The Blockchain Group (ALTBG), which is doing the same, rose 9.3% in Paris.
Bitcoin miners also rallied, with MARA Holdings (MARA) adding 3.2% and Hive Digital (HIVE) 2.1%. Riot Platforms (RIOT) gained 1.5%. A higher bitcoin price means the BTC they produce is becomes valuable.
Even so, some miners declined. Cipher Mining (CIFR) fell 2.5% and Bit Digital (BTBT) dropped 1%. 
They weren't alone. Crypto exchange Coinbase (COIN) lost1.6% and Circle Internet (CRCL), the issuer of the USDC stablecoin, slid 7%. It's worth noting that Circle, at $204.8 a share, is still trading at more than six times its IPO price of just $31 a month ago.
Cantor Equity Partners (CEP), which is in the process of becoming a listed bitcoin investment company called Twenty One Capital, is up 8.2% after finishing Thursday’s session 9% higher. 
UPDATE (July 11, 15:26 UTC): Updates prices throughout, rewrites first paragraph appropriately.
James Van Straten is a Senior Analyst at CoinDesk, specializing in Bitcoin and its interplay with the macroeconomic environment. Previously, James worked as a Research Analyst at Saidler & Co., a Swiss hedge fund, where he developed expertise in on-chain analytics. His work focuses on monitoring flows to analyze Bitcoin's role within the broader financial system.
In addition to his professional endeavors, James serves as an advisor to Coinsilium, a UK publicly traded company, where he provides guidance on their Bitcoin treasury strategy. He also holds investments in Bitcoin and Strategy (MSTR). 
About
Contact
"
130,,,31,"Bitcoin (BTC) Price Prediction: Bitcoin Surges to New All-Time High, Bitwise CIO Targets $200K by 2025","{'name': 'Brave New Coin', 'icon': 'https://encrypted-tbn0.gstatic.com/faviconV2?url=https://bravenewcoin.com&client=NEWS_360&size=96&type=FAVICON&fallback_opts=TYPE,SIZE,URL', 'authors': ['Syed Ishtiaque Ahmed']}",https://bravenewcoin.com/insights/bitcoin-btc-price-prediction-bitcoin-surges-to-new-all-time-high-bitwise-cio-targets-200k-by-2025,https://bravenewcoin.com/wp-content/uploads/2025/07/Bnc-Jul-11-52.jpg,https://news.google.com/api/attachments/CC8iK0NnNVliVXh1VG5GTFJHOVpMVGRYVFJDZ0F4amhCU2dLTWdZSlVJYUZxZ2M,"07/11/2025, 04:00 PM, +0000 UTC","Bitcoin price today continued its explosive rally, soaring past $118,000 and setting a new all-time high amid intensifying institutional demand, bullish technicals, and increasing ETF inflows.
As the crypto market braces for its next leg up, Bitwise CIO Matt Hougan forecasts that Bitcoin could reach $200K by the end of 2025, citing fundamental and on-chain strength.
Bitcoin’s rally shows no signs of slowing down. On July 11, 2025, Bitcoin hit a new all-time high of $118,403, marking a 4.85% surge in 24 hours and continuing a strong monthly uptrend of over 6.5%. At press time, the Bitcoin price today remains near $118K, with a market capitalization exceeding $2.31 trillion and 24-hour trading volume skyrocketing to $101.86 billion.
The breakout was not isolated. Ethereum and other major cryptocurrencies followed suit, confirming a broader market-wide growth spree. Analysts now point to $120K as the next major resistance level, with some technical targets extending to $130K–$140K if current momentum continues.
From a Bitcoin technical analysis perspective, the asset has broken free from a year-long descending channel, moving firmly into a phase of expansion. Key support levels include the 50-day moving average at $107K and the psychological floor at $100K.

Bitcoin tested resistance at $116,577 and topped near $121,100 before a pullback, but holding above $112,097 keeps the bullish structure intact with potential for further upside after consolidation. Source: DENOLLAFINANCERU on TradingView
Meanwhile, momentum indicators are flashing bullish. The RSI indicator remains below overbought territory, suggesting more room to run. Increased trading volumes—up to more than 66%—confirm that retail and institutional participants alike are fueling this rally.
Also, Bitcoin’s recent consolidation above $115K signals a good price structure with good bids coming in on each pullback. Initial resistance is at $120K, and an uninterrupted breakout over this could be a rapid trip to $122.8K and beyond.
Several key reasons lie behind the latest Bitcoin price breakout. For starters, heightened speculation around the imminent Bitcoin halving in 2025 has driven investors’ expectations. Halvings in the past have reduced BTC miner rewards and trimmed supplies, typically creating a price appreciation.

While Coinbase whales previously led the market, today’s BTC surge to $118,000 was driven by a major whale move on Binance. Source: Umair Crypto via X
Second, Bitcoin whale alert notices have revealed a consistent rise in whale accumulation. More BTC are exiting exchanges and going into cold storage, reducing the circulating supply and increasing scarcity, according to on-chain metrics.
Third, macroeconomic trends—headed by the Federal Reserve’s planned rate cuts—have improved investor appetite for risk assets. Bitcoin, oftentimes referred to as “digital gold,” is once more being considered as an inflation hedge and fiat devaluation bet.
And lastly, institutional trust in Bitcoin ETFs is increasing at a great pace. ETFs have acquired $5.2 billion in Bitcoin over the past 30 days alone, giving us a clear indication of adoption into the mainstream and financial industry interest.
Matt Hougan, Chief Investment Officer at Bitwise, made headlines with his bold Bitcoin price prediction: a move above $200,000 by the end of 2025.

Bitwise CIO Matt Hougan expects Bitcoin to surpass $200,000 by the end of the year. Source: Altcoin Daily via X
According to Hougan, the current rally is structurally different from previous cycles due to “unrelenting demand from regulated ETFs and corporate treasuries.” He noted that breaking past the $100K range has opened a new chapter for Bitcoin’s price discovery.
“Bitcoin is no longer a speculative asset,” Hougan emphasized. “It’s now a cornerstone in institutional portfolios. This trend is just beginning.”
The convergence of low supply, ETF-driven demand, and macroeconomic catalysts supports his thesis that Bitcoin’s long-term outlook remains extremely bullish—even beyond the $200K mark.
With the price of Bitcoin today hovering just below its latest all-time high, market participants and investors are eyeing the $120K breakout level as the next short-term target. Technicals and on-chain data are still positive for further prices, while whale accumulation and ETF inflows drive powerful tailwinds.

Bitcoin (BTC) was trading at around $117,841, up 6.14% in the last 24 hours at press time. Source: Bitcoin Liquid Index (BLX) via Brave New Coin
In the future, the long-term perspective for Bitcoin looks good with institutional faith, macro backing, and the impending halving pushing prices forward. If the momentum is sustained, Bitcoin’s path to $130K or even $200K—predicted by Bitwise CIO—does not look far away.
As usual, market volatility is a consideration, but one thing is certain: Bitcoin is in price discovery mode, and the next few months may redefine what is possible for the world’s top digital asset.
Brave New Coin reaches 500,000+ engaged crypto enthusiasts a month through our website, podcast, newsletters, and YouTube. Get your brand in front of key decision-makers and early adopters. Don’t wait – Secure your spot and drive real impact in Q2. Find out more today!
11 Jul 2025
11 Jul 2025
11 Jul 2025
 Ahmed Ishtiaque|2025-07-12T00:57:25+12:0012 Jul 2025|News|
 Ahmed Ishtiaque|2025-07-11T23:41:52+12:0011 Jul 2025|News|
 Sven Luiv|2025-07-11T23:40:20+12:0011 Jul 2025|News|
 Usman Ali|2025-07-11T23:47:06+12:0011 Jul 2025|News|
 Sven Luiv|2025-07-11T23:25:45+12:0011 Jul 2025|News|
Auckland / Melbourne / London / New York / Tokyo
A Techemy company
PO Box 90497, Victoria St West, Auckland Central, 1010, New Zealand.
© 2025 Brave New Coin. All Rights Reserved.
"
131,,,32,Pi Coin Price Prediction: Crashing Toward All-Time Low – Is PI Going to $0?,"{'name': 'Cryptonews', 'icon': 'https://encrypted-tbn3.gstatic.com/faviconV2?url=https://cryptonews.com&client=NEWS_360&size=96&type=FAVICON&fallback_opts=TYPE,SIZE,URL'}",https://cryptonews.com/news/pi-coin-price-prediction-crashing-toward-all-time-low-is-pi-going-to-0/,https://cimg.co/wp-content/uploads/2025/07/11171650/1752254209-pi-coin-price-prediction.jpg,https://news.google.com/api/attachments/CC8iK0NnNHpZMGxyTkhrNE4wdG9TRGxEVFJDN0F4aTBCU2dLTWdhWkU1QlJOUVk,"07/11/2025, 06:21 PM, +0000 UTC",Pi Coin Price Prediction: Crashing Toward All-Time Low – Is PI Going to $0?
132,,,33,Peter Schiff says sell Bitcoin for silver as BTC smashes new highs,"{'name': 'Cointelegraph', 'icon': 'https://encrypted-tbn1.gstatic.com/faviconV2?url=https://cointelegraph.com&client=NEWS_360&size=96&type=FAVICON&fallback_opts=TYPE,SIZE,URL', 'authors': ['Adrian Zmudzinski']}",https://cointelegraph.com/news/bitcoin-hits-new-high-schiff-silver-call,"https://images.cointelegraph.com/cdn-cgi/image/format=auto,onerror=redirect,quality=90,width=1434/https://s3.cointelegraph.com/uploads/2025-07/0197f8c1-be90-7d47-9400-3cf26b989ab6",https://news.google.com/api/attachments/CC8iK0NnNDBibU5tWjJOMWJsWm5TbWhWVFJERUF4aW5CU2dLTWdZNVU1QlNxUWM,"07/11/2025, 12:23 PM, +0000 UTC",Peter Schiff says sell Bitcoin for silver as BTC smashes new highs
133,,,34,"Bitcoin price hits record high of $112,000","{'name': 'Yahoo', 'icon': 'https://encrypted-tbn1.gstatic.com/faviconV2?url=https://uk.finance.yahoo.com&client=NEWS_360&size=96&type=FAVICON&fallback_opts=TYPE,SIZE,URL', 'authors': ['Brian McGleenon']}",https://uk.finance.yahoo.com/news/bitcoin-price-record-high-latest-102600377.html,https://s.yimg.com/ny/api/res/1.2/KtaYUkh_r4QaNxcVagzx.A--/YXBwaWQ9aGlnaGxhbmRlcjt3PTEyMDA7aD03ODM-/https://s.yimg.com/os/creatr-uploaded-images/2025-05/98777d20-3c60-11f0-bfeb-a37b45ca4ec7,https://news.google.com/api/attachments/CC8iK0NnNXljREJwYmtoWGJraFVhbXh1VFJDMUFSaVdBaWdCTWdZQmNKQ2tOZ1U,"07/10/2025, 10:26 AM, +0000 UTC","Bitcoin price hits record high of $112,000"
134,,,35,What caused bitcoin’s latest price record – and how high could it go?,"{'name': 'The Independent', 'icon': 'https://encrypted-tbn1.gstatic.com/faviconV2?url=https://www.independent.co.uk&client=NEWS_360&size=96&type=FAVICON&fallback_opts=TYPE,SIZE,URL', 'authors': ['Anthony Cuthbertson']}",https://www.independent.co.uk/tech/bitcoin-price-record-explained-crypto-b2786287.html,https://static.independent.co.uk/2025/07/10/8/36/bitcoin-price-record-2025-gold.jpeg?width=1200&height=1200&fit=crop,https://news.google.com/api/attachments/CC8iK0NnNUNRM2w1WnpoMFlYWnBVRU14VFJDcUJCaXFCQ2dLTWdhbFVwQ3NOUVk,"07/11/2025, 08:06 AM, +0000 UTC",What caused bitcoin’s latest price record – and how high could it go?
135,,,36,XRP News Today: Bitcoin Dominance Drops 10% as Altcoins Gain Momentum,"{'name': 'AInvest', 'icon': 'https://encrypted-tbn0.gstatic.com/faviconV2?url=https://www.ainvest.com&client=NEWS_360&size=96&type=FAVICON&fallback_opts=TYPE,SIZE,URL'}",https://www.ainvest.com/news/xrp-news-today-bitcoin-dominance-drops-10-altcoins-gain-momentum-2507/,https://cdn.ainvest.com/aigc/hxcmp/images/compress-1af96c0dc2820002.png,https://news.google.com/api/attachments/CC8iK0NnNWhhVzlQYms1bFlsbGlWRlJ0VFJDZkF4ampCU2dLTWdZbG9veXR1UVU,"07/11/2025, 04:07 PM, +0000 UTC","News/
Articles/
Articles Details
Quickly understand the history and background of various well-known coins
Bitcoin’s price has remained stable despite growing speculation about the end of its market dominance. Analysts are now focusing on Bitcoin’s declining market share, which could indicate that altcoins are poised to take the lead in what might become a full-blown altcoin season. A post on a social media platform highlighted a specific breakdown structure in Bitcoin dominance, linking it to nine factors that suggest the altcoin season has begun.
From a technical perspective, Bitcoin dominance reached a peak of 66% on June 27, 2025, a date considered significant for its esoteric code 434 and its occurrence on a new moon. This peak coincided with the 0.786 Fibonacci retracement level, a region many traders view as a reversal zone. Several warning signals are now flashing for Bitcoin traders. The analyst’s post features price charts emphasizing how Bitcoin dominance might be fading, alongside nine factors. The dominance chart appears increasingly exhausted, with the most recent highest monthly RSI in its history, creating an overbought condition and suggesting a possible crash of the RSI. The MACD has already crossed into bearish territory, and the histogram has turned negative, with the faster line moving below the slower one, indicating an impending downtrend. Additionally, Bitcoin dominance has broken a key diagonal support line that held firm through much of 2024 and 2025, suggesting another possible structural breakdown.
While the technical picture is deteriorating, the fundamentals are also favoring altcoins. The upcoming altcoin spot ETFs could redirect institutional flows from Bitcoin into Ethereum, XRP, and others. ETFs such as the Spot XRP, Dogecoin, and Solana ETFs could rapidly increase inflows into the rest of the crypto market, similar to how Spot Bitcoin ETFs caused massive inflows into Bitcoin. The likelihood of upcoming U.S. Federal Reserve rate cuts could also tilt market conditions in favor of altcoins over Bitcoin. Momentum has begun to shift in some trading pairs, particularly XRP/BTC and ETH/BTC, both of which are showing reversal signs from critical levels. The XRP/BTC chart displays repeated failed attempts to break above 0.0000215 BTC, a horizontal resistance that has now been tested five times on the daily candlestick timeframe chart. At the time of writing, the XRP/BTC pair has returned to this level yet again, and based on this pattern, any clean breakout here could confirm a decisive rotation into XRP. Ethereum has begun to recover from long-term oversold conditions when measured against Bitcoin. The rounded bottom pattern forming on the ETH/BTC weekly chart shows a reversal from undervaluation, which in past cycles has caused substantial gains for Ethereum relative to BTC.
﻿
No comments yet
"
136,,,38,"Bitcoin rises to fresh record above $112,000, helped by Nvidia-led tech rally","{'name': 'CNBC', 'icon': 'https://encrypted-tbn0.gstatic.com/faviconV2?url=https://www.cnbc.com&client=NEWS_360&size=96&type=FAVICON&fallback_opts=TYPE,SIZE,URL', 'authors': ['Tanaya Macheel']}",https://www.cnbc.com/2025/07/09/crypto-market-today.html,https://image.cnbcfm.com/api/v1/image/107406350-1714055535492-gettyimages-2149546217-20090101240425-99-807564.jpeg?v=1752126827&w=1600&h=900,https://news.google.com/api/attachments/CC8iK0NnNDFiRnBwWjI5U2VFUklRVTR4VFJDZkF4ampCU2dLTWdZdGNJaXZSUU0,"07/09/2025, 08:46 PM, +0000 UTC","Bitcoin rises to fresh record above $112,000, helped by Nvidia-led tech rally"
137,,,39,Bitcoin Reclaims Fifth Spot Among Global Assets Surpassing Amazon With 6.76% Gain,"{'name': 'AInvest', 'icon': 'https://encrypted-tbn0.gstatic.com/faviconV2?url=https://www.ainvest.com&client=NEWS_360&size=96&type=FAVICON&fallback_opts=TYPE,SIZE,URL'}",https://www.ainvest.com/news/bitcoin-reclaims-spot-global-assets-surpassing-amazon-6-76-gain-2507/,https://www.ainvest.com/wencai-ssr/og-image-news-20240226.png,https://news.google.com/api/attachments/CC8iK0NnNXBRVWxTVFZCQk1IRlpYMEpwVFJDUkF4ajhCU2dLTWdhVlFaQUlvUWs,"07/11/2025, 06:58 PM, +0000 UTC","News/
Articles/
Articles Details
Quickly understand the history and background of various well-known coins
Bitcoin has made a significant leap, reclaiming its fifth position among the world’s largest assets by market capitalization, surpassing Amazon. This achievement underscores the growing influence and momentum of the world’s premier cryptocurrency. Bitcoin is currently trading at an impressive $118,671, reflecting a robust 6.76% increase over the past 24 hours, and boasting a colossal market cap of $2.36 trillion. This resurgence prompts a deeper look into the factors driving such a meteoric rise and its implications for the future of finance.
The journey of Bitcoin to reclaim its spot among top global assets is a testament to a confluence of factors, each playing a crucial role in its recent trajectory. This isn’t a singular event but rather the culmination of sustained interest, evolving regulatory landscapes, and increasing institutional adoption. The approval and subsequent launch of spot Bitcoin Exchange-Traded Funds (ETFs) in the United States have been a game-changer. These investment vehicles provide traditional investors with an accessible and regulated pathway to gain exposure to Bitcoin without directly holding the asset. The consistent inflows into these ETFs have provided a significant demand shock, absorbing large amounts of BTC from the market. The anticipation surrounding Bitcoin’s quadrennial halving event, which reduces the supply of new Bitcoin entering the market, continues to build a strong narrative around scarcity. This programmed supply shock historically precedes bull runs, and investors are positioning themselves to capitalize on the expected price appreciation. Lingering inflation concerns and a search for alternative store-of-value assets have pushed investors towards Bitcoin. In an era of quantitative easing and depreciating fiat currencies, Bitcoin’s fixed supply cap of 21 million coins makes it an attractive hedge against economic uncertainties. Beyond ETFs, major financial institutions, corporations, and even sovereign wealth funds are increasingly allocating portions of their portfolios to Bitcoin. This institutional validation lends credibility and stability to the asset class, moving it further into the mainstream. This remarkable climb in global assets highlights Bitcoin’s growing maturity and its undeniable presence on the world stage, challenging traditional financial paradigms.
To truly grasp the magnitude of Bitcoin’s achievement, it’s essential to put its market cap into perspective against other leading global assets. Surpassing Amazon, a tech behemoth with diverse revenue streams and a long-standing presence in global commerce, is no small feat. This comparison isn’t just about market value; it’s about the fundamental nature of these assets. While Amazon represents a centralized, innovative company driven by consumer demand and technological advancements, Bitcoin is a decentralized, peer-to-peer digital currency, a protocol, and a network. Its value is derived from its network effect, security, scarcity, and utility as a censorship-resistant medium of exchange and store of value. The fact that an intangible, decentralized digital asset can command such a significant valuation, surpassing established corporate giants, speaks volumes about the ongoing financial revolution. It signals a growing recognition of Bitcoin as a legitimate, powerful, and potentially transformative asset class.
The recent surge in BTC price to over $118,000, coupled with its $2.36 trillion market cap, reflects robust investor confidence and strong buying pressure. This isn’t just speculative fervor; it’s backed by fundamental shifts in market dynamics. The demand side, particularly from institutional vehicles like ETFs, has been consistently strong. On the supply side, the upcoming halving further constrains the flow of new Bitcoin, creating an imbalance that naturally pushes prices higher. Furthermore, on-chain metrics reveal a healthy market. Long-term holders continue to accumulate, indicating a belief in Bitcoin’s future appreciation rather than short-term profit-taking. Exchange reserves of Bitcoin are decreasing, suggesting that fewer BTC are available for immediate sale, which further supports price appreciation. The volume across major exchanges also remains high, indicating active participation from both retail and institutional investors. This period of significant price discovery is characterized by increased liquidity, positive sentiment, and network effect reinforcement. The current BTC price action is a clear indicator that the market is repricing Bitcoin, acknowledging its growing importance in the global financial ecosystem.
Bitcoin’s journey to the top five is emblematic of the broader phenomenon of cryptocurrency growth. While Bitcoin leads the charge, the entire digital asset ecosystem is expanding at an unprecedented pace. We are witnessing innovation across various sectors, from decentralized finance (DeFi) to non-fungible tokens (NFTs), and the emergence of new blockchain technologies. This growth is fueled by technological advancements, regulatory clarity, global accessibility, and the development of Web3 and the metaverse. The sustained momentum in cryptocurrency growth suggests that digital assets are not just a passing fad but a foundational element of the future economy. Bitcoin, as the flagship cryptocurrency, often sets the tone for the entire market, and its current success is a beacon for the industry as a whole.
The narrative of Bitcoin as digital gold has gained significant traction, especially in light of its recent performance and its position among top global assets. Just as gold has served as a traditional store of value for millennia, Bitcoin is increasingly viewed as a modern-day equivalent, offering unique advantages in the digital age. Bitcoin’s digital nature offers unparalleled portability, divisibility, and resistance to censorship. In an increasingly digital and interconnected world, these attributes make Bitcoin a compelling alternative for preserving wealth. Its recent climb in market cap reinforces the idea that institutional and retail investors alike are beginning to embrace Bitcoin not just as a speculative asset, but as a legitimate, long-term store of value, solidifying its role as digital gold for the 21st century.
While the recent milestones are undoubtedly impressive, it’s crucial to acknowledge the inherent volatility and potential challenges that lie ahead for Bitcoin. The cryptocurrency market is known for its dramatic price swings, and while the long-term trend has been upward, short-term corrections are always a possibility. Regulatory uncertainty, though improving, remains a factor, as different countries adopt varying stances on digital assets. Furthermore, competition from other cryptocurrencies and evolving technological landscapes could also present challenges. However, the future outlook for Bitcoin remains overwhelmingly positive. Its fundamental properties – decentralization, scarcity, and a robust network – continue to strengthen. As global economies grapple with inflation and geopolitical instability, Bitcoin’s appeal as a neutral, borderless asset is likely to grow. Continued institutional adoption, further innovation in the blockchain space, and increasing mainstream understanding will likely propel Bitcoin to even greater heights, potentially challenging even larger global assets in the years to come.
For those looking to navigate the exciting world of Bitcoin and cryptocurrencies, here are some actionable insights: Do Your Own Research (DYOR): Never invest based on hype alone. Understand Bitcoin’s technology, its value proposition, and the risks involved. Consider Dollar-Cost Averaging (DCA): Instead of trying to time the market, invest a fixed amount regularly. This strategy helps mitigate volatility and build a position over time. Long-Term Perspective: Bitcoin’s history is marked by significant volatility. A long-term investment horizon often yields the best results, allowing you to ride out short-term fluctuations. Diversify Your Portfolio: While Bitcoin is powerful, it’s wise to diversify across different asset classes and even within the crypto space to manage risk. Secure Your Assets: If you hold Bitcoin directly, use secure wallets (hardware wallets are highly recommended) and practice strong security habits.
Bitcoin’s reclamation of the fifth spot among global assets is far more than a fleeting market cap milestone; it’s a profound declaration of its enduring power and its burgeoning role in the future of finance. This achievement solidifies its position not just as a speculative asset, but as a legitimate, transformative force that is reshaping how we perceive value, ownership, and financial freedom. As cryptocurrency growth continues to accelerate, Bitcoin stands as a beacon of innovation, a testament to the power of decentralization, and an increasingly vital component of a diversified investment portfolio. Its journey from an obscure digital experiment to a trillion-dollar asset, challenging the dominance of traditional giants, is a compelling narrative that continues to unfold, promising an exciting and potentially revolutionary future for global finance.
﻿
No comments yet
"
138,,,40,Bitcoin Price Watch: Bulls Target $120K Amid Strong Technical Breakout,"{'name': 'Bitcoin.com News', 'icon': 'https://encrypted-tbn2.gstatic.com/faviconV2?url=https://news.bitcoin.com&client=NEWS_360&size=96&type=FAVICON&fallback_opts=TYPE,SIZE,URL', 'authors': ['Jamie Redman']}",https://news.bitcoin.com/bitcoin-price-watch-bulls-target-120k-amid-strong-technical-breakout/,https://static.news.bitcoin.com/wp-content/uploads/2025/07/up.png,https://news.google.com/api/attachments/CC8iK0NnNVlkVFJXT0RSVk0yZFZPVTlhVFJDZkF4ampCU2dLTWdhbFpaVHRxUWM,"07/11/2025, 11:52 AM, +0000 UTC",Bitcoin Price Watch: Bulls Target $120K Amid Strong Technical Breakout
139,,,41,Bitcoin Breakout Leaves Short Sellers in Tatters,"{'name': 'Bitcoin.com News', 'icon': 'https://encrypted-tbn2.gstatic.com/faviconV2?url=https://news.bitcoin.com&client=NEWS_360&size=96&type=FAVICON&fallback_opts=TYPE,SIZE,URL', 'authors': ['Frederick Munawa']}",https://news.bitcoin.com/bitcoin-breakout-leaves-short-sellers-in-tatters/,,,"07/11/2025, 12:20 PM, +0000 UTC",Bitcoin Breakout Leaves Short Sellers in Tatters
140,,,42,"Bitcoin Surges 2% to $118,023 as Breakout-Retest Pattern Holds","{'name': 'AInvest', 'icon': 'https://encrypted-tbn0.gstatic.com/faviconV2?url=https://www.ainvest.com&client=NEWS_360&size=96&type=FAVICON&fallback_opts=TYPE,SIZE,URL'}",https://www.ainvest.com/news/bitcoin-surges-2-118-023-breakout-retest-pattern-holds-2507/,https://cdn.ainvest.com/aigc/hxcmp/images/compress-1af9673df5538002.png,https://news.google.com/api/attachments/CC8iK0NnNXRlUzB0UTNOaVZYaGxUVzVGVFJDZkF4ampCU2dLTWdhcGxJek5OUVk,"07/11/2025, 03:46 PM, +0000 UTC","News/
Articles/
Articles Details
Quickly understand the history and background of various well-known coins
Analyst Rekt Capital has identified a recurring pattern that is driving Bitcoin’s bull run. This pattern, known as the ""breakout-retest"" cycle, involves Bitcoin breaking through a major resistance level, consolidating, and then retesting that level as support before continuing its upward trend. This cycle has been consistent throughout the current bull run, suggesting that Bitcoin’s price could continue to rise.
The current price action of Bitcoin fits this historical pattern perfectly. As of early July 2025, Bitcoin has broken past the $116,000 mark and is holding steady around $118,023. This places BTC firmly above a previous consolidation range between $90,000 and $118,000. An earlier structure from July 5 shows Bitcoin consolidating around $108,017 after breaking out from the range between $85,000 and $108,000. The current price stability above these former resistance levels suggests that the asset is simply undergoing another post-breakout consolidation phase, similar to past cycles.
This pattern has been particularly evident following the Bitcoin halving event in April 2024, which has historically kicked off a bullish shift in market momentum. The pattern is visually marked with circles across the timeline on Rekt Capital’s chart, showing a clear consistency in Bitcoin’s price behavior after each major breakout. As long as this historical “breakout-retest” pattern remains intact, the analysis points to a continuation of the price discovery phase, with technical chart formations like the “golden cross” suggesting a possible next target beyond $120,000.
The surge in institutional investment in Bitcoin is another factor contributing to its price rally. This influx of capital from large investors signals strong demand, which could sustain Bitcoin's price increase. If institutional investors continue to support the market, the rally could persist, according to analysts. The broader market rally is also evident in other cryptocurrencies, such as Ethereum, which has seen a significant increase over the past day. This indicates that the market sentiment is positive, and investors are optimistic about the future of cryptocurrencies.
However, it is important to note that the cryptocurrency market is highly volatile, and prices can fluctuate rapidly. The differing opinions among analysts and the volatility of the cryptocurrency market highlight the need for caution and careful analysis. While the ""breakout-retest"" pattern provides a simple explanation for Bitcoin's bull run, the market's unpredictability means that investors should approach with prudence.
﻿
No comments yet
"
141,,,43,Bitcoin Soars To Record High Above $116K,"{'name': 'Forbes', 'icon': 'https://encrypted-tbn2.gstatic.com/faviconV2?url=https://www.forbes.com&client=NEWS_360&size=96&type=FAVICON&fallback_opts=TYPE,SIZE,URL', 'authors': ['Ty Roush']}",https://www.forbes.com/sites/tylerroush/2025/07/10/bitcoin-hits-record-high-ahead-of-crypto-week/,"https://imageio.forbes.com/specials-images/imageserve/68704f5a7004fa6cd4662b30/SEC-Validates-Listing-Of-Bitcoin-Investment-Fund/0x0.jpg?crop=3285,1850,x0,y257,safe&height=400&width=711&fit=bounds",https://news.google.com/api/attachments/CC8iK0NnNU9Za0l5VjNKUE9GOXlSVkExVFJDUUF4akdCU2dLTWdhWmxJaHB0Z1U,"07/10/2025, 11:41 PM, +0000 UTC","ByTy Roush

ByTy Roush,
 Forbes Staff. 
Bitcoin rallied Thursday to a new all-time high above $116,000, the latest milestone for the cryptocurrency in recent months as House Republicans appeared to stoke regulatory optimism among crypto investors. 
House Republicans called the upcoming “Crypto Week” a step to make the U.S. the “crypto capital of ... More the world.”
The price of bitcoin increased by more than 4% on the day to just under $116,000 as of around 7:35 p.m. EDT, after briefly setting a new record high of $116,626 earlier in the evening.
Thursday’s record-setting performance for bitcoin marks the first record for the cryptocurrency since May 22, when the price of bitcoin increased to a then-record high just below $113,000 before fluctuating lower over the following month.
Other cryptocurrencies have surged over the last 24 hours, including ethereum (up 7%), XRP (5.3%), Solana (4.3%) and the meme token dogecoin (6.2%).
The GOP-led House Committee on Financial Services announced earlier this month the week beginning July 14 would be “Crypto Week,” during which the House would consider crypto-friendly legislation like the GENIUS Act, among others, in moves the committee said would help make the U.S. the “crypto capital of the world.”
Bitcoin’s rise also comes amid more major crypto investments, including from GameStop, which purchased a batch of bitcoin worth about $513 million in May, and Trump Media and Technology Group, which said it would raise $2.5 billion to build a corporate bitcoin reserve.
The GENIUS Act, introduced in February by Sen. Bill Hagerty, R-Tenn., would set the first federal regulations for stablecoin issuers. A stablecoin is a cryptocurrency pegged to a more stable asset, like the U.S. dollar, in an aim to be less volatile than other cryptocurrencies. Because of this, some analysts have argued the GENIUS Act would make stablecoins—a $238 billion market, according to CoinDesk—more trustworthy among new investors. The bill was approved by the Senate in a 66-32 vote in May, with 16 Democrats and two Republicans voting against it. New limits would require companies issuing stablecoins to hold a reserve of assets to back the cryptocurrency, a provision some legislators disputed would protect consumers. The GENIUS Act also requires stablecoin issuers to prioritize coin holders for repayment or reimbursement if the companies go bankrupt.
About $160 billion. That’s how much was added to the global crypto market’s aggregate market value over the last 24 hours, increasing from $3.53 trillion to $3.69 trillion, according to CoinGecko.
Bitcoin has traded over $100,000 in recent months as investors appear to sustain optimism for pro-crypto policies under President Donald Trump. The latest rise for bitcoin comes as both the Nasdaq and S&P 500 set new closing records, and as Nvidia became the first company valued at $4 trillion. House Republicans have echoed Trump’s call during his presidential campaign for the U.S. to become the “crypto capital of the planet,” and his election victory sent bitcoin above $100,000 for the first time within a month of Election Day. Growth slowed in the months after Trump’s inauguration before he announced the U.S. would establish a digital asset stockpile.
"
142,,,44,Bitcoin hits a new record high: Here's who's buying,"{'name': 'Yahoo Finance', 'icon': 'https://encrypted-tbn1.gstatic.com/faviconV2?url=https://finance.yahoo.com&client=NEWS_360&size=96&type=FAVICON&fallback_opts=TYPE,SIZE,URL', 'authors': ['Josh Lipton']}",https://finance.yahoo.com/video/bitcoin-hits-record-high-heres-213003110.html,https://s.yimg.com/uu/api/res/1.2/Iki6t0i4XjXd37KO4tUzUg--~B/aD00NjQ4O3c9ODI1NjthcHBpZD15dGFjaHlvbg--/https://s.yimg.com/os/creatr-uploaded-images/2025-07/cba196a0-5dd4-11f0-9d3e-121ff62bb9b2,https://news.google.com/api/attachments/CC8iK0NnNXlkM0ZaZEUweWFFVjJXSEEyVFJDZkF4amlCU2dLTWdZcDFZYk54UU0,"07/10/2025, 09:30 PM, +0000 UTC",Bitcoin hits a new record high: Here's who's buying
143,,,45,Why Bitcoin Soared to New All-Time Highs Today,"{'name': 'MSN', 'icon': 'https://encrypted-tbn2.gstatic.com/faviconV2?url=https://www.msn.com&client=NEWS_360&size=96&type=FAVICON&fallback_opts=TYPE,SIZE,URL', 'authors': ['Anders Bylund']}",https://www.msn.com/en-us/money/savingandinvesting/why-bitcoin-soared-to-new-all-time-highs-today/ar-AA1IqPlI?ocid=finance-verthp-feeds,https://img-s-msn-com.akamaized.net/tenant/amp/entityid/AA1IqW3t.img?w=700&h=427&m=6,https://news.google.com/api/attachments/CC8iK0NnNUZPSFpwU25sSll6QjBPRUZNVFJDckF4aThCU2dLTWdhbE5JcXVvUWM,"07/11/2025, 05:41 PM, +0000 UTC",Why Bitcoin Soared to New All-Time Highs Today
144,,,46,"The BTC Price Rally Reflects Dollar Weakness, Bitcoin's Still Below Peaks vs. Gold, Pound","{'name': 'CoinDesk', 'icon': 'https://encrypted-tbn0.gstatic.com/faviconV2?url=https://www.coindesk.com&client=NEWS_360&size=96&type=FAVICON&fallback_opts=TYPE,SIZE,URL', 'authors': ['James Van Straten']}",https://www.coindesk.com/markets/2025/07/11/bitcoins-rally-reflects-dollar-weakness-other-assets-highlight-the-barriers-ahead,https://www.coindesk.com/_next/image?url=https%3A%2F%2Fcdn.sanity.io%2Fimages%2Fs3y3vcno%2Fproduction%2F9dae1576859700f1260d421d88aa6a498ff09165-1651x947.png%3Fauto%3Dformat&w=3840&q=75,https://news.google.com/api/attachments/CC8iJ0NnNURibGRwY1hCVmVEbGxSRXBFVFJDakF4amJCU2dLTWdPQmNSSQ,"07/11/2025, 08:38 AM, +0000 UTC","Bitcoin BTC$117,938.56 reached an all-time high on Thursday, and is now in price discovery above $117,000, but the largest cryptocurrency by market cap remains below earlier records set against gold, benchmark equity indexes and the British pound.
That's because much of the recent rally reflects the weakness of the dollar rather than any broad catalyst for crypto. The DXY index, a measure of the U.S. currency against a basket of trading partners, has fallen from 110 at the start of the year to below 98. Levels below 100 typically signal dollar weakness, which is generally supportive for risk assets. 
For bitcoin to demonstrate true independent strength, it must outperform other assets too, and that's not currently happening.
One BTC currently equals just over 35 ounces of gold, for example, whereas the all-time high was around 40 ounces in December 2024. Similarly, bitcoin is trading at 87,000 pounds ($117,800), while the all-time high stands at 90,000 pounds. As for stocks, the ratio of bitcoin to the S&P 500 and Nasdaq 100 also remains below historical peaks.
These levels represent long-term resistance zones. Once bitcoin decisively breaks through them, then true price discovery can begin. Without looking at bitcoin in relation to major assets other than the dollar, it's hard to assess how it is really performing.

James Van Straten is a Senior Analyst at CoinDesk, specializing in Bitcoin and its interplay with the macroeconomic environment. Previously, James worked as a Research Analyst at Saidler & Co., a Swiss hedge fund, where he developed expertise in on-chain analytics. His work focuses on monitoring flows to analyze Bitcoin's role within the broader financial system.
In addition to his professional endeavors, James serves as an advisor to Coinsilium, a UK publicly traded company, where he provides guidance on their Bitcoin treasury strategy. He also holds investments in Bitcoin and Strategy (MSTR). 
About
Contact
"
145,,,47,"Bitcoin surges 6.5% to $118,500, driving OKX yield to 53%","{'name': 'AInvest', 'icon': 'https://encrypted-tbn0.gstatic.com/faviconV2?url=https://www.ainvest.com&client=NEWS_360&size=96&type=FAVICON&fallback_opts=TYPE,SIZE,URL'}",https://www.ainvest.com/news/bitcoin-surges-6-5-118-500-driving-okx-yield-53-2507/,https://cdn.ainvest.com/aigc/hxcmp/images/compress-1af944add7c20001.png,https://news.google.com/api/attachments/CC8iK0NnNDVWekJ1ZEdwRlMyWkpiV1ZYVFJDZkF4ampCU2dLTWdZSmtveXR1UVU,"07/11/2025, 01:16 PM, +0000 UTC","News/
Articles/
Articles Details
Quickly understand the history and background of various well-known coins
Bitcoin's price has surged to near its all-time high, with the cryptocurrency trading at $118,500, marking an intraday increase of 6.5%. This volatility has led to significant changes in the market, with interest rates on OKX’s USDT “Simple Earn” flexible savings product spiking from 5% to 53% during midday Asian trading hours on Friday. This surge is one of the highest short-term price hikes for the yield-bearing product in recent months, historically coinciding with Bitcoin’s price rallies.
On November 10, 2024, the savings product reached a 44% rate when Bitcoin opened at $76,677, and the coin went on to reach $90,000 in just days. Now, with Bitcoin trading at $118,500, investors seem uncertain about taking profits over the possibility of a continued market run. The Crypto Fear & Greed Index is at 67, indicating a state of excessive buying in the market.
When Bitcoin reached $113,000 during the US market trading close, Bitcoin transfers from miners to exchanges rose to 3,900 coins, the first uptick seen since May 23. Miners typically hold onto their coins unless prices go up to a level that justifies selling, mainly to cover the cost of mining operations. They could also be seeking to realize profits before the end of the “US crypto week,” when many expect price corrections to take place.
CryptoQuant’s UTXO data reveals that only 15% of the market consists of holders who bought Bitcoin in the past month, down from 30% during previous price highs. This decrease indicates that the current uptrend is under the control of existing holders rather than by fresh capital inflows. The Bitcoin Spent Output Profit Ratio (SOPR) for short-term holders shows that recent buyers are not selling, and are instead helping keep downward pressure on prices low.
Data from Santiment reveals that since June, balances have dropped by 21% to 315,830 BTC. The trend is more profound when looking at the past five years, during which 1.88 million Bitcoins, or 61% of exchange-held coins, have moved into self-custody wallets. Long-term holders are comfortable placing their assets outside of exchanges to reduce the chances of any large-scale sell-offs.
On the derivatives market front, open interest (OI) has gone up to $41.177 billion, a 5.67% increase. Higher OI means there’s more liquidity and attention in the futures market, and goes hand-in-hand with increased volatility. Late Thursday, Glassnode shared a chart on X that showed a $4.4 billion jump in Bitcoin’s realized cap, a metric that tracks the value of coins based on their last move, after the price crossed $113,000. Unlike market cap, Realized Cap reflects actual capital inflows – only rising when coins move at higher prices. The $4.4B jump as $BTC broke a new ATH above $112K confirms real conviction behind the move, not just speculative markup.
Bitcoin’s Market Value to Realized Value (MVRV) ratio, a chart comparison of the market cap to realized cap, is at 2.2. Previous market tops in March and December 2024 saw the MVRV ratio exceed 2.7. Looking at the two figures, market watchers believe the coin may still not have reached the peak of the run yet. Market analyst Axel Adler Jr. explained that an inflection point for selling takes place when MVRV reaches 2.75, a level that will see Bitcoin clock $130,900, about 17% above its $108,000 all-time high.
﻿
No comments yet
"
146,,,48,Why Did Bitcoin (BTC) Just Hit a New All Time High?,"{'name': 'Tokenist', 'icon': 'https://encrypted-tbn2.gstatic.com/faviconV2?url=https://tokenist.com&client=NEWS_360&size=96&type=FAVICON&fallback_opts=TYPE,SIZE,URL', 'authors': ['Tim Fries']}",https://tokenist.com/why-did-bitcoin-btc-just-hit-a-new-all-time-high/,https://tokenist.com/wp-content/uploads/2025/07/112824873_m-646x360.jpg,https://news.google.com/api/attachments/CC8iK0NnNWtRa3BuYzNrelRXMHRUMnBxVFJEb0FoaUdCU2dLTWdZUlo1Qm9MZ2M,"07/11/2025, 03:53 PM, +0000 UTC","Bitcoin (BTC) has surged to a record high of $117,713.79, marking a stunning 5.78% gain in a single day and cementing its position as the world’s leading cryptocurrency. This latest milestone comes at a pivotal moment for the digital asset industry, as the United States prepares for what’s being called “Crypto Week” in Washington. The surge reflects growing optimism about regulatory clarity and institutional adoption, with Bitcoin’s market capitalization now exceeding $2.34 trillion. This unprecedented rally has lifted the entire cryptocurrency sector, with major crypto stocks and altcoins experiencing significant gains alongside Bitcoin’s historic achievement.
The cryptocurrency market is experiencing a seismic shift as the United States moves toward a more crypto-friendly regulatory environment. Starting July 14, the House of Representatives will debate three major crypto bills during “Crypto Week” – the Genius Act, the Clarity Act, and the Anti-CBDC Surveillance State Act. This represents a sharp reversal from the previously hostile regulatory environment that once threatened to drive crypto companies offshore. The legislative engagement signals a thawing of the industry’s strained relationship with Washington, creating unprecedented optimism among investors and market participants.
Industry experts are calling this a watershed moment for cryptocurrency adoption in the United States. Jag Kooner, head of derivatives at crypto exchange Bitfinex, noted that “capital that was previously sidelined due to regulatory uncertainty” is expected to re-enter the market. Even if the final passage of these bills stalls, the optics of legislative engagement are proving bullish for the entire sector. This regulatory momentum has created a perfect storm of positive sentiment, driving institutional and retail investors to position themselves ahead of potential policy victories.
The broader implications extend beyond just regulatory clarity, as crypto becomes increasingly embedded in the traditional financial system. Major crypto stocks have rallied alongside Bitcoin, with MicroStrategy rising 2.2% and crypto miners like Riot Platforms, Hut 8, and Mara Holdings gaining between 1.8% and 2.5%. This coordinated movement across crypto-related equities demonstrates the market’s confidence in the sector’s long-term prospects under a more favorable regulatory regime.
Join our Telegram group and never miss a breaking digital asset story.
Bitcoin’s latest surge to $117,713.79 represents a remarkable 5.78% gain in a single trading session, with the cryptocurrency adding $6,427.46 to its value. The digital asset has demonstrated exceptional momentum throughout 2025, gaining nearly 26% year-to-date and an impressive 41% over the past three months. Trading volume has been robust, with over $121 billion in 24-hour volume across 12,253 active markets, indicating strong institutional and retail participation. The cryptocurrency’s 52-week range now spans from $49,121.24 to $118,780.89, showcasing the dramatic price appreciation over the past year.
Market analysts are drawing comparisons between Bitcoin and traditional safe-haven assets, with some positioning the cryptocurrency as “digital gold.” However, experts like Dirk Willer from Citi caution that this moniker may be premature, warning that the regulatory backdrop and attention may be creating hype that outpaces reality. The cryptocurrency’s circulating supply of 19.89 million coins, approaching the maximum supply limit of 21 million, continues to support the scarcity narrative that drives long-term value appreciation.
Despite the overwhelming bullish sentiment, some analysts are urging caution amid the euphoria. Simon Peters, crypto analyst at eToro, acknowledged the optimism while noting that “the risk of a fall in price or short-term pullback still exists.” Critics, including Democratic Senator Elizabeth Warren, have raised concerns about potential conflicts of interest and warned against giving the crypto industry too much regulatory leeway. Nevertheless, the convergence of regulatory clarity, institutional adoption, and technical momentum has created a powerful catalyst for Bitcoin’s historic price achievement.
Disclaimer: The author does not hold or have a position in any securities discussed in the article. All stock prices were quoted at the time of writing.
General Disclaimer: The Tokenist is an independent media publication. All information shared on The Tokenist, including its associated social media channels, is provided for informational purposes only. Nothing shared by The Tokenist should be considered investment advice. The Tokenist does not provide investment advice. While we do our best to ensure accuracy, The Tokenist makes no guarantee that all information contained on the site will be accurate. If you have any questions whatsoever, consult a licensed financial advisor.
Advertising Disclosure: Some offers on this page may promote affiliates, which means The Tokenist earns a commission if you purchase products or services through the links provided. All opinions expressed here are the author’s and not of any other entity. The content at The Tokenist has not been endorsed by any entity mentioned at the site. For additional information, please review our full advertising disclosure.
467 free spots remaining
By reading Five Minute Finance each week, I learn about new trends before anyone else. I can’t emphasize enough how valuable that is.
Five Minute Finance has influenced how I see finance - I rely on it for insight on the latest news and trends at the intersection of finance and technology.
467 free spots remaining
By reading Five Minute Finance each week, I learn about new trends before anyone else. I can’t emphasize enough how valuable that is.
Five Minute Finance has influenced how I see finance - I rely on it for insight on the latest news and trends at the intersection of finance and technology.
Get Trade Ideas and Market Insights Delivered to You Premarket - Every Day
"
147,,,49,"Bitcoin Surpasses Silver, Becomes Sixth Largest Asset in the World","{'name': 'Cryptonews', 'icon': 'https://encrypted-tbn3.gstatic.com/faviconV2?url=https://cryptonews.com&client=NEWS_360&size=96&type=FAVICON&fallback_opts=TYPE,SIZE,URL', 'authors': ['Sead Fadilpašić']}",https://cryptonews.com/news/bitcoin-surpasses-silver-becomes-sixth-largest-asset-in-the-world/,https://cimg.co/wp-content/uploads/2025/07/11150738/1752246457-bitcoin-silver.jpg,https://news.google.com/api/attachments/CC8iJ0NnNUNlRE5sVDJaU1NFRjFRWFZuVFJDZkF4amtCU2dLTWdNQnNBZw,"07/11/2025, 03:13 PM, +0000 UTC","Bitcoin Surpasses Silver, Becomes Sixth Largest Asset in the World"
148,,,50,Bitcoin Hits Record High: Experts Predict What Will Happen Next,"{'name': 'Cryptonews', 'icon': 'https://encrypted-tbn3.gstatic.com/faviconV2?url=https://cryptonews.com&client=NEWS_360&size=96&type=FAVICON&fallback_opts=TYPE,SIZE,URL', 'authors': ['Connor Sephton']}",https://cryptonews.com/exclusives/bitcoin-hits-record-high-experts-predict-what-will-happen-next/,https://cimg.co/wp-content/uploads/2025/07/11143632/1752244591-0_1-1_optimized.jpg,https://news.google.com/api/attachments/CC8iK0NnNUxkMU5wTjBKVWFqbEdXbTlZVFJDZUF4amtCU2dLTWdZZFJZalBvUWc,"07/11/2025, 03:35 PM, +0000 UTC",Bitcoin Hits Record High: Experts Predict What Will Happen Next
149,,,51,Why Is BTC Up: Bitcoin Hits All-Time High as Analyst Sets $140K Target,"{'name': 'CoinDesk', 'icon': 'https://encrypted-tbn0.gstatic.com/faviconV2?url=https://www.coindesk.com&client=NEWS_360&size=96&type=FAVICON&fallback_opts=TYPE,SIZE,URL', 'authors': ['Krisztian Sandor']}",https://www.coindesk.com/markets/2025/07/10/bitcoin-breaks-fresh-record-of-112700,https://www.coindesk.com/_next/image?url=https%3A%2F%2Fcdn.sanity.io%2Fimages%2Fs3y3vcno%2Fproduction%2F50f947088ec55359458df941a73c1770f343e400-1487x877.png%3Fauto%3Dformat&w=3840&q=75,https://news.google.com/api/attachments/CC8iJ0NnNWhNVTB4ZDJ0RU1FMHRhM05xVFJDcEF4alJCU2dLTWdPQkJDZw,"07/10/2025, 10:02 PM, +0000 UTC","Bitcoin BTC$117,938.56 clinched a fresh record high above $116,000 on Thursday, attempting to break away from the range it has been trading in for months.
The largest and oldest cryptocurrency hit $115,469 during the U.S. session, CoinDesk price data shows. It was up 4.3% over the past 24 hours.
The new record comes less than a day after it briefly topped $112,000 on some exchanges, then retreated below $111,000 in the later hours. A year ago, Bitcoin traded at $57,704, meaning it doubled in price over the past 12 months, despite some volatility through that time — it retraced some of its growth this past spring.
Bitcoin's rally to new highs was buoyed by strong inflows into ETFs, relentless corporate adoption by crypto treasury companies and an increasingly favorable regulatory climate, Gerry O'Shea, head of global market insights at Hashdex, said in a note.
""While the macro environment will continue to remain uncertain, we believe the bull market is far from over and new catalysts, including more institutional platforms allowing access to bitcoin, may help drive the price of BTC to $140,000 or higher this year,"" he said.
The broader crypto market was also climbing higher on Thursday. Ethereum's ether (ETH) topped $2,800 and was up more than 5%, while XRP XRP$2.8344 gained 3.5%. The broad-market CoinDesk 20 Index advanced 3.4% to its strongest level since May.
UPDATE (July 10, 17:15 UTC): Updates prices.
UPDATE (July 10, 2025, 21:30 UTC): Adds new BTC all-time high.
Krisztian Sandor is a U.S. markets reporter focusing on stablecoins, tokenization, real-world assets. He graduated from New York University's business and economic reporting program before joining CoinDesk. He holds BTC, SOL and ETH.
About
Contact
"
150,,,52,Bitcoin price hits new record high after sudden surge,"{'name': 'The Independent', 'icon': 'https://encrypted-tbn1.gstatic.com/faviconV2?url=https://www.independent.co.uk&client=NEWS_360&size=96&type=FAVICON&fallback_opts=TYPE,SIZE,URL', 'authors': ['Anthony Cuthbertson']}",https://www.independent.co.uk/tech/bitcoin-price-latest-record-crypto-b2787015.html,https://static.independent.co.uk/2025/07/11/8/22/bitcoin-price-prediction-2025.jpeg,https://news.google.com/api/attachments/CC8iK0NnNVVNVVl0VGxsVGVVaENRMjk0VFJERUF4aW1CU2dLTWdhcGc1S05MUWM,"07/11/2025, 08:51 AM, +0000 UTC",Bitcoin price hits new record high after sudden surge
151,,,53,Bitcoin Targets $120K as Stocks Tumble,"{'name': 'Bitcoin.com News', 'icon': 'https://encrypted-tbn2.gstatic.com/faviconV2?url=https://news.bitcoin.com&client=NEWS_360&size=96&type=FAVICON&fallback_opts=TYPE,SIZE,URL', 'authors': ['Frederick Munawa']}",https://news.bitcoin.com/bitcoin-targets-120k-as-stocks-tumble/,https://static.news.bitcoin.com/wp-content/uploads/2025/07/bitcoin-targets-120k-as-stocks-tumble.jpg,https://news.google.com/api/attachments/CC8iK0NnNUtlRFI2TmsxUVgzUkVSbWxQVFJDZkF4ampCU2dLTWdhdFJJak9vUWs,"07/11/2025, 06:25 PM, +0000 UTC",Bitcoin Targets $120K as Stocks Tumble
152,,,54,Bitcoin Price News: BTC Could Rise to $160K After Bull Flag Breakout,"{'name': 'FXEmpire', 'icon': 'https://encrypted-tbn2.gstatic.com/faviconV2?url=https://www.fxempire.com&client=NEWS_360&size=96&type=FAVICON&fallback_opts=TYPE,SIZE,URL', 'authors': ['Alejandro Arrieche']}",https://www.fxempire.com/forecasts/article/bitcoin-price-news-btc-could-rise-to-160k-after-bull-flag-breakout-1532943,https://responsive.fxempire.com/v7/_fxempire_/2025/07/Bitcoin-bull-1.jpg?width=1201,https://news.google.com/api/attachments/CC8iL0NnNWlRVXgxUVhkaFQwbDBZVzVYVFJERUF4aW1CU2dLTWdrUlVwQm5ycVU5cUFJ,"07/11/2025, 02:18 PM, +0000 UTC",Bitcoin Price News: BTC Could Rise to $160K After Bull Flag Breakout
153,,,55,Bitcoin price expected to accelerate if daily close above $113K is secured,"{'name': 'Cointelegraph', 'icon': 'https://encrypted-tbn1.gstatic.com/faviconV2?url=https://cointelegraph.com&client=NEWS_360&size=96&type=FAVICON&fallback_opts=TYPE,SIZE,URL', 'authors': ['Rakesh Upadhyay']}",https://cointelegraph.com/news/bitcoin-price-expected-to-accelerate-if-daily-close-above-dollar113k-is-secured,"https://images.cointelegraph.com/cdn-cgi/image/format=auto,onerror=redirect,quality=90,width=1434/https://s3.cointelegraph.com/uploads/2024-11/0193469a-48b6-7d49-ae29-3be3c6e567ce",https://news.google.com/api/attachments/CC8iK0NnNDRWRzVLYVV0ME5UUk1SbmxsVFJERUF4aW5CU2dLTWdZRkFJckZDZ28,"07/10/2025, 08:58 PM, +0000 UTC",Bitcoin price expected to accelerate if daily close above $113K is secured
154,,,56,"Cardano Founder Predicts Bitcoin to Reach $250,000 on Regulatory Clarity","{'name': 'AInvest', 'icon': 'https://encrypted-tbn0.gstatic.com/faviconV2?url=https://www.ainvest.com&client=NEWS_360&size=96&type=FAVICON&fallback_opts=TYPE,SIZE,URL'}",https://www.ainvest.com/news/cardano-founder-predicts-bitcoin-reach-250-000-regulatory-clarity-2507/,https://cdn.ainvest.com/aigc/hxcmp/images/compress-1af9923ae0538002.png,https://news.google.com/api/attachments/CC8iK0NnNU9kRFJETTJkS1lXVXlNVTFPVFJDZkF4ampCU2dLTWdhTmM1UlJLUWM,"07/11/2025, 06:54 PM, +0000 UTC","News/
Articles/
Articles Details
Quickly understand the history and background of various well-known coins
Cardano (ADA) founder Charles Hoskinson has made a significant bullish prediction for Bitcoin (BTC), forecasting that the leading cryptocurrency could reach $250,000. This prediction comes at a time when Bitcoin has been experiencing a massive surge, with its price climbing above $118,000 and setting new record highs. Hoskinson's optimism is not limited to Bitcoin; he also anticipates trillions of dollars in investments flowing into the altcoin market.
Hoskinson's prediction is driven by the potential approval of two important bills: the GENIUS Stablecoin Act and the CLARITY Act. These bills aim to create a comprehensive federal framework for stablecoin and digital asset regulation. If passed, these bills could end the rivalry between regulatory bodies and provide cryptocurrency companies with a clear legal path forward. Hoskinson believes that creating a clear legal framework for the cryptocurrency sector will increase institutional adoption and bring trillions of capital that have been sitting on the sidelines into Bitcoin and altcoins.
Hoskinson has previously suggested that Bitcoin could achieve this price milestone by early 2026. He has described the next phase of Bitcoin's rise as a “gigachad bull run,” indicating his confidence in the cryptocurrency's potential for significant growth. The surge in Bitcoin's price has been mirrored by substantial gains in several major altcoins, including Cardano (ADA), Ethereum (ETH), and XRP.
Hoskinson's prediction is accompanied by a playful reference to the 1993 film ""Jurassic Park,"" featuring Jeff Goldblum, to convey his excitement. He has stated that the approval of the GENIUS and CLARITY Acts will be the catalyst for the next wave of growth in the cryptocurrency market. Hoskinson's bullish outlook is based on the potential for increased institutional adoption and the influx of trillions of dollars into the altcoin space.
﻿
No comments yet
"
155,,,57,Why Bitcoin is On Fire And Everyone’s Going HYPER About Bitcoin Hyper Token,"{'name': 'Cryptonews', 'icon': 'https://encrypted-tbn3.gstatic.com/faviconV2?url=https://cryptonews.com&client=NEWS_360&size=96&type=FAVICON&fallback_opts=TYPE,SIZE,URL'}",https://cryptonews.com/news/why-bitcoin-is-on-fire-and-everyones-going-hyper-about-bitcoin-hyper-token/,https://cimg.co/wp-content/uploads/2025/07/11162917/Screenshot-2025-07-11-at-19.26.12_optimized.jpg,https://news.google.com/api/attachments/CC8iK0NnNVBWM3B3VVZkQlRrRmhhWGRwVFJER0FSai1BU2dCTWdZQlFJcG1vZ2c,"07/11/2025, 04:35 PM, +0000 UTC",Why Bitcoin is On Fire And Everyone’s Going HYPER About Bitcoin Hyper Token
156,,,58,Bitcoin (BTC) ETF News: Inflows Surge Alongside Prices,"{'name': 'CoinDesk', 'icon': 'https://encrypted-tbn0.gstatic.com/faviconV2?url=https://www.coindesk.com&client=NEWS_360&size=96&type=FAVICON&fallback_opts=TYPE,SIZE,URL', 'authors': ['Helene Braun']}",https://www.coindesk.com/markets/2025/07/11/spot-bitcoin-etfs-see-usd1b-inflows-as-ibit-becomes-fastest-fund-to-hit-usd80b-in-assets,https://www.coindesk.com/_next/image?url=https%3A%2F%2Fcdn.sanity.io%2Fimages%2Fs3y3vcno%2Fproduction%2F7fedcafdaf216067560c06516abe17f82e78b078-6000x4000.jpg%3Fauto%3Dformat&w=3840&q=75,https://news.google.com/api/attachments/CC8iL0NnNXpMV3RoTlZVeldtRkNNazU1VFJERUF4aW1CU2dLTWdrQmdKRG9zV1k4endF,"07/11/2025, 02:03 PM, +0000 UTC","The spot bitcoin exchange-traded funds (ETFs) raked in over $1 billion in inflows on Thursday, marking one of their strongest single-day totals since launch. The surge came as bitcoin broke a new all-time high above $118,000.

Leading the pack was BlackRock’s iShares Bitcoin Trust (IBIT), which crossed $80 billion in assets under management (AUM), making it the fastest ETF in history to hit that milestone. It took IBIT just 374 days — roughly a fifth of the time it took the previous record-holder, the Vanguard S&P 500 ETF (VOO), which reached the same mark in 1,814 days, according to Bloomberg Intelligence senior ETF analyst Eric Balchunas.

IBIT now ranks as the 21st largest ETF globally by assets, a remarkable feat for a fund that launched just over a year ago amid the broader approval of spot bitcoin ETFs in the U.S.

Thursday’s $1 billion inflow marks only the fourth time spot bitcoin ETFs have posted daily amounts that large. The last time was in January as U.S. President Donald Trump took office. Before that, it happened twice in November 2024, shortly after the U.S. election.

The surge in interest reflects growing investor appetite for direct bitcoin exposure in traditional brokerage accounts. Spot bitcoin ETFs offer an easier on-ramp for institutional and retail investors alike, who may be wary of custody and compliance issues in the crypto space.

President Trump’s Media company has recently filed for another spot bitcoin ETF under the Truth Social brand that has yet to receive approval from the Securities and Exchange Commission.

A number of other ETFs tracking the price of Solana SOL$164.25, XRP XRP$2.8344 and others have also yet to get the green light from the regulator.

Helene is a New York-based markets reporter at CoinDesk, covering the latest news from Wall Street, the rise of the spot bitcoin exchange-traded funds and updates on crypto markets. She is a graduate of New York University's business and economic reporting program and has appeared on CBS News, YahooFinance and Nasdaq TradeTalks. She holds BTC and ETH.
“AI Boost” indicates a generative text tool, typically an AI chatbot, contributed to the article. In each and every case, the article was edited, fact-checked and published by a human. Read more about CoinDesk's AI Policy.
About
Contact
"
157,,,59,‘Bears in disbelief’ — $1B in crypto shorts wiped as Bitcoin pumps,"{'name': 'Cointelegraph', 'icon': 'https://encrypted-tbn1.gstatic.com/faviconV2?url=https://cointelegraph.com&client=NEWS_360&size=96&type=FAVICON&fallback_opts=TYPE,SIZE,URL', 'authors': ['Ciaran Lyons']}",https://cointelegraph.com/news/bitcoin-price-bears-surprise-significant-liquidation-shorts,"https://images.cointelegraph.com/cdn-cgi/image/format=auto,onerror=redirect,quality=90,width=1434/https://s3.cointelegraph.com/uploads/2025-07/0197f72c-7c1b-78ed-a6e4-de928448ab28",https://news.google.com/api/attachments/CC8iMkNnNVBiMFpOUVUxc2NEVndUbGxsVFJERUF4aW1CU2dLTWd1QklZeFFFZWVSVUdsUll3,"07/11/2025, 04:42 AM, +0000 UTC",‘Bears in disbelief’ — $1B in crypto shorts wiped as Bitcoin pumps
158,,,60,"Why Is Crypto Up Today? – July 11, 2025","{'name': 'Cryptonews', 'icon': 'https://encrypted-tbn3.gstatic.com/faviconV2?url=https://cryptonews.com&client=NEWS_360&size=96&type=FAVICON&fallback_opts=TYPE,SIZE,URL', 'authors': ['Sead Fadilpašić']}",https://cryptonews.com/news/why-is-crypto-up-today-july-11-2025/,https://cimg.co/wp-content/uploads/2025/07/11091536/1752225335-why-is-crypto-up-today.jpg,https://news.google.com/api/attachments/CC8iK0NnNXdVVzF6Ym1WMFVYVmtTbUZHVFJDN0F4aTBCU2dLTWdhUllaTHFLQWM,"07/11/2025, 11:35 AM, +0000 UTC","Why Is Crypto Up Today? – July 11, 2025"
159,,,61,"What’s Next for ETH, SOL, ADA, XRP as Bitcoin Set Fresh Record Above $118K?","{'name': 'CoinDesk', 'icon': 'https://encrypted-tbn0.gstatic.com/faviconV2?url=https://www.coindesk.com&client=NEWS_360&size=96&type=FAVICON&fallback_opts=TYPE,SIZE,URL', 'authors': ['Shaurya Malwa']}",https://www.coindesk.com/markets/2025/07/11/whats-next-for-ether-solana-xrp-and-other-majors-as-bitcoin-clears-118k,https://www.coindesk.com/_next/image?url=https%3A%2F%2Fcdn.sanity.io%2Fimages%2Fs3y3vcno%2Fproduction%2F5ef6cd88f01e2a3e4898999b554b48be1f307cb4-1500x1000.jpg%3Fauto%3Dformat&w=3840&q=75,https://news.google.com/api/attachments/CC8iK0NnNWxiVWczZVZKbmVHaEljMk0wVFJERUF4aW1CU2dLTWdhMU1wWXhIUWs,"07/11/2025, 07:00 AM, +0000 UTC","Bitcoin’s (BTC) decisive break above $118,000 has flipped the risk-on switch for crypto markets, and traders are now watching if altcoins follow with similar momentum or get left behind in a BTC-dominant rally.
Historically, bitcoin breaking to new highs acts as a liquidity signal, pulling sidelined capital back into the market and eventually rotating into large-cap altcoins.
The market is already seeing early signs of that dispersion, with ether (ETH) is testing its year-to-date highs, Solana’s SOL (SOL) reclaiming key levels above $160 and mid-cap tokens, such as Shiba Inu SHIB$0.0₄1374, Hyperliquid's HYPE HYPE$46.77 and Avalanche's AVAX (AVAX) seeing double-digit percentage increases in the past 24 hours.
“Bitcoin’s break above its all-time high is a liquidity signal that could rotate flows into other major crypto assets,” Rick Maeda, Research Analyst at Presto Research, said in a note to CoinDesk. 
“Historically, when BTC sets a new high, it tends to propagate liquidity across the broader market. We’re already seeing signs of capital rotating into large-cap altcoins like ETH, SOL, and XRP, driven by renewed retail momentum and institutional rebalancing. Overall, the BTC breakout marks a regime shift, and we expect altcoin dispersion to rise from here,” Maeda said.
Solana remains the high-beta major token to watch on its retail-accessible, and narrative-heavy fundamentals. User activity on Solana-native protocols and token launches (like the recent memecoin wave) continues to keep liquidity flowing, Maeda noted.
XRP XRP$2.8344, often driven more by sentiment and speculative catalysts than fundamentals, is seeing fresh inflows as traders revisit legal clarity and historical correlations. With BTC volatility cooling, XRP and Cardano's ADA (ADA) tend to benefit from follow-through risk rotation.
Ethereum continues to benefit from a spike in ETF inflows and the broader expectation of institutional rebalancing. With spot ETH products gaining traction and L2 activity rebounding, it remains the most obvious beneficiary in a rising tide.
Jeff Mei, COO at BTSE, told CoinDesk. that “ETH could reclaim $3,200 soon,” with SOL “very easily returning to the $200 mark.”
“However this time around it looks like the market across the board is being uplifted. We can see major tokens such as SOL ETH, and XRP retracing their paths back to highs reached earlier in January,” Mei noted.
That view was echoed by Nick Ruck, director at LVRG Research: “As bitcoin hits a new all-time high at around $116k, altcoins are lining up to ride the bullish wave, with Ethereum ETF inflows hitting new volume highs while U.S. regulators removed a crypto broker tax rule, paving the way for DeFi to expand further.”
“Other blue-chip coins, including SOL and XRP, look to surge higher once Bitcoin volatility calms down and finds a new supporting price range,” Ruck said.
Read more: Bitcoin's Record Rally From $70K to $118K: A Tale of Transition From Wild West to Wall Street-Like Dynamics
Shaurya is the Co-Leader of the CoinDesk tokens and data team in Asia with a focus on crypto derivatives, DeFi, market microstructure, and protocol analysis.Shaurya holds over $1,000 in BTC, ETH, SOL, AVAX, SUSHI, CRV, NEAR, YFI, YFII, SHIB, DOGE, USDT, USDC, BNB, MANA, MLN, LINK, XMR, ALGO, VET, CAKE, AAVE, COMP, ROOK, TRX, SNX, RUNE, FTM, ZIL, KSM, ENJ, CKB, JOE, GHST, PERP, BTRFLY, OHM, BANANA, ROME, BURGER, SPIRIT, and ORCA.He provides over $1,000 to liquidity pools on Compound, Curve, SushiSwap, PancakeSwap, BurgerSwap, Orca, AnySwap, SpiritSwap, Rook Protocol, Yearn Finance, Synthetix, Harvest, Redacted Cartel, OlympusDAO, Rome, Trader Joe, and SUN.
About
Contact
"
160,,,62,This Chart Points to a 30% Bitcoin Price Boom Ahead: Technical Analysis,"{'name': 'CoinDesk', 'icon': 'https://encrypted-tbn0.gstatic.com/faviconV2?url=https://www.coindesk.com&client=NEWS_360&size=96&type=FAVICON&fallback_opts=TYPE,SIZE,URL', 'authors': ['omkar godbole']}",https://www.coindesk.com/markets/2025/07/10/this-chart-points-to-a-30-bitcoin-price-boom-ahead-technical-analysis,https://www.coindesk.com/_next/image?url=https%3A%2F%2Fcdn.sanity.io%2Fimages%2Fs3y3vcno%2Fproduction%2Fdae0d1919be46e1391901b035ea92d6c3c4faccf-1280x853.jpg%3Fauto%3Dformat&w=3840&q=75,https://news.google.com/api/attachments/CC8iK0NnNVNNR3RDT0VJeVRsTnNVVkZaVFJDM0FSaVRBaWdCTWdZUlVvak1zUVk,"07/10/2025, 07:59 AM, +0000 UTC","This is a daily technical analysis by CoinDesk analyst and Chartered Market Technician Omkar Godbole.
Bitcoin's {{BTC}} spot price has surpassed $111,000 and could rise by another 30% to exceed $140,000.
That's the message from the daily price chart of BlackRock's Nasdaq-listed spot bitcoin ETF, known by its IBIT ticker, which shows a bull flag breakout.
The ETF, mandated to closely track the BTC spot price, rose 2.85% on Wednesday, briefly surpassing the May high of $63.70, according to data source TradingView.
The advance reconfirmed the flag breakout seen early this month, a sign that the five-and-a-half-week counter-trend consolidation has ended and the broader uptrend from April lows has resumed.
Flags are bullish continuation patterns, and breakouts typically see analysts anticipate a price rally equal to the magnitude of the initial run higher. The so-called measured move method implies at least 30% upside for both IBIT and bitcoin's spot price.
Flags have a low failure rate, according to technical analysis theory. That said, the pattern could fail if macro factors take a turn for the worse, pushing prices back into a counter-trend consolidation. Such a move would negate the bullish outlook.
As of now, bitcoin's spot price also indicates a bullish setup, suggesting a potential rally to $134,000, according to veteran chart analyst Peter Brandt.

Omkar Godbole is a Co-Managing Editor on CoinDesk's Markets team based in Mumbai, holds a masters degree in Finance and a Chartered Market Technician (CMT) member.  Omkar previously worked at FXStreet, writing research on currency markets and as fundamental analyst at currency and commodities desk at Mumbai-based brokerage houses. Omkar holds small amounts of bitcoin, ether, BitTorrent, tron and dot.
About
Contact
"
161,,,63,Bitcoin (BTC) Price Prediction for July 11,"{'name': 'TradingView', 'icon': 'https://encrypted-tbn0.gstatic.com/faviconV2?url=https://www.tradingview.com&client=NEWS_360&size=96&type=FAVICON&fallback_opts=TYPE,SIZE,URL'}",https://www.tradingview.com/news/u_today:0b7fc1a85094b:0-bitcoin-btc-price-prediction-for-july-11/,https://s.tradingview.com/static/images/illustrations/news-story.jpg,https://news.google.com/api/attachments/CC8iK0NnNURZazV6YjAxTVVtMDBUVGxSVFJDUkF4ajhCU2dLTWdhQlVZaUV5Z00,"07/11/2025, 10:57 AM, +0000 UTC","The crypto market keeps growing today, according to CoinStats.CoinStats"">
BTCUSD
The rate of Bitcoin BTCUSD has risen by 6.44% since yesterday.TradingView"">
On the hourly chart, the price of the main crypto is near the formed resistance of $118,839. As there are no levels ahead, there are good chances of seeing ongoing growth.TradingView"">
On the longer time frame, the rate of BTC keeps rising after breaking the $112,000 level. 
If the candle closes around the current prices, traders may witness a test of the $120,000 range soon.TradingView"">
From the midterm point of view, bulls are controlling the situation on the market. Until the rate is above the $112,000 mark, there is a high chance of seeing a new all-time high from BTC shortly.
Bitcoin is trading at $118,196 at press time.
Select market data provided by ICE Data services. Select reference data provided by FactSet. Copyright © 2025 FactSet Research Systems Inc.© 2025 TradingView, Inc.
"
162,,,64,Bitcoin July 11 daily chart alert — bulls flex their muscles,"{'name': 'KITCO', 'icon': 'https://encrypted-tbn1.gstatic.com/faviconV2?url=https://www.kitco.com&client=NEWS_360&size=96&type=FAVICON&fallback_opts=TYPE,SIZE,URL', 'authors': ['Jim Wyckoff']}",https://www.kitco.com/news/article/2025-07-11/bitcoin-july-11-daily-chart-alert-bulls-flex-their-muscles,"https://images.kitco.com/img/height_756,width_1340/icms/bae0c25d-908f-4b35-b1ae-3c6ed2616290.webp",https://news.google.com/api/attachments/CC8iK0NnNXlOa0ZrVEdkck1EZDBPVlZhVFJDZkF4ampCU2dLTWdZUmc1Sm9PUWM,"07/11/2025, 01:26 PM, +0000 UTC","BUY/SELL GOLD & SILVER
All Metal Quotes
Kitco NEWS has a diverse team of journalists reporting on the economy, stock markets, commodities, cryptocurrencies, mining and metals with accuracy and objectivity. Our goal is to help people make informed market decisions through in-depth reporting, daily market roundups, interviews with prominent industry figures, comprehensive coverage (often exclusive) of important industry events and analyses of market-affecting developments.
Jim Wyckoff has spent over 25 years involved with the stock, financial and commodity markets. He was a financial journalist with the FWN newswire service for many years, including stints as a reporter on the rough-and-tumble commodity futures trading floors in Chicago and New York. As a journalist, he has covered every futures market traded in the U.S., at one time or another.
Jim is the proprietor of the ""Jim Wyckoff on the Markets"" analytical, educational and trading advisory service. Jim also worked as a technical analyst for Dow Jones Newswires and as the senior market analyst with TraderPlanet.com. Jim is also a consultant with the highly respected ""Pro Farmer"" agricultural advisory service. Jim was also the head equities analyst at CapitalistEdge.com. He received his degree from Iowa State University in Ames, Iowa, where he studied journalism and economics.
Follow Jim daily on Kitco.com as he provides both AM and PM roundups and a daily Technical Special.

 1 877 963-NEWS
 jwyckoff at kitco.com

We appreciate your feedback
|
Your Privacy Choices

© 2025 Kitco Metals Inc.
"
163,,,65,Analyst Predicts XRP Could Reach $4 to $6 Amid Breakout,"{'name': 'Bitcoin.com News', 'icon': 'https://encrypted-tbn2.gstatic.com/faviconV2?url=https://news.bitcoin.com&client=NEWS_360&size=96&type=FAVICON&fallback_opts=TYPE,SIZE,URL', 'authors': ['Terence Zimwara']}",https://news.bitcoin.com/analyst-predicts-xrp-could-reach-4-to-6-amid-breakout/,https://static.news.bitcoin.com/wp-content/uploads/2025/07/xrppppepepe.png,https://news.google.com/api/attachments/CC8iL0NnNUVRbUpWVGxsMVlrWTJVa1pJVFJDZkF4ampCU2dLTWdrSk1vem1KT2l4Y1FF,"07/11/2025, 02:53 PM, +0000 UTC",Analyst Predicts XRP Could Reach $4 to $6 Amid Breakout
164,,,66,"MSTR, Riot, Coinbase Jump After Bitcoin Tops $118,000 Despite Broader Market Weakness On Trump’s Trade War","{'name': 'Stocktwits', 'icon': 'https://encrypted-tbn3.gstatic.com/faviconV2?url=https://stocktwits.com&client=NEWS_360&size=96&type=FAVICON&fallback_opts=TYPE,SIZE,URL', 'authors': ['Prabhjote Gill']}",https://stocktwits.com/news-articles/markets/equity/mstr-riot-coinbase-jump-after-bitcoin-tops-118000-despite-broader-market-weakness/ch8cfj6R5ZV,https://news.stocktwits-cdn.com/large_bitcoin_exchange_original_jpg_7b247d2b8a.webp,https://news.google.com/api/attachments/CC8iK0NnNUlTbWhUZGxGa2RHdHBSR0ZoVFJERUF4aW1CU2dLTWdZUlVKSldIQWs,"07/11/2025, 07:51 AM, +0000 UTC","MSTR, Riot, Coinbase Jump After Bitcoin Tops $118,000 Despite Broader Market Weakness On Trump’s Trade War"
165,,,67,Bitcoin hits $113.8K all-time high as liquidity influx backs BTC price discovery,"{'name': 'Cointelegraph', 'icon': 'https://encrypted-tbn1.gstatic.com/faviconV2?url=https://cointelegraph.com&client=NEWS_360&size=96&type=FAVICON&fallback_opts=TYPE,SIZE,URL', 'authors': ['Biraajmaan Tamuly']}",https://cointelegraph.com/news/bitcoin-hits-dollar113-8k-all-time-high-as-liquidity-influx-backs-btc-price-discovery,"https://images.cointelegraph.com/cdn-cgi/image/format=auto,onerror=redirect,quality=90,width=1434/https://s3.cointelegraph.com/uploads/2025-06/01979bbc-edcf-763e-a94f-bba89a84638d",https://news.google.com/api/attachments/CC8iK0NnNU9VbWhzVW5vNGVHMW9WREJsVFJERUF4aW5CU2dLTWdhSjRJYVgxQUk,"07/10/2025, 06:28 PM, +0000 UTC",Bitcoin hits $113.8K all-time high as liquidity influx backs BTC price discovery
166,,,68,"Bitcoin Price Tops $116,000, Massive Short Squueze Approaches $1 Billion","{'name': 'CryptoPotato', 'icon': 'https://encrypted-tbn1.gstatic.com/faviconV2?url=https://cryptopotato.com&client=NEWS_360&size=96&type=FAVICON&fallback_opts=TYPE,SIZE,URL', 'authors': ['George Georgiev']}",https://cryptopotato.com/bitcoin-price-tops-116000-massive-short-squueze-approaches-1-billion/,https://cryptopotato.com/wp-content/uploads/2024/02/Bitcoin_Rocket-1.jpg,https://news.google.com/api/attachments/CC8iK0NnNUxSVkZuUmt0UlN6VnJPVXhHVFJDdEF4akxCU2dLTWdhUmtaS3R0UVk,"07/10/2025, 09:56 PM, +0000 UTC","Bitcoin paints a new all-time high on the back of massive short squeeze worth almost $1 billion. 
Bitcoin’s price is expanding to the upside and has charted a new all-time high at around $116,400.
With this latest move, BTC is up 4.6% in the past 24 hours and more than 5.5% over the past seven days with a massive $50 billion daily trading volume.
The move comes at the expense of short traders, who lost a combined total of around $940 million in the past day, according to data from Coinglass. This has caused a massive short squeeze, which is a common term used to describe a situation where short traders get liquidated and, as they do, this pushes the price upwards even further.
At the time of this writing, the total liquidations are at about $1 billion and 94% of that accounts for sellers, which is pretty indicative of the absolute domination by the buyers.
The rest of the market is also charting considerable gains – ETH is approaching $3,000, XRP is trading close to $2.6, while the total cryptocurrency market capitalization is almost $3.7 trillion.
 

											Georgi Georgiev is CryptoPotato's editor-in-chief and a seasoned writer with over four years of experience writing about blockchain and cryptocurrencies. Georgi's passion for Bitcoin and cryptocurrencies bloomed in late 2016 and he hasn't looked back since. Crypto’s technological and economic implications are what interest him most, and he has one eye turned to the market whenever he’s not sleeping. Contact George: LinkedIn

 
Sign-up FREE to receive our extended daily market update and coin analysis report
"
167,,,69,"Bitcoin, Ether, Solana, XRP Price Analysis: BTC Resistance at $120K?","{'name': 'CoinDesk', 'icon': 'https://encrypted-tbn0.gstatic.com/faviconV2?url=https://www.coindesk.com&client=NEWS_360&size=96&type=FAVICON&fallback_opts=TYPE,SIZE,URL', 'authors': ['omkar godbole']}",https://www.coindesk.com/markets/2025/07/11/bitcoin-ether-solana-xrp-price-analysis-btc-resistance-at-120k,https://www.coindesk.com/_next/image?url=https%3A%2F%2Fcdn.sanity.io%2Fimages%2Fs3y3vcno%2Fproduction%2F8d458aaedf3dad32190bc54f713b9bdf8b7edb70-1000x667.jpg%3Fauto%3Dformat&w=3840&q=75,https://news.google.com/api/attachments/CC8iI0NnNW5aMkZWYURoNlFYVnlTbWc0VFJDM0FSaVRBaWdCTWdB,"07/11/2025, 08:43 AM, +0000 UTC","This is a daily analysis of top tokens with CME futures by CoinDesk analyst and Chartered Market Technician Omkar Godbole.
Bitcoin's (BTC) upswing has gathered pace, as indicated by the ""negative dealer gamma buildup"" and IBIT's bull flag breakout. Bull momentum looks strong, evidenced by the 14-day RSI topping 70 and the MACD histogram producing higher bars above the zero line—no reason to worry for bulls, or is it?
With prices in uncharted territory, identifying resistance becomes difficult, and so we look to the options market for clues. On Deribit, the $120,000 strike call is the most popular option with an open interest of $2.37 billion and could be the next key level to watch.
The Coinbase premium shifted to negative level early today, suggesting weaker demand in the stateside market alongside an overnight decline in the cumulative perpetual futures open interest on offshore exchanges. Both factors call for caution on the part of the bulls.
Meanwhile, the hourly chart's RSI requires attention, as a potential bearish divergence may emerge, signaling a pause in the uptrend and a possible correction.
Ether (ETH) has finally managed to clear the supply zone at around $2,800, which capped upside in May and June. An upswing in spot volumes backs the breakout, and coupled with the fresh bullish signal from the Guppy multiple moving average system, suggests potential for a continued move higher, beyond $3,066, the 61.8% Fib retracement level of the December to April downtrend. With prices firmly above the Ichimoku cloud, alongside an RSI above 70 and a rising MACD, pullbacks, if any, are likely to be shallow and well-supported at around $2,600.
SOL's (SOL) price rally to a high of $166 triggered an inverse head-and-shoulders breakout and marked a crossover into the bull territory above the Ichimoku cloud. That's dual breakout! The measured move method applied to the inverse H&S breakout suggests a potential rally to $200. On the way higher, prices may encounter resistance between $180 and $190, characterized by intraday highs from May. On the downside, $145 is key support, which, if lost, could embolden bears.
XRP XRP$2.8331 has risen to $2,58, the highest since May 14, with the 14-day RSI crossing above 70 for the first time since January to suggest the strongest bullish momentum in six months. The rising MACD histogram also paints a bullish picture, supporting a potential break above resistance at $2.65 (the May high). Following this, the focus would shift to $3.00 and $3.39 (the yearly high). XRP's perpetual futures open interest has risen to a fresh multi-month high of 833 million XRP, supporting the rally.

Omkar Godbole is a Co-Managing Editor on CoinDesk's Markets team based in Mumbai, holds a masters degree in Finance and a Chartered Market Technician (CMT) member.  Omkar previously worked at FXStreet, writing research on currency markets and as fundamental analyst at currency and commodities desk at Mumbai-based brokerage houses. Omkar holds small amounts of bitcoin, ether, BitTorrent, tron and dot.
“AI Boost” indicates a generative text tool, typically an AI chatbot, contributed to the article. In each and every case, the article was edited, fact-checked and published by a human. Read more about CoinDesk's AI Policy.
About
Contact
"
168,,,70,Bitcoin Hits Another All-Time High Price After Trump Renews Rate Cut Push,"{'name': 'Decrypt', 'icon': 'https://encrypted-tbn1.gstatic.com/faviconV2?url=https://decrypt.co&client=NEWS_360&size=96&type=FAVICON&fallback_opts=TYPE,SIZE,URL', 'authors': ['Mat Di Salvo']}",https://decrypt.co/329539/bitcoin-hits-another-all-time-high-price-after-trump-renews-rate-cut-push,https://cdn.decrypt.co/resize/1024/height/512/wp-content/uploads/2025/06/Trump-decrypt-style-04-gID_7.png,https://news.google.com/api/attachments/CC8iK0NnNTRYMEZqYzBGNlJtdHZWa1ZCVFJDZkFSaS1BaWdCTWdZeEpZaXZGUW8,"07/10/2025, 04:42 PM, +0000 UTC","Bitcoin Hits Another All-Time High Price After Trump Renews Rate Cut Push
$118,014.00
$3,004.62
$2.84
$694.19
$164.35
$0.999951
$0.21089
$0.301287
$3,003.18
$0.739536
$46.77
$117,816.00
$3,620.71
$3.50
$0.381738
$15.77
$537.40
$21.30
$0.202003
$9.04
$3,218.30
$0.00001381
$3.00
$3,004.49
$97.09
$0.999859
$46.68
$0.999856
$4.06
$331.10
$118,022.00
$0.00001298
$1.001
$8.87
$4.52
$308.37
$0.491321
$399.31
$5.07
$0.103332
$2.61
$1.18
$5.54
$49.54
$0.921252
$199.83
$18.73
$1.00
$0.090333
$0.35075
$0.999821
$4.77
$0.02506363
$1.059
$0.238274
$0.625854
$0.420515
$10.27
$0.229284
$3.80
$16.39
$0.74829
$4.45
$1.099
$0.339535
$3,003.55
$2.66
$0.00002324
$0.082285
$117,817.00
$115.77
$1.70
$4.75
$174.46
$0.507486
$11.52
$0.999764
$0.02348739
$0.999509
$3,148.58
$2.03
$3,422.40
$1.001
$1.32
$4.54
$1.29
$12.88
$0.693614
$0.375322
$0.0172293
$0.073567
$0.772076
$1.79
$0.72345
$3,208.14
$3,156.62
$117,840.00
$1.00
$13.30
$1.025
$3,164.21
$0.999886
$0.100265
$0.525254
$0.00010114
$1.11
$117,668.00
$0.161183
$3,351.17
$693.80
$119,204.00
$0.650071
$3,244.88
$0.557261
$2.53
$0.999428
$184.79
$3,350.78
$0.823049
$214.88
$0.01777351
$0.871484
$2.85
$0.194567
$22.59
$0.0151779
$0.296894
$111.75
$10.74
$43.60
$2.01
$0.813481
$0.1206
$3,007.85
$0.00000172
$0.998244
$4.09
$46.76
$0.00000068
$0.251453
$3,207.57
$0.616474
$3,159.83
$1.088
$117,477.00
$0.387247
$117,704.00
$0.00916258
$3,005.43
$0.316439
$0.999146
$0.550663
$0.01715163
$0.059208
$0.997919
$0.417192
$0.565974
$0.559871
$1.74
$118,046.00
$1.56
$2.97
$0.685173
$0.151885
$0.210726
$46.74
$26.95
$0.999714
$3,005.13
$0.098194
$0.99968
$0.00488938
$0.0083033
$0.631205
$3,195.22
$1.00
$0.222299
$0.423499
$48.21
$1.20
$6.37
$0.999997
$1.43
$7.82
$0.00000045
$15.67
$0.062151
$0.313728
$0.366405
$3,319.15
$6.59
$0.171567
$0.059093
$0.00002133
$2.55
$0.00456672
$1.71
$1.094
$117,724.00
$0.999525
$0.154848
$0.04123796
$3,288.77
$0.556197
$1.00
$2,999.28
$0.082351
$0.379851
$3,004.36
$0.00722616
$0.38466
$0.999942
$1.25
$0.903335
$0.0367947
$3,000.10
$117,897.00
$0.00006479
$0.53634
$0.01840606
$179.58
$0.238228
$0.768437
$21.04
$128.71
$1.23
$3,626.58
$25.89
$11.30
$0.999871
$0.00384863
$0.770675
$0.319582
$0.00366516
$0.00458003
$0.99956
$21.31
$1.00
$0.999542
$0.671076
$0.03051934
$1.00
$117,362.00
$2,370.22
$3,142.14
$6.89
$0.114586
$1.02
Bitcoin jumped to a fresh all-time high price for the second day in a row Thursday, after crypto-friendly President Trump renewed his push to urge the Federal Reserve to cut interest rates.
The price of Bitcoin jumped to $112,599 on Thursday, per data from CoinGecko, setting a new record for the leading cryptocurrency. Bitcoin is currently up 3.5% on the day after recently being rangebound.
On Wednesday, Coinbase showed that BTC had topped $112,000 for the first time, beating the previous record from late May of around $111,900.
President Trump wrote on his social media platform Truth Social that the crypto market was ""through the roof,"" and that it was time for the Federal Reserve to lower rates.
He said: ""Tech Stocks, Industrial Stocks, & NASDAQ, HIT ALL-TIME, RECORD HIGHS!""
The President's post added: ""FED SHOULD RAPIDLY LOWER RATE TO REFLECT THIS STRENGTH. USA SHOULD BE AT THE 'TOP OF THE LIST.' NO INFLATION!!!""
The biggest digital coin had struggled and plunged with other assets at the start of April, following President Donald Trump's aggressive new tariff policy. But crypto and stocks have shrugged off President Trump's more recent trade war announcements, showing record surges.
President Trump in the past has slammed Federal Reserve Chair Jerome Powell for not lowering interest rates, calling him a ""loser"" and ""stupid,"" and threatening to fire him. Powell recently blamed Trump's policies for the lack of rate cuts.
The Federal Reserve started aggressively raising rates in 2022 in a bid to try and control 40-year high inflation. Both stocks and crypto were negatively hit by the tightening.
Last year, the central bank cut rates, but has been hesitant to lower them further.
Other major coins and tokens jumped on Thursday, with Ethereum recently priced at $2,783—a nearly 5% jump. Solana, the sixth biggest virtual coin, rose by nearly 2%, and was trading hands for $157.
One analyst told Decrypt to expect further Bitcoin gains ahead.
""We are likely headed even higher,"" said Joe DiPasquale, CEO of crypto fund manager BitBull Capital. ""Bitcoin's rally is being driven by a mix of strong ETF inflows, renewed institutional demand, and a broad risk-on environment as investors anticipate Fed rate cuts.""
""Once BTC cleared key psychological levels around $110K, sidelined capital jumped in, pushing prices toward new highs,"" he continued. ""On-chain data and positioning suggest there's still room to run, so testing levels beyond the previous ATH looks increasingly probable, though the market remains vulnerable to sharp pullbacks if sentiment shifts.""
Additional reporting by James Rubin
Your gateway into the world of Web3
The latest news, articles, and resources, sent to your inbox weekly.
© A next-generation media company. 2025 Decrypt Media, Inc.
"
169,,,71,Bitcoin price likely to hit $130K before serious profit taking kicks in,"{'name': 'Cointelegraph', 'icon': 'https://encrypted-tbn1.gstatic.com/faviconV2?url=https://cointelegraph.com&client=NEWS_360&size=96&type=FAVICON&fallback_opts=TYPE,SIZE,URL', 'authors': ['Biraajmaan Tamuly']}",https://cointelegraph.com/news/bitcoin-price-likely-to-hit-dollar130k-before-serious-profit-taking-kicks-in,"https://images.cointelegraph.com/cdn-cgi/image/format=auto,onerror=redirect,quality=90,width=1434/https://s3.cointelegraph.com/uploads/2025-01/0194829b-886f-7047-a065-c245eaf80a1a",https://news.google.com/api/attachments/CC8iK0NnNVNkV2c1U0ZwRmNEWTBWa0ZYVFJERUF4aW5CU2dLTWdhSkVZeXRsUWs,"07/10/2025, 07:43 PM, +0000 UTC",Bitcoin price likely to hit $130K before serious profit taking kicks in
170,,,72,"Crypto Analyst @rovercrc Issues Bold Bitcoin (BTC) Price Prediction of $118,000","{'name': 'Blockchain News', 'icon': 'https://encrypted-tbn1.gstatic.com/faviconV2?url=https://blockchain.news&client=NEWS_360&size=96&type=FAVICON&fallback_opts=TYPE,SIZE,URL'}",https://blockchain.news/flashnews/crypto-analyst-rovercrc-issues-bold-bitcoin-btc-price-prediction-of-118-000,https://image.blockchain.news/features/DC3788979712BF4DFF603597AAC46E7C52F8B5EF76BC21453D757F37CDB271FE.jpg,https://news.google.com/api/attachments/CC8iK0NnNUdOR0pGWlVodVh6RnVhRGxsVFJDN0FoallCQ2dLTWdhWkFJcEpPZ1E,"07/11/2025, 02:41 PM, +0000 UTC","According to @rovercrc, the crypto analyst has made a significant price projection for Bitcoin (BTC), claiming the asset will hit $118,000. This bullish forecast, shared via a social media post, suggests a substantial potential upside for Bitcoin's market value, signaling strong optimistic sentiment from the analyst for traders and investors.
Bitcoin has shattered expectations by surging to a remarkable $118,000, marking a pivotal moment in the cryptocurrency market. According to Crypto Rover, this breakthrough occurred on July 11, 2025, sending shockwaves through trading communities and highlighting Bitcoin's relentless upward momentum. As traders scramble to capitalize on this rally, the price action underscores a bullish trend that has been building for months, driven by institutional adoption and macroeconomic shifts. This milestone not only cements Bitcoin's status as digital gold but also opens up new trading opportunities for both short-term scalpers and long-term holders. With BTC now trading at these elevated levels, market participants are closely monitoring key resistance points and potential pullbacks to optimize their strategies.
Diving deeper into the trading dynamics, Bitcoin's climb to $118,000 represents a significant breakout from previous all-time highs, with the price jumping approximately 15% in the last 24 hours leading up to the announcement. Historical data shows that such rapid ascents often correlate with increased trading volumes, and in this case, spot trading volumes on major exchanges have reportedly spiked to over $50 billion in the past day, indicating strong buyer conviction. Technical indicators like the Relative Strength Index (RSI) are hovering near overbought territory at around 78, suggesting potential for short-term consolidation before further gains. Traders should watch the $115,000 level as immediate support, where a breach could trigger profit-taking, while resistance at $120,000 looms as the next target. On-chain metrics further support this optimism, with Bitcoin's hash rate reaching record highs and whale accumulations rising, pointing to sustained institutional interest.
From a broader market perspective, Bitcoin's rally to $118,000 has ripple effects on correlated assets, including major stock indices and altcoins. For instance, tech-heavy stocks like those in the Nasdaq have shown positive correlations, with companies involved in blockchain technology experiencing upticks in share prices amid the crypto boom. This presents cross-market trading opportunities, such as pairing BTC longs with positions in AI-driven stocks, given the growing intersection of artificial intelligence and cryptocurrency mining efficiency. Institutional flows are evident, with reports of major funds allocating billions into Bitcoin ETFs, which could drive further liquidity. However, risks remain, including regulatory scrutiny and macroeconomic headwinds like interest rate hikes, which traders must factor into their risk management. For those eyeing entry points, dollar-cost averaging into BTC during dips below $110,000 could yield substantial returns if the uptrend persists.
Looking ahead, the implications of Bitcoin hitting $118,000 extend to global market sentiment, potentially fueling a broader altcoin season as capital rotates from BTC to emerging tokens. Trading pairs like BTC/ETH and BTC/USDT are seeing heightened volatility, with ETH gaining 10% in tandem, offering arbitrage plays for savvy traders. Market analysts note that this price level aligns with Fibonacci extension targets from the previous bull cycle, reinforcing the technical validity of the move. To navigate this environment, traders are advised to employ tools like moving averages—the 50-day MA at $95,000 providing a strong floor—and monitor on-chain transaction volumes for signs of distribution. Ultimately, this surge not only validates Bitcoin's role in diversified portfolios but also highlights the evolving landscape of digital assets, where AI integrations could further propel valuations. As the market digests this news, staying informed on real-time developments will be crucial for maximizing trading profits while mitigating downside risks.
In summary, Bitcoin's ascent to $118,000 on July 11, 2025, as reported by Crypto Rover, is a testament to the cryptocurrency's maturing market dynamics. With robust trading volumes and positive indicators, the path forward appears promising, though vigilance is key. Traders positioning for continued growth might consider leveraged positions on platforms with tight spreads, always adhering to stop-loss protocols to protect capital. This event could very well mark the beginning of a new era in crypto trading, blending traditional finance with innovative tech-driven strategies.
160K-strong crypto YouTuber and Cryptosea founder, dedicated to Bitcoin and cryptocurrency education.
Welcome to your premier source for the latest in AI, cryptocurrency, blockchain, and AI search tools—driving tomorrow's innovations today.

                        Disclaimer: Blockchain.news provides content for informational purposes only. In no event shall blockchain.news be responsible for any direct, indirect, incidental, or consequential damages arising from the use of, or inability to use, the information provided. This includes, but is not limited to, any loss or damage resulting from decisions made based on the content. Readers should conduct their own research and consult professionals before making financial decisions.
                    
"
171,,,73,"Hyperlane Explodes 460% After Upbit Listing, but Bitcoin Hyper Could Pump Even Higher","{'name': 'Cryptodnes.bg', 'icon': 'https://encrypted-tbn3.gstatic.com/faviconV2?url=https://cryptodnes.bg&client=NEWS_360&size=96&type=FAVICON&fallback_opts=TYPE,SIZE,URL'}",https://cryptodnes.bg/en/hyperlane-explodes-460-after-upbit-listing-but-bitcoin-hyper-could-pump-even-higher/,https://cryptodnes.bg/en/wp-content/uploads/sites/2/2025/07/Main-6.png,https://news.google.com/api/attachments/CC8iK0NnNUJha1F4VFVoZmRsSldhazEwVFJEQkF4aXJCU2dLTWdhWmc1RE10UVk,"07/11/2025, 04:59 PM, +0000 UTC","We may earn commissions from affiliate links or include sponsored content, clearly labeled as such. These partnerships do not influence our editorial independence or the accuracy of our reporting. By continuing to use the site you agree to our terms and conditions and privacy policy.
 Cryptocurrency is a high-risk asset class, and investing carries significant risk, including the potential loss of some or all of your investment. The information on this website is provided for informational and educational purposes only and does not constitute financial, investment, or trading advice. For more details, please read our editorial policy.
The price of Hyperlane’s HYPER cryptocurrency surged by over 460% during the last two days after listing on Upbit and Bithumb – two of South Korea’s biggest crypto exchanges.
It was a massive move that caught everyone’s attention, especially given how quickly the price took off. But some traders believe a new Bitcoin-focused Layer 2 project – Bitcoin Hyper – could end up seeing an even bigger spike when it lists on exchanges soon, especially as Bitcoin powers toward history-making all-time highs above $118,000.
Bitcoin Hyper has raised over $2.3 million through its presale, with early investors currently able to buy its own HYPER tokens at a discount.
This publication is sponsored. CryptoDnes does not endorse and is not responsible for the content, accuracy, quality, advertising, products or other materials on this page.
Hyperlane (HYPER) is crypto’s version of a universal translator. It connects over 140 different blockchains, including Ethereum and Solana, making it easy to transfer tokens, NFTs, and data across chains without relying on intermediaries.
What makes Hyperlane unique is how customizable it is. Projects that use it get to decide exactly how secure their connections should be, choosing verification methods and rules that precisely match their needs.
Plus, anyone can participate because Hyperlane is permissionless and open-source, which has made it popular for DeFi apps, games, and governance systems.

Hyperlane also comes with “Warp Routes,” letting users transfer assets quickly and cheaply. This feature helps them avoid inconvenient delays and fees – and with more than $18 million invested by major industry players (including Circle Ventures), it’s clear that a lot of smart people believe in its potential.
Earlier this week, the Korean crypto exchanges Upbit and Bithumb both listed Hyperlane’s native HYPER token, marking the first time Korean traders could buy the asset using their local currency, the South Korean won (KRW).
The market went wild in response – and in just 12 hours, HYPER’s price jumped from around $0.117 to a peak of $0.668 (an increase of nearly 465%), before pulling back and surging even further to an all-time high of $0.689.

Trading volume also increased dramatically, hitting $3 billion in 24 hours – most of which ($1.7 billion) came directly from Upbit’s HYPER/KRW pair.
This price spike was driven by a wave of social media buzz creating urgency, new retail traders seeking exposure, and the presence of a huge user base on Korean exchanges. Further support is now also coming from Bitcoin’s latest all-time high run, and renewed strength across the altcoin sector, where many blue-chip cryptos are seeing double-digit daily gains.
Ultimately, Hyperlane’s credibility has been boosted – especially following headline-grabbing listings that demonstrate how quickly low-cap tokens can move. If its current momentum holds, investors believe Hyperlane’s Bithumb and Upbit listings could be just the start of a longer bull run.
Hyperlane has been generating a huge buzz this week, but the team behind Bitcoin Hyper (HYPER) is aiming even higher by unlocking Bitcoin’s full potential.
Bitcoin Hyper is a Layer 2 blockchain built to improve Bitcoin, bringing faster transactions, smart contracts, and DeFi apps to BTC holders in a simple and reliable way. It runs on the Solana Virtual Machine (SVM), meaning it delivers Solana-level speed (thousands of transactions per second at ultra-low fees), all secured by Bitcoin’s mainnet.
BTC holders can get started easily by using Bitcoin Hyper’s non-custodial bridge, which registers BTC deposits before the Layer 2 protocol mints wrapped Bitcoin for use across DeFi protocols, NFT marketplaces, and gaming apps.

Bitcoin Hyper has serious potential, since it’s directly targeting Bitcoin’s massive user base and allows BTC holders to use their assets in new and valuable ways. Meanwhile, the project’s native HYPER token covers gas fees and network governance, and can also act as a way for protocols to token-gate their projects and VIP tiers.
And with extremely attractive staking rewards (up to 348% APY during the presale) and over 15,000 followers on X, Bitcoin Hyper is set to take advantage of crypto’s current bullish momentum.
The expert analysts at 99Bitcoins are also getting involved, telling their 723,000 subscribers that HYPER has “10x potential.”
Given how fast Hyperlane rallied after its Upbit and Bithumb listings, some commentators are now speculating that Bitcoin Hyper’s own HYPER coin could experience a similar – or even bigger – surge when it hits the open market. Bitcoin’s bull run may be ongoing, but Bitcoin Hyper’s story is only just beginning.
Visit Bitcoin Hyper Presale
This publication is sponsored. CryptoDnes does not endorse and is not responsible for the content, accuracy, quality, advertising, products or other materials on this page. Readers should do their own research before taking any action related to cryptocurrencies. CryptoDnes shall not be liable, directly or indirectly, for any damage or loss caused or alleged to be caused by or in connection with use of or reliance on any content, goods or services mentioned.





Pump.fun is about to take its meme coin empire mainstream. The platform – known for fueling much of the Solana meme coin frenzy – has confirmed the launch of its native token, $PUMP, on July 12 at 2 PM UTC. With a $600 million raise target, this is one of the largest ICOs in recent […]
Bitcoin’s (BTC) push to a fresh all-time high above $118,000 has reignited bullish sentiment across the meme coin sector. Fartcoin (FARTCOIN) and Peanut the Squirrel (PNUT) have spiked roughly 15% and 20% respectively in just the past 24 hours, while long-time crowd favorites Pepe (PEPE) and Dogecoin (DOGE) rallied by about 15% and 10%. Riding […]
In a landmark breakthrough, Bitcoin (BTC) has entered into price discovery, registering fresh records near $118,000 for the first time in history. BTC’s push above the $2.4 trillion market cap level is now sparking a bullish wave across most major altcoins. The historic rally coincided with more than $1.18 billion of net inflows into spot […]
If you’re still watching from the sidelines, now’s the moment to grab your spot at the $PUMP party. Pump.fun isn’t just another meme coin launchpad – it’s where degens minted 1000x legends like $SNEK and $PEPE2 straight from zero to hero. With the $PUMP ICO dropping and listings like MEXC on the table, it’s time […]
Your Email address will not be published.


Save my name, email, and website in this browser for the next time I comment.

News and analysis about cryptocurrencies and blockchain – Altcoins, Bitcoin, FinTech, Regulations, NFT and everything from the world of cryptocurrencies.
"
172,,,74,"Top 3 Price Prediction: Bitcoin, Ethereum, Ripple – BTC leads charge to $120K as ETH, XRP extend bullish run","{'name': 'FXStreet', 'icon': 'https://encrypted-tbn3.gstatic.com/faviconV2?url=https://www.fxstreet.com&client=NEWS_360&size=96&type=FAVICON&fallback_opts=TYPE,SIZE,URL', 'authors': ['Manish Chhetri']}",https://www.fxstreet.com/cryptocurrencies/news/top-3-price-prediction-bitcoin-ethereum-ripple-btc-leads-charge-to-120k-as-eth-xrp-extend-bullish-run-202507110355,https://editorial.fxsstatic.com/images/i/cryptos-coins_XtraLarge.png,https://news.google.com/api/attachments/CC8iL0NnNW9ORGQzWmsxemVWQndkVVJYVFJERUF4aW1CU2dLTWdrSklZcGxKYWRFQndN,"07/11/2025, 03:55 AM, +0000 UTC","




Manish Chhetri

FXStreet



Bitcoin (BTC) is extending its bullish momentum, trading above $116,000 on Friday after surging to a new all-time high of $116,868 the previous day. Ethereum (ETH) and Ripple (XRP) followed BTC’s footsteps, rallying above their key resistances. With bullish structures forming across the top three cryptocurrencies, traders are eyeing higher targets, signaling further upside potential on the horizon.
Bitcoin price consolidation around the upper boundary of a previously broken consolidation zone at $108,355 came to an end on Wednesday. It surged to reach a new all-time high of $116,868 on Thursday. At the time of writing on Friday, it hovers above $116,600.
As BTC enters into a price discovery mode, and if the upward trend continues, it could extend the rally toward its key psychological level of $120,000.
The Relative Strength Index (RSI) on the daily chart reads 71, above its overbought level of 70, indicating strong bullish momentum. However, traders should be cautious as the chances of a pullback are high due to its overbought condition. Meanwhile, the Moving Average Convergence Divergence (MACD) indicator displayed a bullish crossover at the end of June. It also shows rising green histogram bars above its neutral zero line, suggesting bullish momentum is gaining traction and continuing an upward trend.
BTC/USDT daily chart
However, if BTC faces a correction, it could extend the decline to find support around the upper boundary of a previously broken consolidation zone at $108,355.
Ethereum price rebounded after finding support around its daily level of $2,461 last week and rallied 10%, closing above its daily resistance at $2,724 on Wednesday. It continued its rally by 6.59% the next day and retested its key psychological level at $3,000. At the time of writing on Friday, it hovers at around $2,970.
If ETH closes above $3,000 on a daily basis, it could extend the rally toward its next daily resistance level at $3,730.
The RSI on the daily chart reads 72, above its overbought level of 70, indicating strong bullish momentum. Meanwhile, the MACD indicator displayed a bullish crossover last week. It also shows rising green histogram bars above its neutral zero line, suggesting bullish momentum is gaining traction and continuing an upward trend.
ETH/USDT daily chart
However, if ETH faces rejection from $3,000, it could extend the decline to find support around its daily level of $2,724.
XRP price broke above the descending trendline (drawn by connecting multiple highs since mid-May) on June 30 and found support around its previous level over the next two days, rallying 4.5% until Sunday. As of this week, it continued to surge by nearly 13%, closing above its May 23 high of $2.47 on Thursday. At the time of writing on Friday, it hovers at around $2.57.
If XRP continues its upward momentum, it could extend the rally toward its daily resistance at $2.72, with eyes on $3.00 next.
The RSI on the daily chart reads 73, above its overbought level of 70, indicating strong bullish momentum. The MACD indicator on the daily chart displayed a bullish crossover last week and shows rising green histogram bars above its neutral level, suggesting bullish momentum and indicating an upward trend.
XRP/USDT daily chart 
However, if XRP faces a correction, it could extend the decline to find support at $2.47.

Information on these pages contains forward-looking statements that involve risks and uncertainties. Markets and instruments profiled on this page are for informational purposes only and should not in any way come across as a recommendation to buy or sell in these assets. You should do your own thorough research before making any investment decisions. FXStreet does not in any way guarantee that this information is free from mistakes, errors, or material misstatements. It also does not guarantee that this information is of a timely nature. Investing in Open Markets involves a great deal of risk, including the loss of all or a portion of your investment, as well as emotional distress. All risks, losses and costs associated with investing, including total loss of principal, are your responsibility. The views and opinions expressed in this article are those of the authors and do not necessarily reflect the official policy or position of FXStreet nor its advertisers. The author will not be held responsible for information that is found at the end of links posted on this page. 
If not otherwise explicitly mentioned in the body of the article, at the time of writing, the author has no position in any stock mentioned in this article and no business relationship with any company mentioned. The author has not received compensation for writing this article, other than from FXStreet.
FXStreet and the author do not provide personalized recommendations. The author makes no representations as to the accuracy, completeness, or suitability of this information. FXStreet and the author will not be liable for any errors, omissions or any losses, injuries or damages arising from this information and its display or use. Errors and omissions excepted.
The author and FXStreet are not registered investment advisors and nothing in this article is intended to be investment advice. 

Information on these pages contains forward-looking statements that involve risks and uncertainties. Markets and instruments profiled on this page are for informational purposes only and should not in any way come across as a recommendation to buy or sell in these assets. You should do your own thorough research before making any investment decisions. FXStreet does not in any way guarantee that this information is free from mistakes, errors, or material misstatements. It also does not guarantee that this information is of a timely nature. Investing in Open Markets involves a great deal of risk, including the loss of all or a portion of your investment, as well as emotional distress. All risks, losses and costs associated with investing, including total loss of principal, are your responsibility. The views and opinions expressed in this article are those of the authors and do not necessarily reflect the official policy or position of FXStreet nor its advertisers. The author will not be held responsible for information that is found at the end of links posted on this page. 
If not otherwise explicitly mentioned in the body of the article, at the time of writing, the author has no position in any stock mentioned in this article and no business relationship with any company mentioned. The author has not received compensation for writing this article, other than from FXStreet.
FXStreet and the author do not provide personalized recommendations. The author makes no representations as to the accuracy, completeness, or suitability of this information. FXStreet and the author will not be liable for any errors, omissions or any losses, injuries or damages arising from this information and its display or use. Errors and omissions excepted.
The author and FXStreet are not registered investment advisors and nothing in this article is intended to be investment advice. 
Pi Network edges higher at press time on Thursday as it trades in the green for the third consecutive day. The recovery could have been driven by the launch of the new Pi Node version, while the technical outlook shares the possibility of extended gains with a bullish pattern breakout. 
Sui extends its breakout above the descending channel and reclaims the 100-day EMA at $3.07 as support. Sui’s DeFi Total Value Locked nears the $2 billion mark, indicating rising investor confidence.
Bitcoin price stabilizes around 111,000 on Thursday after hitting a record high of nearly $112,000 the previous day. Fed Minutes spark renewed risk-on sentiment as it showed officials foresee interest rate cuts later this year, boosting momentum across markets.
Bitcoin could extend its price discovery phase amid renewed risk-on sentiment following its new record high. Ethereum extends gains toward $2,880 critical resistance on the backdrop of rising spot ETF inflows.
Bitcoin (BTC) closed a strong second quarter (Q2), recording nearly 30% in quarterly gains amid rising corporate and institutional demand and bullish market sentiment.
SPONSORED Discover the top brokers for trading EUR/USD in 2025. Our list features brokers with competitive spreads, fast execution, and powerful platforms. Whether you're a beginner or an expert, find the right partner to navigate the dynamic Forex market.
©2025 ""FXStreet"" All Rights Reserved
Note: All information on this page is subject to change. The use of this website constitutes acceptance of our user agreement. Please read our privacy policy and legal disclaimer.
Trading foreign exchange on margin carries a high level of risk and may not be suitable for all investors. The high degree of leverage can work against you as well as for you. Before deciding to trade foreign exchange you should carefully consider your investment objectives, level of experience and risk appetite. The possibility exists that you could sustain a loss of some or all of your initial investment and therefore you should not invest money that you cannot afford to lose. You should be aware of all the risks associated with foreign exchange trading and seek advice from an independent financial advisor if you have any doubts.
Opinions expressed at FXStreet are those of the individual authors and do not necessarily represent the opinion of FXStreet or its management. FXStreet has not verified the accuracy or basis-in-fact of any claim or statement made by any independent author: errors and omissions may occur. Any opinions, news, research, analyses, prices or other information contained on this website, by FXStreet, its employees, clients or contributors, is provided as general market commentary and does not constitute investment advice. FXStreet will not accept liability for any loss or damage, including without limitation to, any loss of profit, which may arise directly or indirectly from use of or reliance on such information.
"
173,,,75,"Anthony Scaramucci Says $180,000 Bitcoin Price Explosion Possible As BTC ‘Supremacy’ Creeps Up – Here’s His Timeline","{'name': 'The Daily Hodl', 'icon': 'https://encrypted-tbn0.gstatic.com/faviconV2?url=https://dailyhodl.com&client=NEWS_360&size=96&type=FAVICON&fallback_opts=TYPE,SIZE,URL', 'authors': ['Mark Emem']}",https://dailyhodl.com/2025/07/10/anthony-scaramucci-says-180000-bitcoin-price-explosion-possible-as-btc-supremacy-creeps-up-heres-his-timeline/,https://dailyhodl.com/wp-content/uploads/2025/07/BTC-Supremacy-Creeps-Up-1280x720.jpg,https://news.google.com/api/attachments/CC8iK0NnNVBSamhrWWpWTVZrNHRlVUpEVFJDZkF4ampCU2dLTWdZQkZKWUhtZ2s,"07/11/2025, 12:01 AM, +0000 UTC","SkyBridge Capital founder and CEO Anthony Scaramucci says Bitcoin (BTC) appears ready for more upside as it hovers around its all-time high.
In a new interview on the White Crypto YouTube channel, the hedge fund veteran says Bitcoin could go up by up to 65% from the current level before the end of the year.
“Well, every time I make a price prediction, I get it wrong. But I did say last year that I thought we could close in on $100,000. We didn’t quite get there until after the [President Trump] inauguration. But I do think this is $150,000 to $180,000 by year-end.”
According to Scaramucci, demand for Bitcoin from institutional investors is primed to keep going up.
“Bitcoin supremacy, if you will, is creeping up and I think that’s going to continue because it’s the go-to asset for institutional investors. That’s not to say that the other coins won’t do well. But I think institutional dollars that are coming into the space, something like 80% of those dollars will end up in Bitcoin.”
Scaramucci, however, says Bitcoin is currently facing various headwinds amid the heavy demand.
“There are a lot of things holding Bitcoin back. We’re fighting in the Gulf, we’re fighting in Ukraine and we’re fighting in the former Soviet Union, Russia. There’s global tension. There’s a fear of recession. We’re still getting over the aftermath, economically, of COVID. And so there are a lot of things holding Bitcoin back. 
But despite that, there’s very heavy net buying of Bitcoin, particularly through the [exchange-traded funds] ETFs.”
Bitcoin is trading at $109,273 at time of writing.
 
Generated Image: Midjourney
Covering the future of finance, including macro, bitcoin, ethereum, crypto, and web 3.
Categories
Bitcoin • Ethereum • Trading •
Altcoins • Futuremash • Financeflux •
Blockchain • Regulators • Scams •
HodlX • Press Releases
 
ABOUT US | EDITORIAL POLICY | PRIVACY POLICY
TERMS AND CONDITIONS  | CONTACT | ADVERTISE
 JOIN US ON TELEGRAM
 JOIN US ON X
 JOIN US ON FACEBOOK
COPYRIGHT © 2017-2025 THE DAILY HODL
© 2025 The Daily Hodl
"
174,,,76,Bitcoin Price (BTC) News: Everyone's Accumulating,"{'name': 'CoinDesk', 'icon': 'https://encrypted-tbn0.gstatic.com/faviconV2?url=https://www.coindesk.com&client=NEWS_360&size=96&type=FAVICON&fallback_opts=TYPE,SIZE,URL', 'authors': ['James Van Straten']}",https://www.coindesk.com/markets/2025/07/09/patterns-break-as-both-short-and-long-term-holder-cohorts-accumulate-bitcoin,https://www.coindesk.com/_next/image?url=https%3A%2F%2Fcdn.sanity.io%2Fimages%2Fs3y3vcno%2Fproduction%2Fdbfa40da1cfb13e5594be17a4ca6b8ab30789a31-1280x925.jpg%3Fauto%3Dformat&w=3840&q=75,https://news.google.com/api/attachments/CC8iK0NnNWtValpaTkRKUFVraEhiVlJDVFJEWEF4aUxCU2dLTWdhZFlveHRzUVU,"07/09/2025, 01:10 PM, +0000 UTC","As bitcoin BTC$117,993.92 continues a now multi-week consolidation just below its all-time high of $112,000, an interesting accumulation phenomenon is occurring.
Both short-term and long-term holders have been increasing their stacks as distinct cohorts, which is unusual because these groups typically act in opposite directions, according to Glassnode data. 
The chart below from Glassnode illustrates the 155-day threshold used to classify coins as belonging to Long-Term Holders (LTH) or Short-Term Holders (STH). 
Since June 22, the LTH supply has increased by 13,000 BTC, returning to an all-time high of 14,713,345 BTC. Meanwhile, over the same period, STHs have grown their BTC supply by more than 60,000 BTC and now hold over 2.3 million BTC.
According to Glassnode data, LTH and STH cohorts usually diverge because LTHs often sell into bull market strength, while STHs tend to buy amid market greed and euphoria.
This alignment suggests that both groups of market participants are expecting higher prices. If both cohorts continue increasing their supply, there is a strong possibility that all-time highs will be surpassed.

James Van Straten is a Senior Analyst at CoinDesk, specializing in Bitcoin and its interplay with the macroeconomic environment. Previously, James worked as a Research Analyst at Saidler & Co., a Swiss hedge fund, where he developed expertise in on-chain analytics. His work focuses on monitoring flows to analyze Bitcoin's role within the broader financial system.
In addition to his professional endeavors, James serves as an advisor to Coinsilium, a UK publicly traded company, where he provides guidance on their Bitcoin treasury strategy. He also holds investments in Bitcoin and Strategy (MSTR). 
“AI Boost” indicates a generative text tool, typically an AI chatbot, contributed to the article. In each and every case, the article was edited, fact-checked and published by a human. Read more about CoinDesk's AI Policy.
About
Contact
"
175,,,77,"Bitcoin (BTC) Hits New All-Time High, Can It Avoid Another Meltdown?","{'name': 'BeInCrypto', 'icon': 'https://encrypted-tbn3.gstatic.com/faviconV2?url=https://beincrypto.com&client=NEWS_360&size=96&type=FAVICON&fallback_opts=TYPE,SIZE,URL', 'authors': ['Ananda Banerjee']}",https://beincrypto.com/bitcoin-price-hits-116k-ath-with-institutional-backing/,https://beincrypto.com/wp-content/uploads/2025/06/gamestop-bitcoin-holdings.png.webp,https://news.google.com/api/attachments/CC8iK0NnNXhhVFEyTnpSaVZYZHpOMVl5VFJDb0FSaXNBaWdCTWdhZE00S1FuUUk,"07/11/2025, 04:30 AM, +0000 UTC","Bitcoin (BTC) Hits New All-Time High, Can It Avoid Another Meltdown?"
176,,,78,"Bitcoin Primed for $180K Surge With Fed Shift, Debt Spiral, and Corporate Buying","{'name': 'Bitcoin.com News', 'icon': 'https://encrypted-tbn2.gstatic.com/faviconV2?url=https://news.bitcoin.com&client=NEWS_360&size=96&type=FAVICON&fallback_opts=TYPE,SIZE,URL', 'authors': ['Kevin Helms']}",https://news.bitcoin.com/bitcoin-primed-for-180k-surge-with-fed-shift-debt-spiral-and-corporate-buying/,,,"07/11/2025, 04:45 PM, +0000 UTC","Bitcoin Primed for $180K Surge With Fed Shift, Debt Spiral, and Corporate Buying"
177,,,79,Bitcoin Record Is Job Only Half Done: Crypto Daybook Americas,"{'name': 'CoinDesk', 'icon': 'https://encrypted-tbn0.gstatic.com/faviconV2?url=https://www.coindesk.com&client=NEWS_360&size=96&type=FAVICON&fallback_opts=TYPE,SIZE,URL', 'authors': ['James Van Straten', 'omkar godbole', 'Shaurya Malwa']}",https://www.coindesk.com/daybook-us/2025/07/11/bitcoin-record-is-job-only-half-done-crypto-daybook-americas,https://www.coindesk.com/_next/image?url=https%3A%2F%2Fcdn.sanity.io%2Fimages%2Fs3y3vcno%2Fproduction%2F606775146fc70abffce4e84d5a27b6125704a949-1500x842.jpg%3Fauto%3Dformat&w=3840&q=75,https://news.google.com/api/attachments/CC8iK0NnNXhlR1pGVDFOc2FWWmpTVk5xVFJDZkF4ampCU2dLTWdZSmg0WklNZ1E,"07/11/2025, 11:15 AM, +0000 UTC","You are viewing Crypto Daybook Americas, your morning briefing on what happened in the crypto markets overnight and what's expected during the coming day. Crypto Daybook Americas will arrive in your inbox at 7 a.m. ET to kickstart your morning with comprehensive insights. If you're not already subscribed, click here. You won't want to start your day without it.
By James Van Straten (All times ET unless indicated otherwise)
Bitcoin BTC$117,993.92 broke through to new highs above $118,000, but still has more to prove. It needs to reclaim records against other major assets such as gold and the British pound to demonstrate that it is outpacing them on a relative basis. 
Since July 9, BTC has surged from $108,000, with each rally seeing very limited pullbacks, highlighting the strength of the bull run. It is up 60% from its April lows, when tariff concerns rattled the market. Notably, for the first time since February, bitcoin has overtaken gold in year-to-date performance, rising 27% versus  gold’s 26%.
Significant liquidations have naturally followed the gains, as the $112,000 level, which marked the previous all-time high, was a well-defended position. Heavy short positions were defending that level, and their unwinding has fueled further upside momentum. U.S. crypto stocks are also higher in pre-market trading. 
Meanwhile, the Bitcoin network hash rate, which measures the computational power used to mine the proof-of-work blockchain, has rebounded above 915 exahashes per second (EH/s), signaling strong network participation. A significant difficulty adjustment exceeding 7% is likely over the weekend.
Looking ahead, one key risk that could derail bitcoin’s momentum is the U.S. inflation data, due July 15. Last month, headline inflation printed at 2.4%, while core inflation came in at 2.8% year over year. For any hopes of rate cuts to remain intact, these numbers will need to trend lower. Stay alert!
The CoinDesk Policy & Regulation conference (formerly known as State of Crypto) is a one-day boutique event held in Washington on Sept. 10 that allows general counsels, compliance officers and regulatory executives to meet with public officials responsible for crypto legislation and regulatory oversight. Space is limited. Use code CDB10 for 10% off your registration through July 17.
By Shaurya Malwa

Spot BTC ETFs
Spot ETH ETFs
Source: Farside Investors

Francisco Rodrigues, Siamak Masnavi contributed reporting.
James Van Straten is a Senior Analyst at CoinDesk, specializing in Bitcoin and its interplay with the macroeconomic environment. Previously, James worked as a Research Analyst at Saidler & Co., a Swiss hedge fund, where he developed expertise in on-chain analytics. His work focuses on monitoring flows to analyze Bitcoin's role within the broader financial system.
In addition to his professional endeavors, James serves as an advisor to Coinsilium, a UK publicly traded company, where he provides guidance on their Bitcoin treasury strategy. He also holds investments in Bitcoin and Strategy (MSTR). 
Omkar Godbole is a Co-Managing Editor on CoinDesk's Markets team based in Mumbai, holds a masters degree in Finance and a Chartered Market Technician (CMT) member.  Omkar previously worked at FXStreet, writing research on currency markets and as fundamental analyst at currency and commodities desk at Mumbai-based brokerage houses. Omkar holds small amounts of bitcoin, ether, BitTorrent, tron and dot.
Shaurya is the Co-Leader of the CoinDesk tokens and data team in Asia with a focus on crypto derivatives, DeFi, market microstructure, and protocol analysis.Shaurya holds over $1,000 in BTC, ETH, SOL, AVAX, SUSHI, CRV, NEAR, YFI, YFII, SHIB, DOGE, USDT, USDC, BNB, MANA, MLN, LINK, XMR, ALGO, VET, CAKE, AAVE, COMP, ROOK, TRX, SNX, RUNE, FTM, ZIL, KSM, ENJ, CKB, JOE, GHST, PERP, BTRFLY, OHM, BANANA, ROME, BURGER, SPIRIT, and ORCA.He provides over $1,000 to liquidity pools on Compound, Curve, SushiSwap, PancakeSwap, BurgerSwap, Orca, AnySwap, SpiritSwap, Rook Protocol, Yearn Finance, Synthetix, Harvest, Redacted Cartel, OlympusDAO, Rome, Trader Joe, and SUN.
About
Contact
"
178,,,80,S&P 500 Index soars to record but drops in Bitcoin terms,"{'name': 'Cointelegraph', 'icon': 'https://encrypted-tbn1.gstatic.com/faviconV2?url=https://cointelegraph.com&client=NEWS_360&size=96&type=FAVICON&fallback_opts=TYPE,SIZE,URL', 'authors': ['Sam Bourgi']}",https://cointelegraph.com/news/sp500-record-high-bitcoin-etf-inflows-2025,"https://images.cointelegraph.com/cdn-cgi/image/format=auto,onerror=redirect,quality=90,width=1434/https://s3.cointelegraph.com/uploads/2025-07/0197fa4c-781e-7219-8a22-f721015e9bbb",https://news.google.com/api/attachments/CC8iK0NnNTVWa0pmVjBWMk9VNW9VRXMxVFJERUF4aW5CU2dLTWdhcFpKU3VKUWc,"07/11/2025, 06:08 PM, +0000 UTC",S&P 500 Index soars to record but drops in Bitcoin terms
179,,,81,"Bitcoin Price Hits $117,000 ATH; Trump & Sun Spark Fresh Crypto Frenzy","{'name': 'Cryptonews', 'icon': 'https://encrypted-tbn3.gstatic.com/faviconV2?url=https://cryptonews.com&client=NEWS_360&size=96&type=FAVICON&fallback_opts=TYPE,SIZE,URL', 'authors': ['Arslan Butt']}",https://cryptonews.com/news/bitcoin-price-hits-117000-ath-trump-sun-spark-fresh-crypto-frenzy/,https://cimg.co/wp-content/uploads/2025/07/08133831/1751981911-bitcoin-price-prediction-15.jpg,https://news.google.com/api/attachments/CC8iI0NnNVJWblI0TjFWdGFFcHNlR1ZUVFJDMEFSaVpBaWdCTWdB,"07/10/2025, 11:21 PM, +0000 UTC","Bitcoin Price Hits $117,000 ATH; Trump & Sun Spark Fresh Crypto Frenzy"
180,,,82,"Bitcoin (BTC) Madness, Top Ripple (XRP) Price Predictions, and More: Bits Recap","{'name': 'CryptoPotato', 'icon': 'https://encrypted-tbn1.gstatic.com/faviconV2?url=https://cryptopotato.com&client=NEWS_360&size=96&type=FAVICON&fallback_opts=TYPE,SIZE,URL', 'authors': ['Dimitar Dzhondzhorov']}",https://cryptopotato.com/bitcoin-btc-madness-top-ripple-xrp-price-predictions-and-more-bits-recap/,https://cryptopotato.com/wp-content/uploads/2025/07/Recap_CB-14.jpg,https://news.google.com/api/attachments/CC8iK0NnNVJhVFJVWDJKWk1XRjZMVTR5VFJDdEF4akxCU2dLTWdZRm9aUW1PUWM,"07/11/2025, 10:34 AM, +0000 UTC","The crypto market has been booming lately. Here’s how BTC, XRP, and ETH have been performing.
TL;DR
The primary cryptocurrency remains on the crest of the wave, with its price exploding to a new all-time high of over $118,000 just a few hours ago. Moreover, several indicators suggest that bitcoin (BTC) has more room for growth.
During previous peaks in 2024, for instance, the asset’s Market Value to Realized Value (MVRV) ratio spiked beyond 2.7, while it currently stands at around 2.35. 
Furthermore, CryptoQuant revealed that the short-term holder spent output profit ratio (SOPR) does not show signs of “aggressive” profit-taking, resulting in minimal sell pressure from such investors. 
The diminishing amount of BTC stored on crypto exchanges also indicates a similar thing. Over the last several months, investors have gradually shifted assets from centralized platforms to self-custody methods, as shown in the chart below.
Somewhat expected, the crypto community is full of members envisioning further gains for BTC. X user Captain Faibik claimed the bulls are “in complete control,” predicting a rise to $126,000. 
OxNobler, who previously forecasted that the “real bull run” would start on July 10, thinks the “super-cycle is here” and argued that the valuation could explode to $300,000.
Ripple’s cross-border token has followed the green wave in the crypto market, rising to a two-month high of $2.60. Furthermore, its price appears to have confirmed a breakout from a multi-year symmetrical triangle that formed between 2018 and 2024, which could be a precursor to additional solid gains. 
X user Cryptoinsightuk assumed that a rise above the resistance level of $2.60 could open the door to an ascent toward $3 and then a new all-time high. 
At the same time, though, investors should keep an eye on some important metrics that suggest a short-term correction is not out of the cards. An example is XRP’s Relative Strength Index (RSI), which has soared to 85, or extremely overbought territory. 
The world’s largest altcoin has posted an impressive price increase of almost 20% over the past week, currently trading well above $3,000.
According to numerous analysts, the rally is far from being over. X user Cipher X does not expect any “major correction” until $3,300-$3,400, whereas Ted suggested that ETH’s next stop is $4,000.
However, there are also some warning signals. As CryptoPotato reported, the Ethereum Foundation offloaded 1,210 ETH for 3.5 million USDC at an average price of approximately $2,890. The entity’s past sell-offs have become part of crypto’s folklore, with some noting that these actions have often preceded notable price pullbacks.
There have been exceptions, of course. In November of last year, the Ethereum Foundation initiated another selling spree, but the asset’s price continued its uptrend and topped $4,000 in December. 

											Dimitar got interested in cryptocurrencies back in 2018 amid the prolonged bear market. His biggest passion in the field is Bitcoin and he was fascinated with its journey. With a flair for producing high-quality content, he started covering the cryptocurrency space in late 2018. His hobby is football.

 
Sign-up FREE to receive our extended daily market update and coin analysis report
"
181,,,83,Bitcoin (BTC) Price News: Record High of $112K in Sight,"{'name': 'CoinDesk', 'icon': 'https://encrypted-tbn0.gstatic.com/faviconV2?url=https://www.coindesk.com&client=NEWS_360&size=96&type=FAVICON&fallback_opts=TYPE,SIZE,URL', 'authors': ['Krisztian Sandor']}",https://www.coindesk.com/markets/2025/07/09/bitcoin-tops-111k-on-brink-of-breaking-record-high-ethers-6-jump-leads-major-cryptos,https://cdn.sanity.io/images/s3y3vcno/production/82278b028619a821b8a3519a3302e962a11db375-2228x1214.png,https://news.google.com/api/attachments/CC8iK0NnNXFPVGhrZVhGSFdYRTRaVnBUVFJDWkF4anVCU2dLTWdhTkJLYk5qUXc,"07/09/2025, 10:41 PM, +0000 UTC","Bitcoin BTC$117,993.92 broke out of its recent very tight trading range during U.S. Wednesday afternoon hours, threatening to topple its May record of $112,000.
The largest crypto briefly notched a new record in U.S. dollar terms on some exchanges including Binance, Coinbase and Bitstamp, before retreating towards $111,000. However, price data aggregators including CoinDesk, CoinGecko and CoinMarketCap show that BTC remained just below its May 22 peak.
The move came amid a broader crypto rally that also saw Ethereum's ether (ETH) surge 6% to $2,760, its highest level in a month. Bitcoin itself was ahead 2.4% at $111,400 at press time.
During today's swift move higher, some $425 million in leveraged short positions were liquidated across all crypto derivatives, CoinGlass data shows.
For BTC, the area around the $110,000 level has been a significant barrier over the past several weeks with investors taking profits and shorts piling each time the price neared that level.
Checking crypto-related stocks, Strategy (MSTR) is higher by 4.4% and at $414, only a few dollars shy of its highest level of 2025 (though still well below its record high of $543 set late last year). Coinbase (COIN) is ahead 5%. Bitcoin miners MARA Holdings (MARA) and Riot Platforms (RIOT) are up roughly 6%.
Still, market watchers noted that the slow, quiet buildup could be a bullish setup.
""Crypto feels so quiet, [while] bitcoin is ready to move,"" wrote Charlie Morris, chief investment officer at ByteTree, in a report.
Morris pointed out that bitcoin’s volatility has steadily declined, a pattern that historically preceded large upward moves.
""The setup for the next one is looking good,"" he said. ""As I keep on saying, the quiet bulls are the best.""
Joel Kruger, market strategist at LMAX Group, pointed to ether’s strength above key technical support levels and growing demand from long-only institutions betting on its future role in settlement infrastructure and asset tokenization.
That view was echoed by digital asset manager Bitwise's analysts, who named ETH as one of the ""cleanest"" token plays to bet on the red-hot tokenization trend, The Block reported.
UPDATE (July 9, 2025, 20:30 UTC): Adds more details throughout the story.
Krisztian Sandor is a U.S. markets reporter focusing on stablecoins, tokenization, real-world assets. He graduated from New York University's business and economic reporting program before joining CoinDesk. He holds BTC, SOL and ETH.
About
Contact
"
182,,,84,"Is bitcoin price stalling at $100,000? ETF experts debate next crypto trades","{'name': 'CNBC', 'icon': 'https://encrypted-tbn0.gstatic.com/faviconV2?url=https://www.cnbc.com&client=NEWS_360&size=96&type=FAVICON&fallback_opts=TYPE,SIZE,URL', 'authors': ['Afshan Musani']}",https://www.cnbc.com/2025/07/07/bitcoin-price-100000-etf-crypto-trades.html,https://image.cnbcfm.com/api/v1/image/108146289-1747336602924-gettyimages-1312540542-_dsc9048.jpeg?v=1747416924&w=1600&h=900,https://news.google.com/api/attachments/CC8iL0NnNVFhbmRFWjFKblgxQTVSV0pWVFJDb0FSaXNBaWdCTWdtbE5ZVE5KYWVEMGdB,"07/07/2025, 05:51 PM, +0000 UTC","Is bitcoin price stalling at $100,000? ETF experts debate next crypto trades"
183,,,85,Bitcoin soars to new all-time high above $112K as traders liquidate shorts,"{'name': 'Cointelegraph', 'icon': 'https://encrypted-tbn1.gstatic.com/faviconV2?url=https://cointelegraph.com&client=NEWS_360&size=96&type=FAVICON&fallback_opts=TYPE,SIZE,URL', 'authors': ['Zoltan Vardai']}",https://cointelegraph.com/news/bitcoin-hits-new-high-above-dollar112k-as-traders-liquidate-shorts,"https://images.cointelegraph.com/cdn-cgi/image/format=auto,onerror=redirect,quality=90,width=1434/https://s3.cointelegraph.com/uploads/2025-05/0196f767-8bb2-7cc6-a5c3-ad93aaec199e",https://news.google.com/api/attachments/CC8iK0NnNURiRmh0ZFdOUFdGaFFRbmxwVFJERUF4aW5CU2dLTWdhTk1Zam9JQVU,"07/09/2025, 08:10 PM, +0000 UTC",Bitcoin soars to new all-time high above $112K as traders liquidate shorts
184,,,86,Wall Street Quietly Braced For Crypto ‘Floodgates’ To Open As Bitcoin Suddenly Tops All-Time High Price,"{'name': 'Forbes', 'icon': 'https://encrypted-tbn2.gstatic.com/faviconV2?url=https://www.forbes.com&client=NEWS_360&size=96&type=FAVICON&fallback_opts=TYPE,SIZE,URL', 'authors': ['Billy Bambrough']}",https://www.forbes.com/sites/digital-assets/2025/07/10/wall-street-quietly-braced-for-crypto-floodgates-to-open-as-bitcoin-suddenly-tops-all-time-high-price/,"https://imageio.forbes.com/specials-images/imageserve/673ebf0b7db7a827666a7939/Donald-Trump--bitcoin--bitcoin-price--crypto--image/0x0.jpg?crop=1906,1140,x191,y188,safe&height=425&width=711&fit=bounds",https://news.google.com/api/attachments/CC8iK0NnNVJiR1oyWmtwS1RUWlRXRmhSVFJDcEF4akhCU2dLTWdZcFJaVE9uUWs,"07/10/2025, 11:45 AM, +0000 UTC","ByBilly Bambrough

ByBilly Bambrough,
 Senior Contributor. 
Bitcoin has topped its previous all-time high, climbing above $112,000 per bitcoin as Tesla billionaire Elon Musk confirms wild bitcoin rumors.
Front-run Donald Trump, the White House and Wall Street by subscribing now to Forbes’ CryptoAsset & Blockchain Advisor where you can ""uncover blockchain blockbusters poised for 1,000% plus gains!""
The bitcoin price has surged over the last year, climbing thanks to a perfect storm of U.S. president Donald Trump’s embrace of crypto and Wall Street piling into bitcoin spot exchange-traded funds (ETFs)—with a “huge” BlackRock ETF bombshell suddenly appearing on the horizon.
Now, as traders eye “trillions and trillions” of dollars that some think could be about to flow into bitcoin and crypto, a closely-watched Wall Street analyst has predicted the “floodgates” are about to open for crypto ETFs.
Sign up now for the free CryptoCodex—A daily five-minute newsletter for traders, investors and the crypto-curious that will get you up to date and keep you ahead of the bitcoin and crypto market bull run
U.S. president Donald Trump has helped power a bitcoin price boom over the last year, with some ... More predicting the bitcoin rally could be just getting started.
The bitcoin and crypto ETF landscape is braced for the U.S. Securities and Exchange Commission (SEC) to approve multiple spot cryptocurrency exchange-traded funds and create a ""framework"" that would make the approval process for future crypto ETF applications much quicker, according to a report by The Block that cited an anonymous source.
""Then we will see the floodgates open on these other assets, but that’s what I’m waiting for,"" Bloomberg Intelligence ETF analyst James Seyffart said on an X Spaces broadcast, adding he expects a draft of the framework could emerge as soon as this month, with implementation possible by September or October.
The SEC, which has pivoted from being hostile to bitcoin and crypto under the Biden administration to pro-crypto under Trump, has issued new guidance this month on disclosure requirements for exchange-traded products tied to cryptocurrencies, described by Reuters as “the first step toward approval of dozens of applications for ETFs linked to everything from solana and XRP to president Donald Trump’s eponymous meme coin.”
""The SEC is moving forward on creating a framework for how they’d like to see all these crypto assets included in investment funds"" to address the ""explosion"" in the number of ETFs now awaiting a regulatory verdict, Sui Chung, chief executive of crypto index provider CF Benchmarks, told the newswire.
Sign up now for CryptoCodex—A free, daily newsletter for the crypto-curious
The bitcoin price has doubled over the last year, climbing to an all-time high of just over $112,000 ... More per bitcoin.
“What we’re seeing is a long-overdue recalibration from speculation to structural adoption as mandates are being rewritten around digital assets,” Ryan Chow, cofounder of bitcoin finance platform Solv Protocol, said in emailed comments.
“Bitcoin’s new all-time high is a signal of growing institutional maturity and global confidence in crypto as an asset class.”
BlackRock, which manages around $10 trillion worth of assets for investors, spearheaded Wall Street’s campaign to bring a long-awaited spot bitcoin ETF to market in 2023, with a fleet of funds debuting in January 2024 that now hold 1.2 million bitcoin worth around $140 billion.
BlackRock’s fund alone holds around 3% of the 21 million bitcoin that will ever exist, worth $77 billion at the current bitcoin price, which some have warned could be giving BlackRock outsized control over the network.
"
185,,,87,"Bitcoin price surges to record high: Trump’s policies and bullish bets send BTC soaring past $113,000","{'name': 'The Economic Times', 'icon': 'https://encrypted-tbn3.gstatic.com/faviconV2?url=https://m.economictimes.com&client=NEWS_360&size=96&type=FAVICON&fallback_opts=TYPE,SIZE,URL'}",https://m.economictimes.com/news/international/global-trends/bitcoin-price-surges-to-record-high-trumps-policies-and-bullish-bets-send-btc-soaring-past-113000/articleshow/122371897.cms,"https://m.economictimes.com/thumb/msid-122372091,width-1200,height-900,resizemode-4,imgsize-90984/illustration-of-bitcoin.jpg",https://news.google.com/api/attachments/CC8iK0NnNHlhVkZMWWxwamRGRXhNRVpQVFJEZ0F4aUFCU2dLTWdZZFpJekxOUVU,"07/10/2025, 06:34 PM, +0000 UTC","Bitcoin has pushed to a record $113,734.64, lifted by demand from big investors and new crypto-friendly policies under US President Donald Trump. Options traders now see higher levels ahead, with targets up to $150,000 by year-end. Meanwhile, technical charts hint at an upside of $146,400 if momentum holds. Rising corporate adoption and bullish sentiment add fuel, even as looming US tariffs cast a shadow. Key support sits at $107,000, with eyes on $100,000 if prices dip.

(Catch all the Business News, Breaking News, Budget 2025 Events and Latest News Updates on The Economic Times.)
Subscribe to The Economic Times Prime and read the ET ePaper online.
(Catch all the Business News, Breaking News, Budget 2025 Events and Latest News Updates on The Economic Times.)
Subscribe to The Economic Times Prime and read the ET ePaper online.
Explore More Stories
Nissan suspends US production of three models for Canada amid tariff dispute
Canada’s unemployment rate soars to 9-year high; nearly 10,000 jobs lost at Ontario colleges
Ontario teen charged with attempted murder and sexual assault after 8-year-old girl found injured in woods
Stanley park Christmas train cancelled after 26 years, burn fund faces $500K crisis
Two planes crash mid-air near Winnipeg killing student pilots in rare training tragedy
Canada’s Air Transat joins world’s greenest airlines in global emissions ranking
Trump's America is Canada's biggest threat, shocking poll shows
Carney orders deep cuts ahead of first federal budget amid soaring defense budget
Chinese spy tech giant fights back as Canada kicks out Hikvision over national security concerns
Canada in crosshairs as Trump delays global tariffs, leaving Ottawa scrambling to strike high-stakes deal
Deadly dog virus outbreak in Ontario leaves puppies dying as vets race to stop the spread
Stampede turns into political battleground as Canada’s top leaders flood Calgary ahead of  election
Pearl Jam drummer Matt Cameron exits band after 27 Years; rock group calls him one of their 'first musical heroes'
India dodges Trump’s tariffs, SBI’s mega QIP
Rubio reveals what happened in meet with Lavrov
Starmer and Macron announce migrant deal
‘Micro-drone will hit him’: Iran’s ‘fatwa’ to kill Trump
Rubio meets Lavrov for Ukraine peace talks
6 Secret Service agents suspended over Trump rally shooting
Tech Pulse with Poco India’s Himanshu Tandon
‘Russia will help China invade Taiwan by distracting Europe’
RJD scared of Kanhaiya, says Prashant Kishore
Dramatic rescue in LA: 31 trapped tunnel workers saved
India dodges Trump’s tariffs, SBI’s mega QIP
Rubio reveals what happened in meet with Lavrov
Starmer and Macron announce migrant deal
‘Micro-drone will hit him’: Iran’s ‘fatwa’ to kill Trump
Rubio meets Lavrov for Ukraine peace talks
6 Secret Service agents suspended over Trump rally shooting
Tech Pulse with Poco India’s Himanshu Tandon
‘Russia will help China invade Taiwan by distracting Europe’
RJD scared of Kanhaiya, says Prashant Kishore
Dramatic rescue in LA: 31 trapped tunnel workers saved
Hot on Web
In Case you missed it
Top Searched Companies
Top Calculators
Top Prime Articles
Top Commodities
Top Slideshow
Private Companies
Top Story Listing
Top Definitions
Latest News
Follow us on:
Find this comment offensive?
Choose your reason below and click on the Report button. This will alert our moderators to take action
Reason for reporting:
Your Reason has been Reported to the admin.
Log In/Connect with:
Will be displayed
Will not be displayed
Will be displayed
Worry not. You’re just a step away.
It seems like you're already an ETPrime member with
Login using your ET Prime credentials to enjoy all member benefits
Log out of your current logged-in account  and log in again using your ET Prime credentials  to enjoy all member benefits.
Big Price Drop! Flat 40% Off


Offer Exclusively For You
Save up to Rs. 700/-
ON ET PRIME MEMBERSHIP
Offer Exclusively For You
Get 1 Year Free
With 1 and 2-Year ET prime membership
Offer Exclusively For You
Get 1 Year Free
With 1 and 2-Year ET prime membership
Offer Exclusively For You
Get Flat 40% Off
Then  ₹ 1749 for 1 year
Offer Exclusively For You
ET Prime at ₹ 49 for 1 month
Then  ₹ 1749 for 1 year
Special Offer
Get flat 40% off on ETPrime








What’s Included with
ETPrime Membership
                	
Trump temper on H-1B visas is forcing Indians to do these things to stay put in US
What Adani’s US indictment means for India Inc’s overseas fundraising
Why veterans like Reliance, L&T are on acquisition spree? Aswath Damodaran has an answer.
Will China’s dollar bond sale in Saudi Arabia trump the US in financial world?
Huawei launches its own OS to compete with Google and Apple. But can it win beyond China?
The problem with lab grown diamonds
Why a falling rupee is a better option for the economy
A list of top 20 momentum stocks that have delivered massive returns in one year
Investment Ideas
Grow your wealth with stock ideas & sectoral trends.
Stock Reports Plus
Buy low & sell high with access to Stock Score, Upside potential & more. 
BigBull Porfolio
Get to know where the market bulls are investing to identify the right stocks.
Stock Analyzer
Check the score based on the company's fundamentals, solvency, growth, risk & ownership to decide the right stocks.
Market Mood
Analyze the market sentiments & identify the trend reversal for strategic decisions.
Stock Talk Live at 9 AM Daily
Ask your stock queries & get assured replies by ET appointed, SEBI registered experts.
ePaper - Print View
Read the PDF version of ET newspaper. Download & access it offline anytime.
ePaper - Digital View
Read your daily newspaper in Digital View & get it delivered to your inbox everyday.
Wealth Edition
Manage your money efficiently with this weekly money management guide.
TOI ePaper
Read the PDF version of TOI newspaper. Download & access it offline anytime.
Deep Explainers
Explore the In-depth explanation of complex topics for everyday life decisions.
Health+ Stories
Get fitter with daily health insights committed to your well-being.
Personal Finance+ Stories
Manage your wealth better with in-depth insights & updates on finance.
New York Times Exclusives
Stay globally informed  with exclusive story from New York Times.
TimesPrime Subscription
Access 20+ premium subscriptions like Spotify, Uber One & more.
Docubay Subscription
Stream new documentaries from all across the world every day.
Leadership | Entrepreneurship People | Culture
Leadership | Entrepreneurship People | Culture
Leadership | Entrepreneurship People | Culture
Leadership | Entrepreneurship People | Culture
Leadership | Entrepreneurship People | Culture
Stories you might be interested in
"
186,,,88,Stellar Lumens (XLM) Surges As Bitcoin Dominance Lifts Altcoin Market,"{'name': 'Benzinga', 'icon': 'https://encrypted-tbn3.gstatic.com/faviconV2?url=https://www.benzinga.com&client=NEWS_360&size=96&type=FAVICON&fallback_opts=TYPE,SIZE,URL', 'authors': ['Henry Khederian']}",https://www.benzinga.com/trading-ideas/movers/25/07/46374389/stellar-lumens-xlm-surges-as-bitcoin-dominance-lifts-altcoin-market,https://cdn.benzinga.com/files/images/story/2025/07/11/Cryptocurrency-Innovation-Concept--Busin_0.jpeg?width=1200&height=800&fit=crop,https://news.google.com/api/attachments/CC8iK0NnNHhja0ZCTmpKSlJ5MDFRazk2VFJERUF4aW1CU2dLTWdZaEU0cU5MUVk,"07/11/2025, 05:56 PM, +0000 UTC","Benzinga Rankings give you vital metrics on any stock – anytime.
Stellar Lumens XLM/USD is rocketing higher Friday afternoon, posting double-digit gains in a broad-based rally sparked by Bitcoin’s BTC/USD historic price movement. Here’s what investors need to know.
What To Know: This impressive jump comes in sympathy with Bitcoin, which has surged to a new all-time high of over $118,000. The decisive move by the market leader is creating a powerful tailwind for the entire digital asset sector, pulling prominent altcoins like Stellar along for the ride.
Bitcoin’s record-setting ascent is being fueled by significant and sustained institutional investment, highlighted by massive inflows into U.S.-listed spot Bitcoin ETFs. This influx of capital from major financial players is boosting confidence across the cryptocurrency ecosystem as a whole.
Historically, when Bitcoin clears previous highs, it triggers a wave of bullish sentiment that extends deep into the altcoin market. Investors, emboldened by Bitcoin’s strength, often look to diversify into other established projects with clear use cases.
Read Also: Bitcoin Miners Rake In $55K Daily Despite Heat-Driven Hashrate Dip — Here’s Their Secret
Stellar on Friday afternoon has become an attractive target for this rotational flow of capital. This phenomenon of market sympathy, where the broader market follows Bitcoin’s lead, is the primary force behind Stellar’s sharp price increase for the session.
What Else: Stellar is a decentralized, open-source network designed to facilitate fast, low-cost cross-border payments and asset transfers. It aims to connect financial institutions, payment systems, and individuals, allowing for the quick and reliable movement of money globally. 
Its native digital currency is called the Lumen, or XLM. Within the network, Lumens serve a dual purpose: they act as a required anti-spam measure for accounts and are used to pay for transaction fees. 
More importantly, XLM functions as a universal bridge asset, enabling seamless conversion between different currencies on the platform, thereby making it easier to trade and send various forms of value across borders without relying on traditional, slower banking systems.
Price Action: According to data from Benzinga Pro, Stellar Lumens is trading higher by 22.3% to $0.370.
Read Also: Anthony Scaramucci Once Slammed Dogecoin, Other Memecoins As ‘Distraction’ From The Purity Of Bitcoin — This Is The Stuff That Would Aggravate Warren Buffett
Benzinga Rankings give you vital metrics on any stock – anytime.
© 2025 Benzinga.com. Benzinga does not provide investment advice. All rights reserved.
A newsletter built for market enthusiasts by market enthusiasts. Top stories, top movers, and trade ideas delivered to your inbox every weekday before and after the market closes.
"
187,,,89,"Bitcoin price today: rises to new record high above $116,000","{'name': 'Investing.com', 'icon': 'https://encrypted-tbn2.gstatic.com/faviconV2?url=https://www.investing.com&client=NEWS_360&size=96&type=FAVICON&fallback_opts=TYPE,SIZE,URL', 'authors': ['Frank Dematteo']}",https://www.investing.com/news/cryptocurrency-news/bitcoin-price-today-hits-record-high-near-112k-on-growing-institutional-appetite-4129049,https://i-invdn-com.investing.com/news/moved_LYNXMPEI5E01G_L.jpg,https://news.google.com/api/attachments/CC8iK0NnNTJYMUl3WmpWUVptdENVRXBTVFJEZ0F4aUFCU2dLTWdhVlE1S05LUWM,"07/10/2025, 12:12 AM, +0000 UTC","Bitcoin price today: rises to new record high above $116,000"
188,,,90,Bitcoin Rally to $118K Wipes out Over $1 Billion in Short Bets,"{'name': 'Bitcoin.com News', 'icon': 'https://encrypted-tbn2.gstatic.com/faviconV2?url=https://news.bitcoin.com&client=NEWS_360&size=96&type=FAVICON&fallback_opts=TYPE,SIZE,URL', 'authors': ['Terence Zimwara']}",https://news.bitcoin.com/bitcoin-rally-to-118k-wipes-out-over-1-billion-in-short-bets/,,,"07/11/2025, 06:12 AM, +0000 UTC",Bitcoin Rally to $118K Wipes out Over $1 Billion in Short Bets
189,,,91,Crypto traders ‘starting to salivate’ as Bitcoin inches back toward $110K,"{'name': 'Cointelegraph', 'icon': 'https://encrypted-tbn1.gstatic.com/faviconV2?url=https://cointelegraph.com&client=NEWS_360&size=96&type=FAVICON&fallback_opts=TYPE,SIZE,URL', 'authors': ['Ciaran Lyons']}",https://cointelegraph.com/news/crypto-traders-bitcoin-bullish-comments-surge-hopes-110k-btc-price,"https://images.cointelegraph.com/cdn-cgi/image/format=auto,onerror=redirect,quality=90,width=1434/https://s3.cointelegraph.com/uploads/2025-07/0197ec7e-0628-7d70-a65b-a7c9bbaaec51",https://news.google.com/api/attachments/CC8iL0NnNVVVSFJaVDBaUGJucFJZVXhaVFJDM0FSaVRBaWdCTWdrQmdKS1lwT2locndF,"07/09/2025, 03:01 AM, +0000 UTC",Crypto traders ‘starting to salivate’ as Bitcoin inches back toward $110K
190,,,92,Dogecoin Price Prediction: Fib Extension Flashes $4 Target – How Quickly Can DOGE Get There?,"{'name': 'Cryptonews', 'icon': 'https://encrypted-tbn3.gstatic.com/faviconV2?url=https://cryptonews.com&client=NEWS_360&size=96&type=FAVICON&fallback_opts=TYPE,SIZE,URL', 'authors': ['Anas Hassan']}",https://cryptonews.com/news/dogecoin-price-prediction-fib-extension-flashes-4-target-how-quickly-can-doge-get-there/,https://cimg.co/wp-content/uploads/2025/07/11133405/1752240844-dogecoin-price-prediction.jpg,https://news.google.com/api/attachments/CC8iK0NnNW1jbmR3WDBaWVNIRmpSM0ZTVFJDN0F4aTBCU2dLTWdZWllvb0xxZ2M,"07/11/2025, 05:53 PM, +0000 UTC",Dogecoin Price Prediction: Fib Extension Flashes $4 Target – How Quickly Can DOGE Get There?
191,,,93,Bitcoin breaches $116K in fresh all-time high as markets roar,"{'name': 'TheStreet', 'icon': 'https://encrypted-tbn1.gstatic.com/faviconV2?url=https://www.thestreet.com&client=NEWS_360&size=96&type=FAVICON&fallback_opts=TYPE,SIZE,URL', 'authors': ['Mehab Qureshi']}",https://www.thestreet.com/crypto/markets/bitcoin-breaches-116k-in-fresh-all-time-high-as-markets-roar,https://www.thestreet.com/.image/t_share/MjE1MjY4NTA4NjkzNDQwMDE5/gettyimages-1318233663.jpg,https://news.google.com/api/attachments/CC8iMkNnNXhZbFppV0ZkWmJFWnlRMFJtVFJDM0FSaVRBaWdCTWdzQmNJS1ZyT1ZvdGdpWFZB,"07/10/2025, 09:27 PM, +0000 UTC",Bitcoin breaches $116K in fresh all-time high as markets roar
192,,,94,"BTC, XRP, ETH News: Bitcoin, XRP Anchored to 'Price Magnets' at $110K and $2.30 as Ether Looks Prone to Volatility","{'name': 'CoinDesk', 'icon': 'https://encrypted-tbn0.gstatic.com/faviconV2?url=https://www.coindesk.com&client=NEWS_360&size=96&type=FAVICON&fallback_opts=TYPE,SIZE,URL', 'authors': ['omkar godbole']}",https://www.coindesk.com/markets/2025/07/09/key-market-dynamic-keeps-bitcoin-xrp-anchored-to-usd110k-and-usd2-3-as-ether-looks-prone-to-volatility,https://cdn.sanity.io/images/s3y3vcno/production/50444400a1462f3020819559c90111270da13b4a-1280x853.jpg,https://news.google.com/api/attachments/CC8iK0NnNWhSekJuT1d4UmEzTkZMWFE0VFJERUF4aW1CU2dLTWdZQkVaTHZGQWc,"07/09/2025, 06:03 AM, +0000 UTC","Bitcoin BTC$117,901.61 and XRP XRP$2.8273 are trading sideways, which is likely being driven by a hidden force that's keeping both cryptocurrencies anchored to key price levels. 
However, the same hidden force might add to the ether (ETH) market volatility.
We are talking about market makers – entities tasked with creating liquidity in an exchange's order book. These entities are always on the opposite side of traders/investors and make money from the bid-ask spread, while constantly striving to maintain a price-neutral exposure. Their hedging strategies in futures/spot markets often add to or curb volatility in the market.
In BTC's case, options market makers are ""long gamma"" at strikes $108,000 and $110,000, according to Deribit-listed options activity tracked by Amberdata. The position indicates that market makers hold long options (calls and puts), which stand to benefit from potential volatility.
As such, market makers are likely trading against market movements – selling high and buying low – to maintain the direction-neutral book, effectively keeping BTC pinned in the $108,000-$110,000 range. BTC's price has mostly traded the said range this month, according to CoinDesk data.
A similar dynamic seems to be playing out in the XRP market, where a large positive market maker gamma build up is observed at the $2.30 strike price. That calls for maker makers to buy low and sell high around that level capping volatility.
Ethereum's native token ether, the second-largest cryptocurrency by market value, hit a high of $2,647 early today, the level last seen on June 16.
The move has pushed ether into a ""negative market maker gamma"" zone of $2,650-$3,500. When dealers hold negative gamma, they tend to trade in the direction of the market, exacerbating bullish/bearish moves.
In other words, their hedging activities could add to ether's bullish momentum, exacerbating volatility, assuming other things being equal.
Omkar Godbole is a Co-Managing Editor on CoinDesk's Markets team based in Mumbai, holds a masters degree in Finance and a Chartered Market Technician (CMT) member.  Omkar previously worked at FXStreet, writing research on currency markets and as fundamental analyst at currency and commodities desk at Mumbai-based brokerage houses. Omkar holds small amounts of bitcoin, ether, BitTorrent, tron and dot.
About
Contact
"
193,,,95,Asia Morning Briefing: BTC Smashes Through All-Time High With No Sell Pressure on the Horizon,"{'name': 'CoinDesk', 'icon': 'https://encrypted-tbn0.gstatic.com/faviconV2?url=https://www.coindesk.com&client=NEWS_360&size=96&type=FAVICON&fallback_opts=TYPE,SIZE,URL', 'authors': ['Sam Reynolds']}",https://www.coindesk.com/markets/2025/07/11/asia-morning-briefing-btc-smashes-through-all-time-high-with-no-sell-pressure-on-the-horizon,https://www.coindesk.com/_next/image?url=https%3A%2F%2Fcdn.sanity.io%2Fimages%2Fs3y3vcno%2Fproduction%2F4db5c0bc8b8aae035b5adf89a412b1452e75d50a-1280x853.jpg%3Fauto%3Dformat&w=3840&q=75,https://news.google.com/api/attachments/CC8iI0NnNXpaREp5U0d4UVZXbHVha05pVFJERUF4aW1CU2dLTWdB,"07/11/2025, 01:46 AM, +0000 UTC","Welcome to Asia Morning Briefing, a daily summary of top stories during U.S. hours and an overview of market moves and analysis. For a detailed overview of U.S. markets, see CoinDesk's Crypto Daybook Americas.Asia's trading day is starting with a bang as bitcoin BTC$117,901.61 breached its all-time high during the U.S. trading day, and is currently changing hands above $115,300, according to CoinDesk market data.
Bitcoin has experienced its share of rallies before, but on-chain data indicates that this time, things are different. Usually, when BTC has a rapid price appreciation, selling pressure increases accordingly. A new CryptoQuant report, however, shows that its HODLing season.
“Bitcoin selling pressure remains low despite the price reaching a fresh all-time high of $112.2K yesterday,” the firm wrote, adding that “a declining amount of Bitcoin flowing into exchanges indicates less selling pressure from new capital flows.”

BTC exchange inflows have dropped to just 18,000 BTC per day, the lowest level since April 2015.
That lack of sell pressure isn’t just limited to retail-sized wallets. The report shows that large holders, wallets sending 100 or more BTC, have also pulled back sharply.
“The daily amount of Bitcoin sent to exchanges in batches of 100 or more BTC has declined from 62K Bitcoin on November 26, 2024, to 7K BTC today,” CryptoQuant wrote.
Other major tokens show a similar trend. Ethereum ETH$3,002.81 inflows are down from 1.57 million ETH in February to just 584,000, a drop that coincided with an 87% rally since April.
Meanwhile, XRP whales have “remained on the sidelines,” with daily inflows falling 85% from 1.1 billion XRP in February to 169 million today.
Even smaller altcoins reflect the same behavior. Daily altcoin inflow transactions, a proxy for broad retail activity, are just 21,000, compared to 120,000 during market tops in March and December 2024. The report notes this reinforces “the prevailing low-pressure environment.”
For now, the data shows this is not a typical top.
It’s a breakout with no rush to exit.
HODLing season.
Bitcoin BTC$117,901.61 is now the sixth most valuable asset in the world, trading at $115,595 with a market capitalization of $2.298 trillion, having overtaken Alphabet (Google) and inching closer to Amazon at $2.359 trillion.
This milestone marks a return to territory BTC briefly held in May, when it surpassed Amazon with a $2.16 trillion valuation after rallying to a then-record high of $109,400. Though the market briefly consolidated lower, recent strength, driven by macro tailwinds and institutional demand, has pushed bitcoin even higher, rewriting the leaderboard once again.
One key driver behind this resurgence: spot bitcoin ETFs. After net outflows in February and March totaling over $4.3 billion, the market has rebounded strongly. May saw $5.23 billion in net inflows, followed by $4.6 billion in June and $1.18 billion so far in July. Cumulative net inflows now exceed $50 billion, according to SoSoValue.
With total ETF net assets approaching $140 billion, this institutional presence is no longer just a narrative, it’s reshaping market structure. The next psychological milestone? A clean flip of Amazon and a potential march toward Apple ($3.17T) and Microsoft ($3.72T).
BTC: Bitcoin surged past $116,000 on Thursday, setting a new all-time high and nearly doubling over the past year, while triggering $950 million in short liquidations, the largest single-day wipeout of bearish bets in 2025, according to CoinGlass.
ETH: Ethereum’s ETH surged to nearly $3,000, its highest in over four months, as strong ETF inflows, growing adoption in tokenization and corporate treasuries, with shifting market sentiment fueling a strong rally.
Gold: Gold is down about 4% from its June 13 high of $3,432.56, recently trading around $3,294.71, marking a modest pullback that some investors see as a buying opportunity amid forecasts that the metal could climb to $4,000 sooner than expected.
Nikkei 225: Asia-Pacific markets traded mixed Friday after President Trump announced 35% tariffs on Canada and signaled plans for broad 15–20% tariffs on most U.S. trade partners.
S&P 500: U.S. stocks closed at fresh record highs Thursday as Nvidia edged up and bitcoin surged, with the S&P 500 hitting 6,280.46 and the Nasdaq logging a second consecutive all-time high despite renewed tariff threats from President Trump.
Sam Reynolds is a senior reporter based in Asia. Sam was part of the CoinDesk team that won the 2023 Gerald Loeb award in the breaking news category for coverage of FTX's collapse. Prior to CoinDesk, he was a reporter with Blockworks and a semiconductor analyst with IDC. 
“AI Boost” indicates a generative text tool, typically an AI chatbot, contributed to the article. In each and every case, the article was edited, fact-checked and published by a human. Read more about CoinDesk's AI Policy.
About
Contact
"
194,,,96,"Bitcoin Price Prediction as BTC Surges Past Record Levels – $120,000 by Tomorrow?","{'name': 'Cryptonews', 'icon': 'https://encrypted-tbn3.gstatic.com/faviconV2?url=https://cryptonews.com&client=NEWS_360&size=96&type=FAVICON&fallback_opts=TYPE,SIZE,URL'}",https://cryptonews.com/news/bitcoin-price-prediction-as-btc-surges-past-record-levels-120000-by-tomorrow/,https://cimg.co/wp-content/uploads/2025/07/10173625/1752168985-stock-image_optimized-28.jpg,https://news.google.com/api/attachments/CC8iK0NnNVRXRFpoTFVsd05sZEljMEZvVFJDZkF4amtCU2dLTWdhbGM1Q01NUVk,"07/10/2025, 08:54 PM, +0000 UTC","Bitcoin Price Prediction as BTC Surges Past Record Levels – $120,000 by Tomorrow?"
195,,,97,Bitcoin Breaks Into New Price Territory: What Happens Next?,"{'name': 'Decrypt', 'icon': 'https://encrypted-tbn1.gstatic.com/faviconV2?url=https://decrypt.co&client=NEWS_360&size=96&type=FAVICON&fallback_opts=TYPE,SIZE,URL', 'authors': ['Jose Antonio Lanz Díaz']}",https://decrypt.co/329582/bitcoin-breaks-price-territory-what-happens-next,https://cdn.decrypt.co/resize/1024/height/512/wp-content/uploads/2025/07/Bitcoin-moon-price-decrypt-style-01-gID_7.png,https://news.google.com/api/attachments/CC8iK0NnNVRWRTVZVmw4elNYWkJkR1Z3VFJDSEF4aVBCaWdLTWdhcE5JcXVvUVU,"07/10/2025, 07:27 PM, +0000 UTC","Bitcoin Breaks Into New Price Territory: What Happens Next?
$118,014.00
$3,004.62
$2.84
$694.19
$164.35
$0.999951
$0.21089
$0.301287
$3,003.18
$0.739536
$46.77
$117,816.00
$3,620.71
$3.50
$0.381738
$15.77
$537.40
$21.30
$0.202003
$9.04
$3,218.30
$0.00001381
$3.00
$3,004.49
$97.09
$0.999859
$46.68
$0.999856
$4.06
$331.10
$118,022.00
$0.00001298
$1.001
$8.87
$4.52
$308.37
$0.491321
$399.31
$5.07
$0.103332
$2.61
$1.18
$5.54
$49.54
$0.921252
$199.83
$18.73
$1.00
$0.090333
$0.35075
$0.999821
$4.77
$0.02506363
$1.059
$0.238274
$0.625854
$0.420515
$10.27
$0.229284
$3.80
$16.39
$0.74829
$4.45
$1.099
$0.339535
$3,003.55
$2.66
$0.00002324
$0.082285
$117,817.00
$115.77
$1.70
$4.75
$174.46
$0.507486
$11.52
$0.999764
$0.02348739
$0.999509
$3,148.58
$2.03
$3,422.40
$1.001
$1.32
$4.54
$1.29
$12.88
$0.693614
$0.375322
$0.0172293
$0.073567
$0.772076
$1.79
$0.72345
$3,208.14
$3,156.62
$117,840.00
$1.00
$13.30
$1.025
$3,164.21
$0.999886
$0.100265
$0.525254
$0.00010114
$1.11
$117,668.00
$0.161183
$3,351.17
$693.80
$119,204.00
$0.650071
$3,244.88
$0.557261
$2.53
$0.999428
$184.79
$3,350.78
$0.823049
$214.88
$0.01777351
$0.871484
$2.85
$0.194567
$22.59
$0.0151779
$0.296894
$111.75
$10.74
$43.60
$2.01
$0.813481
$0.1206
$3,007.85
$0.00000172
$0.998244
$4.09
$46.76
$0.00000068
$0.251453
$3,207.57
$0.616474
$3,159.83
$1.088
$117,477.00
$0.387247
$117,704.00
$0.00916258
$3,005.43
$0.316439
$0.999146
$0.550663
$0.01715163
$0.059208
$0.997919
$0.417192
$0.565974
$0.559871
$1.74
$118,046.00
$1.56
$2.97
$0.685173
$0.151885
$0.210726
$46.74
$26.95
$0.999714
$3,005.13
$0.098194
$0.99968
$0.00488938
$0.0083033
$0.631205
$3,195.22
$1.00
$0.222299
$0.423499
$48.21
$1.20
$6.37
$0.999997
$1.43
$7.82
$0.00000045
$15.67
$0.062151
$0.313728
$0.366405
$3,319.15
$6.59
$0.171567
$0.059093
$0.00002133
$2.55
$0.00456672
$1.71
$1.094
$117,724.00
$0.999525
$0.154848
$0.04123796
$3,288.77
$0.556197
$1.00
$2,999.28
$0.082351
$0.379851
$3,004.36
$0.00722616
$0.38466
$0.999942
$1.25
$0.903335
$0.0367947
$3,000.10
$117,897.00
$0.00006479
$0.53634
$0.01840606
$179.58
$0.238228
$0.768437
$21.04
$128.71
$1.23
$3,626.58
$25.89
$11.30
$0.999871
$0.00384863
$0.770675
$0.319582
$0.00366516
$0.00458003
$0.99956
$21.31
$1.00
$0.999542
$0.671076
$0.03051934
$1.00
$117,362.00
$2,370.22
$3,142.14
$6.89
$0.114586
$1.02
Bitcoin, the crypto market's flagship asset, is painting a compelling breakout story, decisively conquering two major trading barriers that were standing in the way of a short-term bull run. And with BTC once again breaking price records and firmly above the $112,000 resistance level, what should traders expect next?
First, some context: With the S&P 500 and Nasdaq Composite closing at record highs for the third time in four sessions and gold futures trading at $3,370 an ounce, risk assets across the board are catching a bid as the Federal Reserve maintains its patient stance on monetary policy.
Bitcoin's momentum also coincides with blowout U.S. jobs data, with non-farm payrolls growing 147,000 in June versus forecasts of 110,000. While strong employment data initially sent Bitcoin below $109,000 on rate hike fears, the market quickly absorbed the selling and pushed to new local highs.
Institutional adoption continues as the primary narrative driver. July has already seen Bitcoin ETFs pushing cumulative flows to over $50 billion. This persistent institutional bid provides crucial support during any pullbacks and validates Bitcoin's evolution from speculative asset to portfolio allocation.
The convergence of technical breakouts and institutional accumulation has traders wondering what comes next as Bitcoin has seemingly now crossed the final hurdle on its path into uncharted territory.
Bitcoin charts: Double breakout targets final resistance
Bitcoin's surge to $113K marks new all-time high territory and is a decisive technical breakout from two constraining patterns that have capped price action for weeks.
The 4-hour chart reveals a clean break above a symmetrical triangle formation, while the daily timeframe shows less bullish momentum with smaller movements.
This is expected in this kind of pattern, but such a long candlestick leaves little room for doubt. The breakout confirmation is clear—enough to turn almost all the key indicators to bullish in intraday timeframes.
On the four-hour charts, the Average Directional Index, or ADX, is at 27. This typically confirms a trending market. ADX measures trend strength, regardless of direction, and when it crosses above 25, it signals to momentum traders that a sustainable trend is forming, often triggering systematic buying from trend-following strategies.
However, the Relative Strength Index, or RSI, at 75 shows Bitcoin in overbought territory. Think of RSI as temperature gauge of the market. When it gets too hot, it signals to traders that it may headed for a cool down. In this case, it could point to a need for a correction sometime soon after such a big spike. That said, Bitcoin has seen higher RSI levels while keeping its bullish momentum.
The Squeeze Momentum indicator on the daily chart shows ""off"" status, indicating volatility has already been released from the recent compression—as expected from prior analysis. This suggests the initial breakout move has played out, and traders should prepare for either continuation or consolidation at these levels.
Overall, prices are showing bullish signals. Although a continuation of the bullish trend is likely, a correction would not seem dangerous for the trend as the correction candlesticks have closed with minor movements in general.
The daily chart also presents a bullish structure with several confirming signals with Bitcoin escaping a descending bearish channel that has contained prices since the May highs (the yellow lines on the chart above).
There now appears to be a bullish support in formation (the white line in the chart above) using the daily lows from April’s pullback and late June as reference points. If this is confirmed, Bitcoin could be bouncing around this support, maintaining its bullish momentum with 110K becoming a new support by the end of the month.
On the daily charts, the RSI at 67 indicates healthy momentum without approaching overbought territory above 70—suggesting room for further upside. This reading tells traders that buying pressure remains strong but hasn't reached extreme levels that typically precede corrections.
The ADX at 12 on the daily chart shows the trend is still developing and there is still not enough dominance to call it a defined pattern as shorter term charts often contain a lot of noise. While below the crucial 25 threshold that confirms strong directional movement, this low reading after a breakout often indicates the calm before acceleration. Traders interpret this as accumulation before the next impulsive move higher.
Moving average analysis reveals Bitcoin trading well above both the 50-period and 200-period EMAs on multiple timeframes. The expanding gap between these averages—known as moving average divergence—typically indicates strong trending conditions and acts as dynamic support during pullbacks.
Key Levels:
The convergence of technical breakouts, institutional flows, and supportive macro conditions position Bitcoin for a potential continuation of the bullish trend past the all-time high resistance. However, traders with a proclivity for technical analysis should monitor the daily ADX for a move above 25 to confirm trend strength, while watching for any RSI divergences on failed attempts at new highs.
Traders on Myriad, a prediction market developed by Decrypt's parent company Dastan, are decidedly bullish on the upward trend. Myriad users now place the odds of Bitcoin never dropping below $100K throughout the month of July at 81%. It's a near-lock, at 90%, that Bitcoin holds above $109,000 by the end of week, with the odds rising by a whopping 40% overnight.
Likewise, Myriad users are now more certain than ever that BTC hits $115K well before it drops back down to $95K, the odds rising from 69% to 87% over the last day.
Zooming out, July could still prove volatile for Bitcoin, with Trump administration policies including the ""Big Beautiful Bill"" potentially widening the U.S. deficit by $3.3 trillion—historically bullish for scarce assets like BTC. Additionally, the July 22 deadline for the White House’s report on crypto executive orders, with potential updates on the U.S. Strategic Bitcoin Reserve, looms as a wildcard catalyst.
Disclaimer
The views and opinions expressed by the author are for informational purposes only and do not constitute financial, investment, or other advice.
Your gateway into the world of Web3
The latest news, articles, and resources, sent to your inbox weekly.
© A next-generation media company. 2025 Decrypt Media, Inc.
"
196,,,98,Bitcoin's 'Low Volatility' Rally From $70K to $118K: A Tale of Transition From Wild West to Wall Street-Like Dynamics,"{'name': 'CoinDesk', 'icon': 'https://encrypted-tbn0.gstatic.com/faviconV2?url=https://www.coindesk.com&client=NEWS_360&size=96&type=FAVICON&fallback_opts=TYPE,SIZE,URL', 'authors': ['omkar godbole']}",https://www.coindesk.com/markets/2025/07/11/bitcoin-s-record-rally-from-usd70k-to-usd118k-a-tale-of-transition-from-wild-west-to-wall-street-like-dynamics,https://cdn.sanity.io/images/s3y3vcno/production/36cbbb40e8fd0e8ec2ec054719885db7499e2c6b-1280x853.jpg,https://news.google.com/api/attachments/CC8iK0NnNVpYMk5tVDE5WE9IRkVSV2RSVFJERUF4aW1CU2dLTWdZbGhZck50UVU,"07/11/2025, 06:33 AM, +0000 UTC","Bitcoin's (BTC) bull runs have evolved. Gone are the days of adrenaline-pumping rallies marked by wild price swings that kept traders awake night after night in fear of sudden whipsaws and liquidations of leveraged bets. Now, prices climb steadily, much like the boring bull runs in stock markets.
For example, from November last year, bitcoin's price surged from around $70,000 to a record-high over $118,000 as of writing — a 68% rally. This ascent has been accompanied by a consistent decline in both realized and expected volatility, indicating a break from the usual positive correlation seen between spot prices and volatility in the past.
The shift aligns bitcoin with Wall Street, where the VIX index, often called the fear gauge, measuring the 30-day IV, tends to decline during bull markets.
Cole Kennelly, founder and CEO of Volmex Labs, explained to CoinDesk that bitcoin's record highs amid declining implied volatility suggest shift away from the usual positive correlation and a move toward traditional financial market behavior as the crypto landscape matures.
""As observed with the VIX index, spot prices and the BVIV Index may be becoming more negatively correlated, much like the relationship seen with the VIX,"" he noted.
The era of positive correlation between spot prices and volatility appears to have ended, primarily driven by institutional adoption. Key volatility indicators have started to decouple from the rising bitcoin price, marking a sign of market maturity.
In late 2024, Volmex Finance's BVIV – measuring the annualized 30-day implied volatility from bitcoin options – stayed between 60% and 70% as bitcoin climbed from $70,000 to $100,000. But since January, the index has been trending downward, reaching around 40% at the time of writing, its lowest level since October 2023. 
This contrasts sharply with earlier surges, like the spike from 43% to 85% during bitcoin's rally from about $43,000 to $73,000 in early 2024.
Crypto options exchange Deribit's DVOL, which also represents the 30-day implied volatility, saw a similar positive correlation with BTC's since early 2023. However, not anymore, and the change is due to the influx of sophisticated players in the market, according to Pulkit Goyal, Head of Trading at Orbit Markets, an institutional liquidity provider for crypto options.
""The breakdown in the spot-vol correlation makes sense when you look at the nature of this rally. Unlike past parabolic surges, this move has been a steady grind higher, orderly and largely driven by institutional flows rather than retail. So while spot is higher, realized volatility hasn’t picked up in the same way, which keeps implied vol suppressed,"" Goyal told CoinDesk.
Data from TradingView confirms this, showing bitcoin's 30-day realized volatility dropping from a high of 85% in early 2024 to around 28% over the past three months—significantly lower and remaining below the 70% mark. Realized volatility reflects actual past price movements, which have been notably subdued lately.
Greg Magadini, Director of Derivatives at Amberdata, attributes it to institutional strategies like writing covered calls to generate additional yield on bitcoin holdings or bitcoin-linked ETFs such as BlackRock's IBIT. 
""There are two themes for lower volatility overall: 1) BTC as a maturing asset (and growing market cap) now has more liquidity and requires more money to move prices around, 2) Institutional investors have now been able to trade IBIT options for the past 6 months...,"" Magadini told CoinDesk.
Options – derivative contracts used for hedging – play a key role here. A call option provides asymmetric bullish exposure, while a put option protects against downside risks in the underlying asset. The demand for options influences implied volatility.
When institutions sell high-strike out-of-the-money calls against their spot holdings, it exerts downward pressure on implied volatility. This yield-generation approach has become increasingly popular in crypto markets over recent years. 
""This shift in spot-volatility correlation is driven by structural volatility sellers at the long end of the curve, specifically bitcoin treasury vehicles, which have proliferated in recent months,"" Kennelly said.
Market makers and dealers also contribute to lower volatility. These entities typically aim to maintain delta-neutral positions by balancing bets across futures and spot markets. According to Goyal, the selling of covered calls by miners and institutions to generate additional yield leaves market makers with a long vega exposure that stands to benefit from a rise in volatility. To hedge back to a neutral exposure, market makers sell volatility, depressing implied volatility even as prices climb. 
""Long-term holders like miners often sell covered calls or similar yield-enhancing structured products to earn yields. Dealers accumulate these, ending up with long vega risk. As spot prices rise, dealers derive even longer vega risk; they hedge it by selling volatility, effectively putting downward pressure on implied vols. This dynamic supply of vol from dealers can cap or even invert the typical spot-vol dynamic, leading to lower implied volatility even as spot rallies,"" Goyal explained.
Looking ahead, this pattern of rising prices accompanied by low volatility may persist, supported by macroeconomic factors such as a weakening U.S. dollar and expectations of rate cuts. However, any unexpected event—like a sudden market panic—could cause bitcoin’s volatility to spike sharply, much like what happens in equity markets.
Philip Gillespie, managing partner at AWR Capital, summed it up: ""The macro backdrop is supportive of risk, with the dollar weakening and asset prices rising. Minor dips are minimized as buyers keep lining up, leading to less volatility as bitcoin nears all-time highs. But if something triggers a sudden move, volatility could spike abruptly."" 
Until then, the market appears to be chugging along in a slow, steady ascent, essentially a 'slow-moving train' driven by macro trends rather than frantic speculation, Gillespie added. 
Disclaimer: Parts of this article were generated with the assistance from AI tools and reviewed by our editorial team to ensure accuracy and adherence to our standards. For more information, see CoinDesk's full AI Policy.
Omkar Godbole is a Co-Managing Editor on CoinDesk's Markets team based in Mumbai, holds a masters degree in Finance and a Chartered Market Technician (CMT) member.  Omkar previously worked at FXStreet, writing research on currency markets and as fundamental analyst at currency and commodities desk at Mumbai-based brokerage houses. Omkar holds small amounts of bitcoin, ether, BitTorrent, tron and dot.
“AI Boost” indicates a generative text tool, typically an AI chatbot, contributed to the article. In each and every case, the article was edited, fact-checked and published by a human. Read more about CoinDesk's AI Policy.
About
Contact
"
197,,,99,Peter Schiff Urges Selling Bitcoin for Silver as BTC Hits Record Highs,"{'name': 'CryptoRank', 'icon': 'https://encrypted-tbn2.gstatic.com/faviconV2?url=https://cryptorank.io&client=NEWS_360&size=96&type=FAVICON&fallback_opts=TYPE,SIZE,URL', 'authors': ['Vignesh Karunanidhi']}",https://cryptorank.io/news/feed/9fd1c-peter-schiff-urges-selling-bitcoin-for-silver-as-btc-hits-record-highs,https://coinedition.com/wp-content/uploads/2025/07/Peter-Schiff-Urges-Investors-to-Sell-Bitcoin-and-Buy-Silver.jpg,https://news.google.com/api/attachments/CC8iK0NnNWZRbEJhZVhGQ2EzUmZTWHBVVFJDYkF4amFCU2dLTWdZUllwU3VvUWc,"07/11/2025, 03:00 PM, +0000 UTC","Coins
Top 100 Coins
Trending Cryptos
Performance
Recently Listed
Gainers
All Categories
All Time High
Blockchains
Global Market Data
Ecosystems
Fundraising
Funding Rounds
Funds
Analytics Dashboard
 IDO/ICO
 IDO/ICO
IDO Launchpad ROI
Launchpads
CEX Launchpad ROI
Launchpool
Analytics Dashboard
Node Sale
Exchanges
Spot
Derivatives
DEX
Exchange Tokens
CEX Transparency
ETH Bridge
Token Unlocks
Token Unlocks
Analytics
VC Pressure
Products
Research
Rewards
Maps
Drop Hunting
Alerts
Converter
Widgets
Market Data API
Futures and Options
Affiliate Program
Watchlist
Portfolio
Economist Peter Schiff has advocated selling Bitcoin positions to purchase silver as the cryptocurrency reaches new highs. His recommendation comes as silver trades above $37 with nearly 2% daily gains, positioning the precious metal for what he anticipates will be a larger advance than Bitcoin’s continued rise.
With Bitcoin hitting new highs today (in dollars), it's a great time to sell some and buy silver ahead of silver's next big leg up. Even if Bitcoin keeps rising for a while, silver should rise much more. And while Bitcoin can easily crash, silver's downside seems very limited.
Schiff argues that silver’s upside potential exceeds Bitcoin’s future gains while offering limited downside risk compared to cryptocurrency volatility. The economist positions current Bitcoin highs as optimal selling opportunities to reallocate capital toward…
The post Peter Schiff Urges Selling Bitcoin for Silver as BTC Hits Record Highs appeared first on Coin Edition.
Read More
Economist Peter Schiff has advocated selling Bitcoin positions to purchase silver as the cryptocurrency reaches new highs. His recommendation comes as silver trades above $37 with nearly 2% daily gains, positioning the precious metal for what he anticipates will be a larger advance than Bitcoin’s continued rise.
With Bitcoin hitting new highs today (in dollars), it's a great time to sell some and buy silver ahead of silver's next big leg up. Even if Bitcoin keeps rising for a while, silver should rise much more. And while Bitcoin can easily crash, silver's downside seems very limited.
Schiff argues that silver’s upside potential exceeds Bitcoin’s future gains while offering limited downside risk compared to cryptocurrency volatility. The economist positions current Bitcoin highs as optimal selling opportunities to reallocate capital toward…
The post Peter Schiff Urges Selling Bitcoin for Silver as BTC Hits Record Highs appeared first on Coin Edition.
Read More
Upgrade
"
198,,,100,$5B in Bitcoin and Ethereum Options Set to Expire: Market Turbulence Ahead?,"{'name': 'Cointribune', 'icon': 'https://encrypted-tbn0.gstatic.com/faviconV2?url=https://www.cointribune.com&client=NEWS_360&size=96&type=FAVICON&fallback_opts=TYPE,SIZE,URL', 'authors': ['Leanea Fenelon']}",https://www.cointribune.com/en/more-than-5-billion-in-bitcoin-and-ethereum-options-expire-today/,https://www.cointribune.com/app/uploads/2025/07/bitcoin-ethereum-options.png,https://news.google.com/api/attachments/CC8iK0NnNVlXbUpRYlZabFJVOWpiamxSVFJERUF4aW1CU2dLTWdZaFJKYUxvUWc,"07/11/2025, 02:20 PM, +0000 UTC","
New Read to Earn quest available!

Home » News » Crypto News
Crypto markets are gearing up for a decisive day with the simultaneous expiration of over 5 billion dollars in Bitcoin and Ethereum options. This massive deadline comes as Bitcoin crosses new all-time highs beyond 118,000 dollars. But what do these data reveal about investors’ mindset and what movements should be anticipated?
The latest data released by Deribit paint an impressive picture: 4.3 billion dollars in Bitcoin options and 712 million dollars in Ethereum options expire this Friday. This volume far exceeds the one recorded on July 4, which amounted to 3.6 billion dollars.
For Bitcoin, 36,970 contracts expire, with a Put-to-Call ratio of 1.06, indicating a fragile balance between bearish and bullish positions.
The maximum pain level – that is, the price around which losses are greatest for options holders — is set at 108,000 dollars. It is at this threshold that the majority of contracts will expire worthless.
Ethereum is not left out, with 239,926 contracts expiring and a slightly higher Put-to-Call ratio of 1.11. Its maximum pain point is estimated at 2,600 dollars, a level well below its current price, near 2,970 dollars.
This setup reflects palpable tension in the markets. Traders oscillate between the euphoria generated by recent highs and caution in the face of a potential technical correction.
According to the maximum pain theory, prices may tend to gravitate toward these critical levels as expiration approaches.
This expiration comes as Bitcoin trades above 118,000 dollars, reaching a new all-time record. Ethereum, for its part, continues its rally at 2,978 dollars, up 8% in 24 hours, after a peak above 3,000 dollars.
These levels, well above maximum pain thresholds, increase the pressure on open positions.
According to Greeks.live, no clear consensus emerges on market direction. Operators seem to react more to immediate news than to technical or fundamental signals, making price movements particularly unpredictable.
More concerning still: the rise of extreme leveraged strategies, reaching up to 500x. A risk-taking that some analysts call “suicidal.” These positions greatly amplify volatility and can trigger cascading liquidations in case of a sharp reversal.
Currently, Bitcoin trades around 118,300 dollars, well above its critical threshold. This could exert short-term downward pressure, as market makers have every interest in bringing prices back toward maximum pain levels.
However, the strength of fundamentals, notably institutional accumulation, could contain any sharp correction.
Ethereum, on its side, shows impressive resilience. Its bullish momentum could continue, driven by the rise of tokenization. According to Token Terminal, more than 6 billion dollars of real assets are now tokenized on its blockchain, solidifying its status as a reference infrastructure in decentralized finance.
In summary, this Friday’s expiration is part of a maturation phase in the crypto market. While some projections point to a Bitcoin at 130,000 dollars, this expiration may represent only a technical pause in an overall bullish trend. Experienced traders will be well advised to closely watch the first post-expiration signals to anticipate potential weekend moves.
Maximize your Cointribune experience with our ""Read to Earn"" program! For every article you read, earn points and access exclusive rewards. Sign up now and start earning benefits.
Passionné par le Bitcoin, j'aime explorer les méandres de la blockchain et des cryptos et je partage mes découvertes avec la communauté. Mon rêve est de vivre dans un monde où la vie privée et la liberté financière sont garanties pour tous, et je crois fermement que Bitcoin est l'outil qui peut rendre cela possible.
The views, thoughts, and opinions expressed in this article belong solely to the author, and should not be taken as investment advice. Do your own research before taking any investment decisions.
Receive the latest and best crypto news directly to your inbox
in daily, weekly, or special format, to stay updated at your own pace
Receive the latest and best crypto news directly to your inbox
in daily, weekly, or special format, to stay updated at your own pace
"
